entry,title,group,column,unit,family,n_real,n_vendor_ixo,n_vendor_eds,n_total,observed_min,observed_p05,observed_median,observed_p95,observed_max,observed_sd,limit_low,limit_high,basis,data_origin
cc:action_op,Repeat / inconclusive / invalid rate by operator (funnel),operator,operator,,all sources,1,0,0,1,,,,,,,,,categorical — allowed values: PERSON-001 (1),measured in the corpus
cc:action_op,Repeat / inconclusive / invalid rate by operator (funnel),operator,n,,all sources,1,0,0,1,,,,,,,,,categorical — allowed values: 39 (1),measured in the corpus
cc:action_op,Repeat / inconclusive / invalid rate by operator (funnel),operator,bad,,all sources,1,0,0,1,,,,,,,,,categorical — allowed values: 9 (1),measured in the corpus
cc:action_op,Repeat / inconclusive / invalid rate by operator (funnel),operator,rate,,all sources,1,0,0,1,,,,,,,,,categorical — allowed values: 0.23076923076923078 (1),measured in the corpus
cc:action_op,Repeat / inconclusive / invalid rate by operator (funnel),operator,limit95,,all sources,1,0,0,1,,,,,,,,,categorical — allowed values: 0.3630025936801367 (1),measured in the corpus
cc:action_op,Repeat / inconclusive / invalid rate by operator (funnel),operator,limit998,,all sources,1,0,0,1,,,,,,,,,categorical — allowed values: 0.4392391753583631 (1),measured in the corpus
cc:action_op,Repeat / inconclusive / invalid rate by operator (funnel),operator,flags,,all sources,1,0,0,1,,,,,,,,,categorical — allowed values: ,measured in the corpus
cc:bg_median,Background fluorescence per channel,hardware,experiment,,all sources,3,1,3,7,,,,,,,,,categorical — allowed values: RUN-001 (1); RUN-002 (1); RUN-003 (1); RUN-004 (1); RUN-005 (1); RUN-006 (1),measured in the corpus
cc:bg_median,Background fluorescence per channel,hardware,date,,all sources,3,1,3,7,,,,,,,,,categorical — allowed values: 2021-10-04 10:57 (1); 2022-09-29 10:31 (1); 2025-03-18 11:44 (1); 2007-08-24 10:55 (1); 2015-04-08 00:32 (1); 2015-04-09 07:49 (1),measured in the corpus
cc:bg_median,Background fluorescence per channel,hardware,operator,,all sources,3,1,3,7,,,,,,,,,categorical — allowed values: ,measured in the corpus
cc:bg_median,Background fluorescence per channel,hardware,value,fluorescence,LightCycler-format (.ixo),3,1,0,4,1427.32195,1430.24616,1586.19784,1960.7039,2002.19653,234.85242,1427.32195,2002.19653,measured on only 4 values: observed range,measured in the corpus
cc:bg_median,Background fluorescence per channel,hardware,value,fluorescence,QuantStudio-format (.eds),0,0,3,3,0.72242,0.74211,0.91935,1.10469,1.12528,0.16448,0.72242,1.12528,measured on only 3 values: observed range,measured in the corpus
cc:bg_median,Background fluorescence per channel,hardware,centre,,all sources,3,1,3,7,,,,,,,,,categorical — allowed values: nan (7),measured in the corpus
cc:bg_median,Background fluorescence per channel,hardware,ucl,,all sources,3,1,3,7,,,,,,,,,categorical — allowed values: nan (7),measured in the corpus
cc:bg_median,Background fluorescence per channel,hardware,lcl,,all sources,3,1,3,7,,,,,,,,,categorical — allowed values: nan (7),measured in the corpus
cc:bg_median,Background fluorescence per channel,hardware,s,,all sources,3,1,3,7,,,,,,,,,categorical — allowed values: ,measured in the corpus
cc:bg_median,Background fluorescence per channel,hardware,direction,,all sources,3,1,3,7,,,,,,,,,categorical — allowed values: ,measured in the corpus
cc:bg_median,Background fluorescence per channel,hardware,signal,,all sources,3,1,3,7,,,,,,,,,categorical — allowed values: ,measured in the corpus
cc:bg_median,Background fluorescence per channel,hardware,plotted_lower,,all sources,3,1,3,7,,,,,,,,,categorical — allowed values: ,measured in the corpus
cc:bg_median,Background fluorescence per channel,hardware,signal_side,,all sources,3,1,3,7,,,,,,,,,categorical — allowed values: ,measured in the corpus
cc:bg_median,Background fluorescence per channel,hardware,extract,,all sources,3,1,3,7,,,,,,,,,categorical — allowed values: ,measured in the corpus
cc:bg_median,Background fluorescence per channel,hardware,flags,,all sources,3,1,3,7,,,,,,,,,categorical — allowed values: ,measured in the corpus
cc:bg_median,Background fluorescence per channel,hardware,baseline,,all sources,3,1,3,7,,,,,,,,,categorical — allowed values: ,measured in the corpus
cc:bg_median,Background fluorescence per channel,hardware,chart,,all sources,3,1,3,7,,,,,,,,,categorical — allowed values: A-H3 (7),measured in the corpus
cc:bg_median,Background fluorescence per channel,hardware,type,,all sources,3,1,3,7,,,,,,,,,categorical — allowed values: i (7),measured in the corpus
cc:bg_median,Background fluorescence per channel,hardware,variant,,all sources,3,1,3,7,,,,,,,,,categorical — allowed values: 465-510 (4); x1-m1 (3),measured in the corpus
cc:bg_median,Background fluorescence per channel,hardware,sop_sha256,,all sources,3,1,3,7,,,,,,,,,categorical — allowed values: 169e44a34f56120586941c7d64192a424c12ce217540a21e4907a7505d02f511 (7),measured in the corpus
cc:calib_background,Background calibration: mean offset,hardware,experiment,,all sources,0,0,3,3,,,,,,,,,categorical — allowed values: RUN-005 (1); RUN-006 (1); RUN-007 (1),measured in the corpus
cc:calib_background,Background calibration: mean offset,hardware,date,,all sources,0,0,3,3,,,,,,,,,categorical — allowed values: 2015-04-08 00:32 (1); 2015-04-09 07:49 (1); 2015-04-10 07:22 (1),measured in the corpus
cc:calib_background,Background calibration: mean offset,hardware,operator,,all sources,0,0,3,3,,,,,,,,,categorical — allowed values: ,measured in the corpus
cc:calib_background,Background calibration: mean offset,hardware,value,,all sources,0,0,3,3,,,,,,,,,categorical — allowed values: 2586.5880208395843 (3),measured in the corpus
cc:calib_background,Background calibration: mean offset,hardware,value,counts,QuantStudio-format (.eds),0,0,3,3,2586.58802,2586.58802,2586.58802,2586.58802,2586.58802,0.0,2586.58802,2586.58802,"measured, every value identical across 3 readings",measured in the corpus
cc:calib_background,Background calibration: mean offset,hardware,centre,,all sources,0,0,3,3,,,,,,,,,categorical — allowed values: nan (3),measured in the corpus
cc:calib_background,Background calibration: mean offset,hardware,ucl,,all sources,0,0,3,3,,,,,,,,,categorical — allowed values: nan (3),measured in the corpus
cc:calib_background,Background calibration: mean offset,hardware,lcl,,all sources,0,0,3,3,,,,,,,,,categorical — allowed values: nan (3),measured in the corpus
cc:calib_background,Background calibration: mean offset,hardware,s,,all sources,0,0,3,3,,,,,,,,,categorical — allowed values: ,measured in the corpus
cc:calib_background,Background calibration: mean offset,hardware,direction,,all sources,0,0,3,3,,,,,,,,,categorical — allowed values: ,measured in the corpus
cc:calib_background,Background calibration: mean offset,hardware,signal,,all sources,0,0,3,3,,,,,,,,,categorical — allowed values: ,measured in the corpus
cc:calib_background,Background calibration: mean offset,hardware,plotted_lower,,all sources,0,0,3,3,,,,,,,,,categorical — allowed values: ,measured in the corpus
cc:calib_background,Background calibration: mean offset,hardware,signal_side,,all sources,0,0,3,3,,,,,,,,,categorical — allowed values: ,measured in the corpus
cc:calib_background,Background calibration: mean offset,hardware,extract,,all sources,0,0,3,3,,,,,,,,,categorical — allowed values: ,measured in the corpus
cc:calib_background,Background calibration: mean offset,hardware,flags,,all sources,0,0,3,3,,,,,,,,,categorical — allowed values: ,measured in the corpus
cc:calib_background,Background calibration: mean offset,hardware,baseline,,all sources,0,0,3,3,,,,,,,,,categorical — allowed values: ,measured in the corpus
cc:calib_background,Background calibration: mean offset,hardware,chart,,all sources,0,0,3,3,,,,,,,,,categorical — allowed values: B-H13b (3),measured in the corpus
cc:calib_background,Background calibration: mean offset,hardware,type,,all sources,0,0,3,3,,,,,,,,,categorical — allowed values: i (3),measured in the corpus
cc:calib_background,Background calibration: mean offset,hardware,variant,,all sources,0,0,3,3,,,,,,,,,categorical — allowed values: ,measured in the corpus
cc:calib_background,Background calibration: mean offset,hardware,sop_sha256,,all sources,0,0,3,3,,,,,,,,,categorical — allowed values: 169e44a34f56120586941c7d64192a424c12ce217540a21e4907a7505d02f511 (3),measured in the corpus
cc:calib_roi,Well-position (ROI) calibration: spot diameter,hardware,experiment,,all sources,0,0,3,3,,,,,,,,,categorical — allowed values: RUN-005 (1); RUN-006 (1); RUN-007 (1),measured in the corpus
cc:calib_roi,Well-position (ROI) calibration: spot diameter,hardware,date,,all sources,0,0,3,3,,,,,,,,,categorical — allowed values: 2015-04-08 00:32 (1); 2015-04-09 07:49 (1); 2015-04-10 07:22 (1),measured in the corpus
cc:calib_roi,Well-position (ROI) calibration: spot diameter,hardware,operator,,all sources,0,0,3,3,,,,,,,,,categorical — allowed values: ,measured in the corpus
cc:calib_roi,Well-position (ROI) calibration: spot diameter,hardware,value,,all sources,0,0,3,3,,,,,,,,,categorical — allowed values: 35.46573513333333 (3),measured in the corpus
cc:calib_roi,Well-position (ROI) calibration: spot diameter,hardware,value,pixels,QuantStudio-format (.eds),0,0,3,3,35.46574,35.46574,35.46574,35.46574,35.46574,0.0,35.46574,35.46574,"measured, every value identical across 3 readings",measured in the corpus
cc:calib_roi,Well-position (ROI) calibration: spot diameter,hardware,centre,,all sources,0,0,3,3,,,,,,,,,categorical — allowed values: nan (3),measured in the corpus
cc:calib_roi,Well-position (ROI) calibration: spot diameter,hardware,ucl,,all sources,0,0,3,3,,,,,,,,,categorical — allowed values: nan (3),measured in the corpus
cc:calib_roi,Well-position (ROI) calibration: spot diameter,hardware,lcl,,all sources,0,0,3,3,,,,,,,,,categorical — allowed values: nan (3),measured in the corpus
cc:calib_roi,Well-position (ROI) calibration: spot diameter,hardware,s,,all sources,0,0,3,3,,,,,,,,,categorical — allowed values: ,measured in the corpus
cc:calib_roi,Well-position (ROI) calibration: spot diameter,hardware,direction,,all sources,0,0,3,3,,,,,,,,,categorical — allowed values: ,measured in the corpus
cc:calib_roi,Well-position (ROI) calibration: spot diameter,hardware,signal,,all sources,0,0,3,3,,,,,,,,,categorical — allowed values: ,measured in the corpus
cc:calib_roi,Well-position (ROI) calibration: spot diameter,hardware,plotted_lower,,all sources,0,0,3,3,,,,,,,,,categorical — allowed values: ,measured in the corpus
cc:calib_roi,Well-position (ROI) calibration: spot diameter,hardware,signal_side,,all sources,0,0,3,3,,,,,,,,,categorical — allowed values: ,measured in the corpus
cc:calib_roi,Well-position (ROI) calibration: spot diameter,hardware,extract,,all sources,0,0,3,3,,,,,,,,,categorical — allowed values: ,measured in the corpus
cc:calib_roi,Well-position (ROI) calibration: spot diameter,hardware,flags,,all sources,0,0,3,3,,,,,,,,,categorical — allowed values: ,measured in the corpus
cc:calib_roi,Well-position (ROI) calibration: spot diameter,hardware,baseline,,all sources,0,0,3,3,,,,,,,,,categorical — allowed values: ,measured in the corpus
cc:calib_roi,Well-position (ROI) calibration: spot diameter,hardware,chart,,all sources,0,0,3,3,,,,,,,,,categorical — allowed values: B-H13c (3),measured in the corpus
cc:calib_roi,Well-position (ROI) calibration: spot diameter,hardware,type,,all sources,0,0,3,3,,,,,,,,,categorical — allowed values: i (3),measured in the corpus
cc:calib_roi,Well-position (ROI) calibration: spot diameter,hardware,variant,,all sources,0,0,3,3,,,,,,,,,categorical — allowed values: ,measured in the corpus
cc:calib_roi,Well-position (ROI) calibration: spot diameter,hardware,sop_sha256,,all sources,0,0,3,3,,,,,,,,,categorical — allowed values: 169e44a34f56120586941c7d64192a424c12ce217540a21e4907a7505d02f511 (3),measured in the corpus
cc:calib_uniformity,Uniformity calibration: edge-to-centre ratio,hardware,experiment,,all sources,0,0,3,3,,,,,,,,,categorical — allowed values: RUN-005 (1); RUN-006 (1); RUN-007 (1),measured in the corpus
cc:calib_uniformity,Uniformity calibration: edge-to-centre ratio,hardware,date,,all sources,0,0,3,3,,,,,,,,,categorical — allowed values: 2015-04-08 00:32 (1); 2015-04-09 07:49 (1); 2015-04-10 07:22 (1),measured in the corpus
cc:calib_uniformity,Uniformity calibration: edge-to-centre ratio,hardware,operator,,all sources,0,0,3,3,,,,,,,,,categorical — allowed values: ,measured in the corpus
cc:calib_uniformity,Uniformity calibration: edge-to-centre ratio,hardware,value,,all sources,0,0,3,3,,,,,,,,,categorical — allowed values: 1.147489131400913 (3),measured in the corpus
cc:calib_uniformity,Uniformity calibration: edge-to-centre ratio,hardware,value,edge / centre,QuantStudio-format (.eds),0,0,3,3,1.14749,1.14749,1.14749,1.14749,1.14749,0.0,1.14749,1.14749,"measured, every value identical across 3 readings",measured in the corpus
cc:calib_uniformity,Uniformity calibration: edge-to-centre ratio,hardware,centre,,all sources,0,0,3,3,,,,,,,,,categorical — allowed values: nan (3),measured in the corpus
cc:calib_uniformity,Uniformity calibration: edge-to-centre ratio,hardware,ucl,,all sources,0,0,3,3,,,,,,,,,categorical — allowed values: nan (3),measured in the corpus
cc:calib_uniformity,Uniformity calibration: edge-to-centre ratio,hardware,lcl,,all sources,0,0,3,3,,,,,,,,,categorical — allowed values: nan (3),measured in the corpus
cc:calib_uniformity,Uniformity calibration: edge-to-centre ratio,hardware,s,,all sources,0,0,3,3,,,,,,,,,categorical — allowed values: ,measured in the corpus
cc:calib_uniformity,Uniformity calibration: edge-to-centre ratio,hardware,direction,,all sources,0,0,3,3,,,,,,,,,categorical — allowed values: ,measured in the corpus
cc:calib_uniformity,Uniformity calibration: edge-to-centre ratio,hardware,signal,,all sources,0,0,3,3,,,,,,,,,categorical — allowed values: ,measured in the corpus
cc:calib_uniformity,Uniformity calibration: edge-to-centre ratio,hardware,plotted_lower,,all sources,0,0,3,3,,,,,,,,,categorical — allowed values: ,measured in the corpus
cc:calib_uniformity,Uniformity calibration: edge-to-centre ratio,hardware,signal_side,,all sources,0,0,3,3,,,,,,,,,categorical — allowed values: ,measured in the corpus
cc:calib_uniformity,Uniformity calibration: edge-to-centre ratio,hardware,extract,,all sources,0,0,3,3,,,,,,,,,categorical — allowed values: ,measured in the corpus
cc:calib_uniformity,Uniformity calibration: edge-to-centre ratio,hardware,flags,,all sources,0,0,3,3,,,,,,,,,categorical — allowed values: ,measured in the corpus
cc:calib_uniformity,Uniformity calibration: edge-to-centre ratio,hardware,baseline,,all sources,0,0,3,3,,,,,,,,,categorical — allowed values: ,measured in the corpus
cc:calib_uniformity,Uniformity calibration: edge-to-centre ratio,hardware,chart,,all sources,0,0,3,3,,,,,,,,,categorical — allowed values: B-H13 (3),measured in the corpus
cc:calib_uniformity,Uniformity calibration: edge-to-centre ratio,hardware,type,,all sources,0,0,3,3,,,,,,,,,categorical — allowed values: i (3),measured in the corpus
cc:calib_uniformity,Uniformity calibration: edge-to-centre ratio,hardware,variant,,all sources,0,0,3,3,,,,,,,,,categorical — allowed values: ,measured in the corpus
cc:calib_uniformity,Uniformity calibration: edge-to-centre ratio,hardware,sop_sha256,,all sources,0,0,3,3,,,,,,,,,categorical — allowed values: 169e44a34f56120586941c7d64192a424c12ce217540a21e4907a7505d02f511 (3),measured in the corpus
cc:call_disagree,Stored calls that disagree with the SOP,operator,experiment,,all sources,2,0,0,2,,,,,,,,,categorical — allowed values: RUN-002 (1); RUN-003 (1),measured in the corpus
cc:call_disagree,Stored calls that disagree with the SOP,operator,date,,all sources,2,0,0,2,,,,,,,,,categorical — allowed values: 2022-09-29 10:31 (1); 2025-03-18 11:44 (1),measured in the corpus
cc:call_disagree,Stored calls that disagree with the SOP,operator,operator,,all sources,2,0,0,2,,,,,,,,,categorical — allowed values: ,measured in the corpus
cc:call_disagree,Stored calls that disagree with the SOP,operator,value,,all sources,2,0,0,2,,,,,,,,,categorical — allowed values: 0 (2),measured in the corpus
cc:call_disagree,Stored calls that disagree with the SOP,operator,centre,,all sources,2,0,0,2,,,,,,,,,categorical — allowed values: nan (2),measured in the corpus
cc:call_disagree,Stored calls that disagree with the SOP,operator,ucl,,all sources,2,0,0,2,,,,,,,,,categorical — allowed values: nan (2),measured in the corpus
cc:call_disagree,Stored calls that disagree with the SOP,operator,lcl,,all sources,2,0,0,2,,,,,,,,,categorical — allowed values: nan (2),measured in the corpus
cc:call_disagree,Stored calls that disagree with the SOP,operator,s,,all sources,2,0,0,2,,,,,,,,,categorical — allowed values: ,measured in the corpus
cc:call_disagree,Stored calls that disagree with the SOP,operator,direction,,all sources,2,0,0,2,,,,,,,,,categorical — allowed values: ,measured in the corpus
cc:call_disagree,Stored calls that disagree with the SOP,operator,signal,,all sources,2,0,0,2,,,,,,,,,categorical — allowed values: ,measured in the corpus
cc:call_disagree,Stored calls that disagree with the SOP,operator,plotted_lower,,all sources,2,0,0,2,,,,,,,,,categorical — allowed values: ,measured in the corpus
cc:call_disagree,Stored calls that disagree with the SOP,operator,signal_side,,all sources,2,0,0,2,,,,,,,,,categorical — allowed values: ,measured in the corpus
cc:call_disagree,Stored calls that disagree with the SOP,operator,extract,,all sources,2,0,0,2,,,,,,,,,categorical — allowed values: ,measured in the corpus
cc:call_disagree,Stored calls that disagree with the SOP,operator,flags,,all sources,2,0,0,2,,,,,,,,,categorical — allowed values: ,measured in the corpus
cc:call_disagree,Stored calls that disagree with the SOP,operator,baseline,,all sources,2,0,0,2,,,,,,,,,categorical — allowed values: ,measured in the corpus
cc:call_disagree,Stored calls that disagree with the SOP,operator,chart,,all sources,2,0,0,2,,,,,,,,,categorical — allowed values: B-O9 (2),measured in the corpus
cc:call_disagree,Stored calls that disagree with the SOP,operator,type,,all sources,2,0,0,2,,,,,,,,,categorical — allowed values: p (2),measured in the corpus
cc:call_disagree,Stored calls that disagree with the SOP,operator,variant,,all sources,2,0,0,2,,,,,,,,,categorical — allowed values: ,measured in the corpus
cc:call_disagree,Stored calls that disagree with the SOP,operator,sop_sha256,,all sources,2,0,0,2,,,,,,,,,categorical — allowed values: 169e44a34f56120586941c7d64192a424c12ce217540a21e4907a7505d02f511 (2),measured in the corpus
cc:cam_overhead,Camera readout time beyond the exposure,hardware,experiment,,all sources,0,0,3,3,,,,,,,,,categorical — allowed values: RUN-005 (1); RUN-006 (1); RUN-007 (1),measured in the corpus
cc:cam_overhead,Camera readout time beyond the exposure,hardware,date,,all sources,0,0,3,3,,,,,,,,,categorical — allowed values: 2015-04-08 00:32 (1); 2015-04-09 07:49 (1); 2015-04-10 07:22 (1),measured in the corpus
cc:cam_overhead,Camera readout time beyond the exposure,hardware,operator,,all sources,0,0,3,3,,,,,,,,,categorical — allowed values: ,measured in the corpus
cc:cam_overhead,Camera readout time beyond the exposure,hardware,value,,all sources,0,0,3,3,,,,,,,,,categorical — allowed values: 431.9848482536547 (1); 445.3328191488981 (1); 444.9140577763319 (1),measured in the corpus
cc:cam_overhead,Camera readout time beyond the exposure,hardware,value,ms,QuantStudio-format (.eds),0,0,3,3,431.98485,433.27777,444.91406,445.29094,445.33282,6.19595,431.98485,445.33282,measured on only 3 values: observed range,measured in the corpus
cc:cam_overhead,Camera readout time beyond the exposure,hardware,centre,,all sources,0,0,3,3,,,,,,,,,categorical — allowed values: nan (3),measured in the corpus
cc:cam_overhead,Camera readout time beyond the exposure,hardware,ucl,,all sources,0,0,3,3,,,,,,,,,categorical — allowed values: nan (3),measured in the corpus
cc:cam_overhead,Camera readout time beyond the exposure,hardware,lcl,,all sources,0,0,3,3,,,,,,,,,categorical — allowed values: nan (3),measured in the corpus
cc:cam_overhead,Camera readout time beyond the exposure,hardware,s,,all sources,0,0,3,3,,,,,,,,,categorical — allowed values: 91.36677962927774 (1); 85.16582931761161 (1); 84.93724027645217 (1),measured in the corpus
cc:cam_overhead,Camera readout time beyond the exposure,hardware,s,ms,QuantStudio-format (.eds),0,0,3,3,84.93724,84.9601,85.16583,90.74668,91.36678,2.9785,84.93724,91.36678,measured on only 3 values: observed range,measured in the corpus
cc:cam_overhead,Camera readout time beyond the exposure,hardware,direction,,all sources,0,0,3,3,,,,,,,,,categorical — allowed values: ,measured in the corpus
cc:cam_overhead,Camera readout time beyond the exposure,hardware,signal,,all sources,0,0,3,3,,,,,,,,,categorical — allowed values: ,measured in the corpus
cc:cam_overhead,Camera readout time beyond the exposure,hardware,plotted_lower,,all sources,0,0,3,3,,,,,,,,,categorical — allowed values: ,measured in the corpus
cc:cam_overhead,Camera readout time beyond the exposure,hardware,signal_side,,all sources,0,0,3,3,,,,,,,,,categorical — allowed values: ,measured in the corpus
cc:cam_overhead,Camera readout time beyond the exposure,hardware,extract,,all sources,0,0,3,3,,,,,,,,,categorical — allowed values: ,measured in the corpus
cc:cam_overhead,Camera readout time beyond the exposure,hardware,flags,,all sources,0,0,3,3,,,,,,,,,categorical — allowed values: ,measured in the corpus
cc:cam_overhead,Camera readout time beyond the exposure,hardware,baseline,,all sources,0,0,3,3,,,,,,,,,categorical — allowed values: ,measured in the corpus
cc:cam_overhead,Camera readout time beyond the exposure,hardware,chart,,all sources,0,0,3,3,,,,,,,,,categorical — allowed values: B-H16 (3),measured in the corpus
cc:cam_overhead,Camera readout time beyond the exposure,hardware,type,,all sources,0,0,3,3,,,,,,,,,categorical — allowed values: xbars (3),measured in the corpus
cc:cam_overhead,Camera readout time beyond the exposure,hardware,variant,,all sources,0,0,3,3,,,,,,,,,categorical — allowed values: ,measured in the corpus
cc:cam_overhead,Camera readout time beyond the exposure,hardware,sop_sha256,,all sources,0,0,3,3,,,,,,,,,categorical — allowed values: 169e44a34f56120586941c7d64192a424c12ce217540a21e4907a7505d02f511 (3),measured in the corpus
cc:catch_up,Scheduler falling behind,software,experiment,,all sources,0,0,3,3,,,,,,,,,categorical — allowed values: RUN-005 (1); RUN-006 (1); RUN-007 (1),measured in the corpus
cc:catch_up,Scheduler falling behind,software,date,,all sources,0,0,3,3,,,,,,,,,categorical — allowed values: 2015-04-08 00:32 (1); 2015-04-09 07:49 (1); 2015-04-10 07:22 (1),measured in the corpus
cc:catch_up,Scheduler falling behind,software,operator,,all sources,0,0,3,3,,,,,,,,,categorical — allowed values: ,measured in the corpus
cc:catch_up,Scheduler falling behind,software,value,,all sources,0,0,3,3,,,,,,,,,categorical — allowed values: 17.34866792054357 (1); 487.0200634965193 (1); 161.03122216802728 (1),measured in the corpus
cc:catch_up,Scheduler falling behind,software,value,events per run hour,QuantStudio-format (.eds),0,0,3,3,17.34867,31.71692,161.03122,454.42118,487.02006,196.49841,17.34867,168.0,measured on only 3 values: observed range,measured in the corpus
cc:catch_up,Scheduler falling behind,software,centre,,all sources,0,0,3,3,,,,,,,,,categorical — allowed values: nan (3),measured in the corpus
cc:catch_up,Scheduler falling behind,software,ucl,,all sources,0,0,3,3,,,,,,,,,categorical — allowed values: nan (3),measured in the corpus
cc:catch_up,Scheduler falling behind,software,lcl,,all sources,0,0,3,3,,,,,,,,,categorical — allowed values: nan (3),measured in the corpus
cc:catch_up,Scheduler falling behind,software,s,,all sources,0,0,3,3,,,,,,,,,categorical — allowed values: ,measured in the corpus
cc:catch_up,Scheduler falling behind,software,direction,,all sources,0,0,3,3,,,,,,,,,categorical — allowed values: ,measured in the corpus
cc:catch_up,Scheduler falling behind,software,signal,,all sources,0,0,3,3,,,,,,,,,categorical — allowed values: ,measured in the corpus
cc:catch_up,Scheduler falling behind,software,plotted_lower,,all sources,0,0,3,3,,,,,,,,,categorical — allowed values: ,measured in the corpus
cc:catch_up,Scheduler falling behind,software,signal_side,,all sources,0,0,3,3,,,,,,,,,categorical — allowed values: ,measured in the corpus
cc:catch_up,Scheduler falling behind,software,extract,,all sources,0,0,3,3,,,,,,,,,categorical — allowed values: ,measured in the corpus
cc:catch_up,Scheduler falling behind,software,flags,,all sources,0,0,3,3,,,,,,,,,categorical — allowed values: ,measured in the corpus
cc:catch_up,Scheduler falling behind,software,baseline,,all sources,0,0,3,3,,,,,,,,,categorical — allowed values: ,measured in the corpus
cc:catch_up,Scheduler falling behind,software,chart,,all sources,0,0,3,3,,,,,,,,,categorical — allowed values: B-S2b (3),measured in the corpus
cc:catch_up,Scheduler falling behind,software,type,,all sources,0,0,3,3,,,,,,,,,categorical — allowed values: u (3),measured in the corpus
cc:catch_up,Scheduler falling behind,software,variant,,all sources,0,0,3,3,,,,,,,,,categorical — allowed values: ,measured in the corpus
cc:catch_up,Scheduler falling behind,software,sop_sha256,,all sources,0,0,3,3,,,,,,,,,categorical — allowed values: 169e44a34f56120586941c7d64192a424c12ce217540a21e4907a7505d02f511 (3),measured in the corpus
cc:chan_switch,Channel switch time,hardware,experiment,,all sources,3,3,0,6,,,,,,,,,categorical — allowed values: RUN-001 (1); RUN-002 (1); RUN-003 (1); RUN-004 (1); RUN-008 (1); RUN-009 (1),measured in the corpus
cc:chan_switch,Channel switch time,hardware,date,,all sources,3,3,0,6,,,,,,,,,categorical — allowed values: 2021-10-04 10:57 (1); 2022-09-29 10:31 (1); 2025-03-18 11:44 (1); 2007-08-24 10:55 (1); 2007-09-21 11:58 (1); 2007-09-21 13:21 (1),measured in the corpus
cc:chan_switch,Channel switch time,hardware,operator,,all sources,3,3,0,6,,,,,,,,,categorical — allowed values: ,measured in the corpus
cc:chan_switch,Channel switch time,hardware,value,ms,LightCycler-format (.ixo),3,3,0,6,1031.0,1032.75,1077.5,1112.5,1113.0,36.89926,1031.0,1113.0,measured on only 6 values: observed range,measured in the corpus
cc:chan_switch,Channel switch time,hardware,centre,,all sources,3,3,0,6,,,,,,,,,categorical — allowed values: nan (6),measured in the corpus
cc:chan_switch,Channel switch time,hardware,ucl,,all sources,3,3,0,6,,,,,,,,,categorical — allowed values: nan (6),measured in the corpus
cc:chan_switch,Channel switch time,hardware,lcl,,all sources,3,3,0,6,,,,,,,,,categorical — allowed values: nan (6),measured in the corpus
cc:chan_switch,Channel switch time,hardware,s,,all sources,3,3,0,6,,,,,,,,,categorical — allowed values: ,measured in the corpus
cc:chan_switch,Channel switch time,hardware,direction,,all sources,3,3,0,6,,,,,,,,,categorical — allowed values: ,measured in the corpus
cc:chan_switch,Channel switch time,hardware,signal,,all sources,3,3,0,6,,,,,,,,,categorical — allowed values: ,measured in the corpus
cc:chan_switch,Channel switch time,hardware,plotted_lower,,all sources,3,3,0,6,,,,,,,,,categorical — allowed values: ,measured in the corpus
cc:chan_switch,Channel switch time,hardware,signal_side,,all sources,3,3,0,6,,,,,,,,,categorical — allowed values: ,measured in the corpus
cc:chan_switch,Channel switch time,hardware,extract,,all sources,3,3,0,6,,,,,,,,,categorical — allowed values: ,measured in the corpus
cc:chan_switch,Channel switch time,hardware,flags,,all sources,3,3,0,6,,,,,,,,,categorical — allowed values: ,measured in the corpus
cc:chan_switch,Channel switch time,hardware,baseline,,all sources,3,3,0,6,,,,,,,,,categorical — allowed values: ,measured in the corpus
cc:chan_switch,Channel switch time,hardware,chart,,all sources,3,3,0,6,,,,,,,,,categorical — allowed values: B-H17 (6),measured in the corpus
cc:chan_switch,Channel switch time,hardware,type,,all sources,3,3,0,6,,,,,,,,,categorical — allowed values: i (6),measured in the corpus
cc:chan_switch,Channel switch time,hardware,variant,,all sources,3,3,0,6,,,,,,,,,categorical — allowed values: ,measured in the corpus
cc:chan_switch,Channel switch time,hardware,sop_sha256,,all sources,3,3,0,6,,,,,,,,,categorical — allowed values: 169e44a34f56120586941c7d64192a424c12ce217540a21e4907a7505d02f511 (6),measured in the corpus
cc:cmd_rt,Reply time to the PC software,software,experiment,,all sources,0,0,3,3,,,,,,,,,categorical — allowed values: RUN-005 (1); RUN-006 (1); RUN-007 (1),measured in the corpus
cc:cmd_rt,Reply time to the PC software,software,date,,all sources,0,0,3,3,,,,,,,,,categorical — allowed values: 2015-04-08 00:32 (1); 2015-04-09 07:49 (1); 2015-04-10 07:22 (1),measured in the corpus
cc:cmd_rt,Reply time to the PC software,software,operator,,all sources,0,0,3,3,,,,,,,,,categorical — allowed values: ,measured in the corpus
cc:cmd_rt,Reply time to the PC software,software,value,,all sources,0,0,3,3,,,,,,,,,categorical — allowed values: 158.99991989135742 (1); 294.00014877319336 (1); 197.9999542236328 (1),measured in the corpus
cc:cmd_rt,Reply time to the PC software,software,value,ms (95th pct),QuantStudio-format (.eds),0,0,3,3,158.99992,162.89992,197.99995,284.40013,294.00015,56.72752,158.99992,294.00015,measured on only 3 values: observed range,measured in the corpus
cc:cmd_rt,Reply time to the PC software,software,centre,,all sources,0,0,3,3,,,,,,,,,categorical — allowed values: nan (3),measured in the corpus
cc:cmd_rt,Reply time to the PC software,software,ucl,,all sources,0,0,3,3,,,,,,,,,categorical — allowed values: nan (3),measured in the corpus
cc:cmd_rt,Reply time to the PC software,software,lcl,,all sources,0,0,3,3,,,,,,,,,categorical — allowed values: nan (3),measured in the corpus
cc:cmd_rt,Reply time to the PC software,software,s,,all sources,0,0,3,3,,,,,,,,,categorical — allowed values: ,measured in the corpus
cc:cmd_rt,Reply time to the PC software,software,direction,,all sources,0,0,3,3,,,,,,,,,categorical — allowed values: ,measured in the corpus
cc:cmd_rt,Reply time to the PC software,software,signal,,all sources,0,0,3,3,,,,,,,,,categorical — allowed values: ,measured in the corpus
cc:cmd_rt,Reply time to the PC software,software,plotted_lower,,all sources,0,0,3,3,,,,,,,,,categorical — allowed values: ,measured in the corpus
cc:cmd_rt,Reply time to the PC software,software,signal_side,,all sources,0,0,3,3,,,,,,,,,categorical — allowed values: ,measured in the corpus
cc:cmd_rt,Reply time to the PC software,software,extract,,all sources,0,0,3,3,,,,,,,,,categorical — allowed values: ,measured in the corpus
cc:cmd_rt,Reply time to the PC software,software,flags,,all sources,0,0,3,3,,,,,,,,,categorical — allowed values: ,measured in the corpus
cc:cmd_rt,Reply time to the PC software,software,baseline,,all sources,0,0,3,3,,,,,,,,,categorical — allowed values: ,measured in the corpus
cc:cmd_rt,Reply time to the PC software,software,chart,,all sources,0,0,3,3,,,,,,,,,categorical — allowed values: B-S1 (3),measured in the corpus
cc:cmd_rt,Reply time to the PC software,software,type,,all sources,0,0,3,3,,,,,,,,,categorical — allowed values: i (3),measured in the corpus
cc:cmd_rt,Reply time to the PC software,software,variant,,all sources,0,0,3,3,,,,,,,,,categorical — allowed values: ,measured in the corpus
cc:cmd_rt,Reply time to the PC software,software,sop_sha256,,all sources,0,0,3,3,,,,,,,,,categorical — allowed values: 169e44a34f56120586941c7d64192a424c12ce217540a21e4907a7505d02f511 (3),measured in the corpus
cc:cool_rate,Peak cooling rate (2-s window),hardware,experiment,,all sources,3,3,3,9,,,,,,,,,categorical — allowed values: RUN-001 (1); RUN-002 (1); RUN-003 (1); RUN-004 (1); RUN-008 (1); RUN-009 (1),measured in the corpus
cc:cool_rate,Peak cooling rate (2-s window),hardware,date,,all sources,3,3,3,9,,,,,,,,,categorical — allowed values: 2021-10-04 10:57 (1); 2022-09-29 10:31 (1); 2025-03-18 11:44 (1); 2007-08-24 10:55 (1); 2007-09-21 11:58 (1); 2007-09-21 13:21 (1),measured in the corpus
cc:cool_rate,Peak cooling rate (2-s window),hardware,operator,,all sources,3,3,3,9,,,,,,,,,categorical — allowed values: ,measured in the corpus
cc:cool_rate,Peak cooling rate (2-s window),hardware,value,°C/s,LightCycler-format (.ixo),3,3,0,6,2.39394,2.39848,2.44786,2.95,3.11176,0.254,2.1,3.11176,"manufacturer specification in the chart definition, observed values beside it",measured in the corpus
cc:cool_rate,Peak cooling rate (2-s window),hardware,value,°C/s,QuantStudio-format (.eds),0,0,3,3,3.16667,3.18333,3.33333,3.33333,3.33333,0.07857,3.16667,3.33333,"measured, every value identical across 3 readings",measured in the corpus
cc:cool_rate,Peak cooling rate (2-s window),hardware,centre,,all sources,3,3,3,9,,,,,,,,,categorical — allowed values: nan (9),measured in the corpus
cc:cool_rate,Peak cooling rate (2-s window),hardware,ucl,,all sources,3,3,3,9,,,,,,,,,categorical — allowed values: nan (9),measured in the corpus
cc:cool_rate,Peak cooling rate (2-s window),hardware,lcl,,all sources,3,3,3,9,,,,,,,,,categorical — allowed values: nan (9),measured in the corpus
cc:cool_rate,Peak cooling rate (2-s window),hardware,s,,all sources,3,3,3,9,,,,,,,,,categorical — allowed values: ,measured in the corpus
cc:cool_rate,Peak cooling rate (2-s window),hardware,direction,,all sources,3,3,3,9,,,,,,,,,categorical — allowed values: ,measured in the corpus
cc:cool_rate,Peak cooling rate (2-s window),hardware,signal,,all sources,3,3,3,9,,,,,,,,,categorical — allowed values: ,measured in the corpus
cc:cool_rate,Peak cooling rate (2-s window),hardware,plotted_lower,,all sources,3,3,3,9,,,,,,,,,categorical — allowed values: ,measured in the corpus
cc:cool_rate,Peak cooling rate (2-s window),hardware,signal_side,,all sources,3,3,3,9,,,,,,,,,categorical — allowed values: ,measured in the corpus
cc:cool_rate,Peak cooling rate (2-s window),hardware,extract,,all sources,3,3,3,9,,,,,,,,,categorical — allowed values: ,measured in the corpus
cc:cool_rate,Peak cooling rate (2-s window),hardware,flags,,all sources,3,3,3,9,,,,,,,,,categorical — allowed values: ,measured in the corpus
cc:cool_rate,Peak cooling rate (2-s window),hardware,baseline,,all sources,3,3,3,9,,,,,,,,,categorical — allowed values: ,measured in the corpus
cc:cool_rate,Peak cooling rate (2-s window),hardware,chart,,all sources,3,3,3,9,,,,,,,,,categorical — allowed values: B-H2 (9),measured in the corpus
cc:cool_rate,Peak cooling rate (2-s window),hardware,type,,all sources,3,3,3,9,,,,,,,,,categorical — allowed values: trend (9),measured in the corpus
cc:cool_rate,Peak cooling rate (2-s window),hardware,variant,,all sources,3,3,3,9,,,,,,,,,categorical — allowed values: ,measured in the corpus
cc:cool_rate,Peak cooling rate (2-s window),hardware,sop_sha256,,all sources,3,3,3,9,,,,,,,,,categorical — allowed values: 169e44a34f56120586941c7d64192a424c12ce217540a21e4907a7505d02f511 (9),measured in the corpus
cc:copied,Copied-data events,operator,experiment,,all sources,3,3,3,9,,,,,,,,,categorical — allowed values: RUN-001 (1); RUN-002 (1); RUN-003 (1); RUN-004 (1); RUN-008 (1); RUN-009 (1),measured in the corpus
cc:copied,Copied-data events,operator,date,,all sources,3,3,3,9,,,,,,,,,categorical — allowed values: 2021-10-04 10:57 (1); 2022-09-29 10:31 (1); 2025-03-18 11:44 (1); 2007-08-24 10:55 (1); 2007-09-21 11:58 (1); 2007-09-21 13:21 (1),measured in the corpus
cc:copied,Copied-data events,operator,operator,,all sources,3,3,3,9,,,,,,,,,categorical — allowed values: ,measured in the corpus
cc:copied,Copied-data events,operator,value,events,LightCycler-format (.ixo),3,3,0,6,0.0,0.0,0.0,0.0,0.0,0.0,0.0,0.0,"measured, every value identical across 6 readings",measured in the corpus
cc:copied,Copied-data events,operator,value,events,QuantStudio-format (.eds),0,0,3,3,0.0,0.0,0.0,0.0,0.0,0.0,0.0,0.0,"measured, every value identical across 3 readings",measured in the corpus
cc:copied,Copied-data events,operator,centre,,all sources,3,3,3,9,,,,,,,,,categorical — allowed values: nan (9),measured in the corpus
cc:copied,Copied-data events,operator,ucl,,all sources,3,3,3,9,,,,,,,,,categorical — allowed values: nan (9),measured in the corpus
cc:copied,Copied-data events,operator,lcl,,all sources,3,3,3,9,,,,,,,,,categorical — allowed values: nan (9),measured in the corpus
cc:copied,Copied-data events,operator,s,,all sources,3,3,3,9,,,,,,,,,categorical — allowed values: ,measured in the corpus
cc:copied,Copied-data events,operator,direction,,all sources,3,3,3,9,,,,,,,,,categorical — allowed values: ,measured in the corpus
cc:copied,Copied-data events,operator,signal,,all sources,3,3,3,9,,,,,,,,,categorical — allowed values: ,measured in the corpus
cc:copied,Copied-data events,operator,plotted_lower,,all sources,3,3,3,9,,,,,,,,,categorical — allowed values: ,measured in the corpus
cc:copied,Copied-data events,operator,signal_side,,all sources,3,3,3,9,,,,,,,,,categorical — allowed values: ,measured in the corpus
cc:copied,Copied-data events,operator,extract,,all sources,3,3,3,9,,,,,,,,,categorical — allowed values: ,measured in the corpus
cc:copied,Copied-data events,operator,flags,,all sources,3,3,3,9,,,,,,,,,categorical — allowed values: ,measured in the corpus
cc:copied,Copied-data events,operator,baseline,,all sources,3,3,3,9,,,,,,,,,categorical — allowed values: ,measured in the corpus
cc:copied,Copied-data events,operator,chart,,all sources,3,3,3,9,,,,,,,,,categorical — allowed values: B-O11 (9),measured in the corpus
cc:copied,Copied-data events,operator,type,,all sources,3,3,3,9,,,,,,,,,categorical — allowed values: c (9),measured in the corpus
cc:copied,Copied-data events,operator,variant,,all sources,3,3,3,9,,,,,,,,,categorical — allowed values: ,measured in the corpus
cc:copied,Copied-data events,operator,sop_sha256,,all sources,3,3,3,9,,,,,,,,,categorical — allowed values: 169e44a34f56120586941c7d64192a424c12ce217540a21e4907a7505d02f511 (9),measured in the corpus
cc:cover_down,Heated cover lowering time,hardware,experiment,,all sources,0,0,3,3,,,,,,,,,categorical — allowed values: RUN-005 (1); RUN-006 (1); RUN-007 (1),measured in the corpus
cc:cover_down,Heated cover lowering time,hardware,date,,all sources,0,0,3,3,,,,,,,,,categorical — allowed values: 2015-04-08 00:32 (1); 2015-04-09 07:49 (1); 2015-04-10 07:22 (1),measured in the corpus
cc:cover_down,Heated cover lowering time,hardware,operator,,all sources,0,0,3,3,,,,,,,,,categorical — allowed values: ,measured in the corpus
cc:cover_down,Heated cover lowering time,hardware,value,,all sources,0,0,3,3,,,,,,,,,categorical — allowed values: 10.510999917984009 (1); 10.469000101089478 (1); 10.460000038146973 (1),measured in the corpus
cc:cover_down,Heated cover lowering time,hardware,value,s,QuantStudio-format (.eds),0,0,3,3,10.46,10.4609,10.469,10.5068,10.511,0.02223,10.46,10.511,measured on only 3 values: observed range,measured in the corpus
cc:cover_down,Heated cover lowering time,hardware,centre,,all sources,0,0,3,3,,,,,,,,,categorical — allowed values: nan (3),measured in the corpus
cc:cover_down,Heated cover lowering time,hardware,ucl,,all sources,0,0,3,3,,,,,,,,,categorical — allowed values: nan (3),measured in the corpus
cc:cover_down,Heated cover lowering time,hardware,lcl,,all sources,0,0,3,3,,,,,,,,,categorical — allowed values: nan (3),measured in the corpus
cc:cover_down,Heated cover lowering time,hardware,s,,all sources,0,0,3,3,,,,,,,,,categorical — allowed values: ,measured in the corpus
cc:cover_down,Heated cover lowering time,hardware,direction,,all sources,0,0,3,3,,,,,,,,,categorical — allowed values: ,measured in the corpus
cc:cover_down,Heated cover lowering time,hardware,signal,,all sources,0,0,3,3,,,,,,,,,categorical — allowed values: ,measured in the corpus
cc:cover_down,Heated cover lowering time,hardware,plotted_lower,,all sources,0,0,3,3,,,,,,,,,categorical — allowed values: ,measured in the corpus
cc:cover_down,Heated cover lowering time,hardware,signal_side,,all sources,0,0,3,3,,,,,,,,,categorical — allowed values: ,measured in the corpus
cc:cover_down,Heated cover lowering time,hardware,extract,,all sources,0,0,3,3,,,,,,,,,categorical — allowed values: ,measured in the corpus
cc:cover_down,Heated cover lowering time,hardware,flags,,all sources,0,0,3,3,,,,,,,,,categorical — allowed values: ,measured in the corpus
cc:cover_down,Heated cover lowering time,hardware,baseline,,all sources,0,0,3,3,,,,,,,,,categorical — allowed values: ,measured in the corpus
cc:cover_down,Heated cover lowering time,hardware,chart,,all sources,0,0,3,3,,,,,,,,,categorical — allowed values: B-H18 (3),measured in the corpus
cc:cover_down,Heated cover lowering time,hardware,type,,all sources,0,0,3,3,,,,,,,,,categorical — allowed values: trend (3),measured in the corpus
cc:cover_down,Heated cover lowering time,hardware,variant,,all sources,0,0,3,3,,,,,,,,,categorical — allowed values: ,measured in the corpus
cc:cover_down,Heated cover lowering time,hardware,sop_sha256,,all sources,0,0,3,3,,,,,,,,,categorical — allowed values: 169e44a34f56120586941c7d64192a424c12ce217540a21e4907a7505d02f511 (3),measured in the corpus
cc:cover_temp,Heated cover temperature,hardware,experiment,,all sources,0,0,3,3,,,,,,,,,categorical — allowed values: RUN-005 (1); RUN-006 (1); RUN-007 (1),measured in the corpus
cc:cover_temp,Heated cover temperature,hardware,date,,all sources,0,0,3,3,,,,,,,,,categorical — allowed values: 2015-04-08 00:32 (1); 2015-04-09 07:49 (1); 2015-04-10 07:22 (1),measured in the corpus
cc:cover_temp,Heated cover temperature,hardware,operator,,all sources,0,0,3,3,,,,,,,,,categorical — allowed values: ,measured in the corpus
cc:cover_temp,Heated cover temperature,hardware,value,,all sources,0,0,3,3,,,,,,,,,categorical — allowed values: 105 (3),measured in the corpus
cc:cover_temp,Heated cover temperature,hardware,value,°C,QuantStudio-format (.eds),0,0,3,3,105.0,105.0,105.0,105.0,105.0,0.0,105.0,105.0,"measured, every value identical across 3 readings",measured in the corpus
cc:cover_temp,Heated cover temperature,hardware,centre,,all sources,0,0,3,3,,,,,,,,,categorical — allowed values: nan (3),measured in the corpus
cc:cover_temp,Heated cover temperature,hardware,ucl,,all sources,0,0,3,3,,,,,,,,,categorical — allowed values: nan (3),measured in the corpus
cc:cover_temp,Heated cover temperature,hardware,lcl,,all sources,0,0,3,3,,,,,,,,,categorical — allowed values: nan (3),measured in the corpus
cc:cover_temp,Heated cover temperature,hardware,s,,all sources,0,0,3,3,,,,,,,,,categorical — allowed values: ,measured in the corpus
cc:cover_temp,Heated cover temperature,hardware,direction,,all sources,0,0,3,3,,,,,,,,,categorical — allowed values: ,measured in the corpus
cc:cover_temp,Heated cover temperature,hardware,signal,,all sources,0,0,3,3,,,,,,,,,categorical — allowed values: ,measured in the corpus
cc:cover_temp,Heated cover temperature,hardware,plotted_lower,,all sources,0,0,3,3,,,,,,,,,categorical — allowed values: ,measured in the corpus
cc:cover_temp,Heated cover temperature,hardware,signal_side,,all sources,0,0,3,3,,,,,,,,,categorical — allowed values: ,measured in the corpus
cc:cover_temp,Heated cover temperature,hardware,extract,,all sources,0,0,3,3,,,,,,,,,categorical — allowed values: ,measured in the corpus
cc:cover_temp,Heated cover temperature,hardware,flags,,all sources,0,0,3,3,,,,,,,,,categorical — allowed values: ,measured in the corpus
cc:cover_temp,Heated cover temperature,hardware,baseline,,all sources,0,0,3,3,,,,,,,,,categorical — allowed values: ,measured in the corpus
cc:cover_temp,Heated cover temperature,hardware,chart,,all sources,0,0,3,3,,,,,,,,,categorical — allowed values: B-H6b (3),measured in the corpus
cc:cover_temp,Heated cover temperature,hardware,type,,all sources,0,0,3,3,,,,,,,,,categorical — allowed values: i (3),measured in the corpus
cc:cover_temp,Heated cover temperature,hardware,variant,,all sources,0,0,3,3,,,,,,,,,categorical — allowed values: ,measured in the corpus
cc:cover_temp,Heated cover temperature,hardware,sop_sha256,,all sources,0,0,3,3,,,,,,,,,categorical — allowed values: 169e44a34f56120586941c7d64192a424c12ce217540a21e4907a7505d02f511 (3),measured in the corpus
cc:cover_up,Heated cover raising time,hardware,experiment,,all sources,0,0,3,3,,,,,,,,,categorical — allowed values: RUN-005 (1); RUN-006 (1); RUN-007 (1),measured in the corpus
cc:cover_up,Heated cover raising time,hardware,date,,all sources,0,0,3,3,,,,,,,,,categorical — allowed values: 2015-04-08 00:32 (1); 2015-04-09 07:49 (1); 2015-04-10 07:22 (1),measured in the corpus
cc:cover_up,Heated cover raising time,hardware,operator,,all sources,0,0,3,3,,,,,,,,,categorical — allowed values: ,measured in the corpus
cc:cover_up,Heated cover raising time,hardware,value,,all sources,0,0,3,3,,,,,,,,,categorical — allowed values: 5.520000219345093 (1); 5.501999855041504 (1); 5.496999979019165 (1),measured in the corpus
cc:cover_up,Heated cover raising time,hardware,value,s,QuantStudio-format (.eds),0,0,3,3,5.497,5.4975,5.502,5.5182,5.52,0.00988,5.497,5.52,measured on only 3 values: observed range,measured in the corpus
cc:cover_up,Heated cover raising time,hardware,centre,,all sources,0,0,3,3,,,,,,,,,categorical — allowed values: nan (3),measured in the corpus
cc:cover_up,Heated cover raising time,hardware,ucl,,all sources,0,0,3,3,,,,,,,,,categorical — allowed values: nan (3),measured in the corpus
cc:cover_up,Heated cover raising time,hardware,lcl,,all sources,0,0,3,3,,,,,,,,,categorical — allowed values: nan (3),measured in the corpus
cc:cover_up,Heated cover raising time,hardware,s,,all sources,0,0,3,3,,,,,,,,,categorical — allowed values: ,measured in the corpus
cc:cover_up,Heated cover raising time,hardware,direction,,all sources,0,0,3,3,,,,,,,,,categorical — allowed values: ,measured in the corpus
cc:cover_up,Heated cover raising time,hardware,signal,,all sources,0,0,3,3,,,,,,,,,categorical — allowed values: ,measured in the corpus
cc:cover_up,Heated cover raising time,hardware,plotted_lower,,all sources,0,0,3,3,,,,,,,,,categorical — allowed values: ,measured in the corpus
cc:cover_up,Heated cover raising time,hardware,signal_side,,all sources,0,0,3,3,,,,,,,,,categorical — allowed values: ,measured in the corpus
cc:cover_up,Heated cover raising time,hardware,extract,,all sources,0,0,3,3,,,,,,,,,categorical — allowed values: ,measured in the corpus
cc:cover_up,Heated cover raising time,hardware,flags,,all sources,0,0,3,3,,,,,,,,,categorical — allowed values: ,measured in the corpus
cc:cover_up,Heated cover raising time,hardware,baseline,,all sources,0,0,3,3,,,,,,,,,categorical — allowed values: ,measured in the corpus
cc:cover_up,Heated cover raising time,hardware,chart,,all sources,0,0,3,3,,,,,,,,,categorical — allowed values: B-H18b (3),measured in the corpus
cc:cover_up,Heated cover raising time,hardware,type,,all sources,0,0,3,3,,,,,,,,,categorical — allowed values: i (3),measured in the corpus
cc:cover_up,Heated cover raising time,hardware,variant,,all sources,0,0,3,3,,,,,,,,,categorical — allowed values: ,measured in the corpus
cc:cover_up,Heated cover raising time,hardware,sop_sha256,,all sources,0,0,3,3,,,,,,,,,categorical — allowed values: 169e44a34f56120586941c7d64192a424c12ce217540a21e4907a7505d02f511 (3),measured in the corpus
cc:ct_mismatch,Stored Ct not reproducible (> 0.2),software,experiment,,all sources,0,0,3,3,,,,,,,,,categorical — allowed values: RUN-005 (1); RUN-006 (1); RUN-007 (1),measured in the corpus
cc:ct_mismatch,Stored Ct not reproducible (> 0.2),software,date,,all sources,0,0,3,3,,,,,,,,,categorical — allowed values: 2015-04-08 00:32 (1); 2015-04-09 07:49 (1); 2015-04-10 07:22 (1),measured in the corpus
cc:ct_mismatch,Stored Ct not reproducible (> 0.2),software,operator,,all sources,0,0,3,3,,,,,,,,,categorical — allowed values: ,measured in the corpus
cc:ct_mismatch,Stored Ct not reproducible (> 0.2),software,value,,all sources,0,0,3,3,,,,,,,,,categorical — allowed values: 0 (3),measured in the corpus
cc:ct_mismatch,Stored Ct not reproducible (> 0.2),software,value,share of wells,QuantStudio-format (.eds),0,0,3,3,0.0,0.0,0.0,0.0,0.0,0.0,0.0,0.0,"measured, every value identical across 3 readings",measured in the corpus
cc:ct_mismatch,Stored Ct not reproducible (> 0.2),software,centre,,all sources,0,0,3,3,,,,,,,,,categorical — allowed values: nan (3),measured in the corpus
cc:ct_mismatch,Stored Ct not reproducible (> 0.2),software,ucl,,all sources,0,0,3,3,,,,,,,,,categorical — allowed values: nan (3),measured in the corpus
cc:ct_mismatch,Stored Ct not reproducible (> 0.2),software,lcl,,all sources,0,0,3,3,,,,,,,,,categorical — allowed values: nan (3),measured in the corpus
cc:ct_mismatch,Stored Ct not reproducible (> 0.2),software,s,,all sources,0,0,3,3,,,,,,,,,categorical — allowed values: ,measured in the corpus
cc:ct_mismatch,Stored Ct not reproducible (> 0.2),software,direction,,all sources,0,0,3,3,,,,,,,,,categorical — allowed values: ,measured in the corpus
cc:ct_mismatch,Stored Ct not reproducible (> 0.2),software,signal,,all sources,0,0,3,3,,,,,,,,,categorical — allowed values: ,measured in the corpus
cc:ct_mismatch,Stored Ct not reproducible (> 0.2),software,plotted_lower,,all sources,0,0,3,3,,,,,,,,,categorical — allowed values: ,measured in the corpus
cc:ct_mismatch,Stored Ct not reproducible (> 0.2),software,signal_side,,all sources,0,0,3,3,,,,,,,,,categorical — allowed values: ,measured in the corpus
cc:ct_mismatch,Stored Ct not reproducible (> 0.2),software,extract,,all sources,0,0,3,3,,,,,,,,,categorical — allowed values: ,measured in the corpus
cc:ct_mismatch,Stored Ct not reproducible (> 0.2),software,flags,,all sources,0,0,3,3,,,,,,,,,categorical — allowed values: ,measured in the corpus
cc:ct_mismatch,Stored Ct not reproducible (> 0.2),software,baseline,,all sources,0,0,3,3,,,,,,,,,categorical — allowed values: ,measured in the corpus
cc:ct_mismatch,Stored Ct not reproducible (> 0.2),software,chart,,all sources,0,0,3,3,,,,,,,,,categorical — allowed values: B-S12 (3),measured in the corpus
cc:ct_mismatch,Stored Ct not reproducible (> 0.2),software,type,,all sources,0,0,3,3,,,,,,,,,categorical — allowed values: p (3),measured in the corpus
cc:ct_mismatch,Stored Ct not reproducible (> 0.2),software,variant,,all sources,0,0,3,3,,,,,,,,,categorical — allowed values: ,measured in the corpus
cc:ct_mismatch,Stored Ct not reproducible (> 0.2),software,sop_sha256,,all sources,0,0,3,3,,,,,,,,,categorical — allowed values: 169e44a34f56120586941c7d64192a424c12ce217540a21e4907a7505d02f511 (3),measured in the corpus
cc:cycle_sd,Cycle-timing regularity,software,experiment,,all sources,3,3,3,9,,,,,,,,,categorical — allowed values: RUN-001 (1); RUN-002 (1); RUN-003 (1); RUN-004 (1); RUN-008 (1); RUN-009 (1),measured in the corpus
cc:cycle_sd,Cycle-timing regularity,software,date,,all sources,3,3,3,9,,,,,,,,,categorical — allowed values: 2021-10-04 10:57 (1); 2022-09-29 10:31 (1); 2025-03-18 11:44 (1); 2007-08-24 10:55 (1); 2007-09-21 11:58 (1); 2007-09-21 13:21 (1),measured in the corpus
cc:cycle_sd,Cycle-timing regularity,software,operator,,all sources,3,3,3,9,,,,,,,,,categorical — allowed values: ,measured in the corpus
cc:cycle_sd,Cycle-timing regularity,software,value,ms,LightCycler-format (.ixo),3,3,0,6,10.64674,13.08897,47.21699,89.7362,93.29542,29.91311,10.64674,93.29542,measured on only 6 values: observed range,measured in the corpus
cc:cycle_sd,Cycle-timing regularity,software,value,ms,QuantStudio-format (.eds),0,0,3,3,99.83113,100.6865,108.38488,142.92843,146.7666,20.4104,99.83113,146.7666,measured on only 3 values: observed range,measured in the corpus
cc:cycle_sd,Cycle-timing regularity,software,centre,,all sources,3,3,3,9,,,,,,,,,categorical — allowed values: nan (9),measured in the corpus
cc:cycle_sd,Cycle-timing regularity,software,ucl,,all sources,3,3,3,9,,,,,,,,,categorical — allowed values: nan (9),measured in the corpus
cc:cycle_sd,Cycle-timing regularity,software,lcl,,all sources,3,3,3,9,,,,,,,,,categorical — allowed values: nan (9),measured in the corpus
cc:cycle_sd,Cycle-timing regularity,software,s,,all sources,3,3,3,9,,,,,,,,,categorical — allowed values: ,measured in the corpus
cc:cycle_sd,Cycle-timing regularity,software,direction,,all sources,3,3,3,9,,,,,,,,,categorical — allowed values: ,measured in the corpus
cc:cycle_sd,Cycle-timing regularity,software,signal,,all sources,3,3,3,9,,,,,,,,,categorical — allowed values: ,measured in the corpus
cc:cycle_sd,Cycle-timing regularity,software,plotted_lower,,all sources,3,3,3,9,,,,,,,,,categorical — allowed values: ,measured in the corpus
cc:cycle_sd,Cycle-timing regularity,software,signal_side,,all sources,3,3,3,9,,,,,,,,,categorical — allowed values: ,measured in the corpus
cc:cycle_sd,Cycle-timing regularity,software,extract,,all sources,3,3,3,9,,,,,,,,,categorical — allowed values: ,measured in the corpus
cc:cycle_sd,Cycle-timing regularity,software,flags,,all sources,3,3,3,9,,,,,,,,,categorical — allowed values: ,measured in the corpus
cc:cycle_sd,Cycle-timing regularity,software,baseline,,all sources,3,3,3,9,,,,,,,,,categorical — allowed values: ,measured in the corpus
cc:cycle_sd,Cycle-timing regularity,software,chart,,all sources,3,3,3,9,,,,,,,,,categorical — allowed values: B-S9 (9),measured in the corpus
cc:cycle_sd,Cycle-timing regularity,software,type,,all sources,3,3,3,9,,,,,,,,,categorical — allowed values: i (9),measured in the corpus
cc:cycle_sd,Cycle-timing regularity,software,variant,,all sources,3,3,3,9,,,,,,,,,categorical — allowed values: ,measured in the corpus
cc:cycle_sd,Cycle-timing regularity,software,sop_sha256,,all sources,3,3,3,9,,,,,,,,,categorical — allowed values: 169e44a34f56120586941c7d64192a424c12ce217540a21e4907a7505d02f511 (9),measured in the corpus
cc:edit_delay,Run end → last change,software,experiment,,all sources,3,3,2,8,,,,,,,,,categorical — allowed values: RUN-001 (1); RUN-002 (1); RUN-003 (1); RUN-004 (1); RUN-008 (1); RUN-009 (1),measured in the corpus
cc:edit_delay,Run end → last change,software,date,,all sources,3,3,2,8,,,,,,,,,categorical — allowed values: 2021-10-04 10:57 (1); 2022-09-29 10:31 (1); 2025-03-18 11:44 (1); 2007-08-24 10:55 (1); 2007-09-21 11:58 (1); 2007-09-21 13:21 (1),measured in the corpus
cc:edit_delay,Run end → last change,software,operator,,all sources,3,3,2,8,,,,,,,,,categorical — allowed values: ,measured in the corpus
cc:edit_delay,Run end → last change,software,value,log10 hours,LightCycler-format (.ixo),3,3,0,6,-0.76986,-0.54205,2.52762,5.06196,5.21988,2.46336,0.0,5.21988,measured on only 6 values: observed range,measured in the corpus
cc:edit_delay,Run end → last change,software,centre,,all sources,3,3,2,8,,,,,,,,,categorical — allowed values: nan (8),measured in the corpus
cc:edit_delay,Run end → last change,software,ucl,,all sources,3,3,2,8,,,,,,,,,categorical — allowed values: nan (8),measured in the corpus
cc:edit_delay,Run end → last change,software,lcl,,all sources,3,3,2,8,,,,,,,,,categorical — allowed values: nan (8),measured in the corpus
cc:edit_delay,Run end → last change,software,s,,all sources,3,3,2,8,,,,,,,,,categorical — allowed values: ,measured in the corpus
cc:edit_delay,Run end → last change,software,direction,,all sources,3,3,2,8,,,,,,,,,categorical — allowed values: ,measured in the corpus
cc:edit_delay,Run end → last change,software,signal,,all sources,3,3,2,8,,,,,,,,,categorical — allowed values: ,measured in the corpus
cc:edit_delay,Run end → last change,software,plotted_lower,,all sources,3,3,2,8,,,,,,,,,categorical — allowed values: ,measured in the corpus
cc:edit_delay,Run end → last change,software,signal_side,,all sources,3,3,2,8,,,,,,,,,categorical — allowed values: ,measured in the corpus
cc:edit_delay,Run end → last change,software,extract,,all sources,3,3,2,8,,,,,,,,,categorical — allowed values: ,measured in the corpus
cc:edit_delay,Run end → last change,software,flags,,all sources,3,3,2,8,,,,,,,,,categorical — allowed values: ,measured in the corpus
cc:edit_delay,Run end → last change,software,baseline,,all sources,3,3,2,8,,,,,,,,,categorical — allowed values: ,measured in the corpus
cc:edit_delay,Run end → last change,software,chart,,all sources,3,3,2,8,,,,,,,,,categorical — allowed values: A-S4 (8),measured in the corpus
cc:edit_delay,Run end → last change,software,type,,all sources,3,3,2,8,,,,,,,,,categorical — allowed values: i (8),measured in the corpus
cc:edit_delay,Run end → last change,software,variant,,all sources,3,3,2,8,,,,,,,,,categorical — allowed values: ,measured in the corpus
cc:edit_delay,Run end → last change,software,sop_sha256,,all sources,3,3,2,8,,,,,,,,,categorical — allowed values: 169e44a34f56120586941c7d64192a424c12ce217540a21e4907a7505d02f511 (8),measured in the corpus
cc:efficiency,PCR efficiency from the standards,method,experiment,,all sources,0,0,1,1,,,,,,,,,categorical — allowed values: RUN-007 (1),measured in the corpus
cc:efficiency,PCR efficiency from the standards,method,date,,all sources,0,0,1,1,,,,,,,,,categorical — allowed values: 2015-04-10 07:22 (1),measured in the corpus
cc:efficiency,PCR efficiency from the standards,method,operator,,all sources,0,0,1,1,,,,,,,,,categorical — allowed values: ,measured in the corpus
cc:efficiency,PCR efficiency from the standards,method,value,,all sources,0,0,1,1,,,,,,,,,categorical — allowed values: 93.44918369025301 (1),measured in the corpus
cc:efficiency,PCR efficiency from the standards,method,centre,,all sources,0,0,1,1,,,,,,,,,categorical — allowed values: nan (1),measured in the corpus
cc:efficiency,PCR efficiency from the standards,method,ucl,,all sources,0,0,1,1,,,,,,,,,categorical — allowed values: nan (1),measured in the corpus
cc:efficiency,PCR efficiency from the standards,method,lcl,,all sources,0,0,1,1,,,,,,,,,categorical — allowed values: nan (1),measured in the corpus
cc:efficiency,PCR efficiency from the standards,method,s,,all sources,0,0,1,1,,,,,,,,,categorical — allowed values: ,measured in the corpus
cc:efficiency,PCR efficiency from the standards,method,direction,,all sources,0,0,1,1,,,,,,,,,categorical — allowed values: ,measured in the corpus
cc:efficiency,PCR efficiency from the standards,method,signal,,all sources,0,0,1,1,,,,,,,,,categorical — allowed values: ,measured in the corpus
cc:efficiency,PCR efficiency from the standards,method,plotted_lower,,all sources,0,0,1,1,,,,,,,,,categorical — allowed values: ,measured in the corpus
cc:efficiency,PCR efficiency from the standards,method,signal_side,,all sources,0,0,1,1,,,,,,,,,categorical — allowed values: ,measured in the corpus
cc:efficiency,PCR efficiency from the standards,method,extract,,all sources,0,0,1,1,,,,,,,,,categorical — allowed values: ,measured in the corpus
cc:efficiency,PCR efficiency from the standards,method,flags,,all sources,0,0,1,1,,,,,,,,,categorical — allowed values: ,measured in the corpus
cc:efficiency,PCR efficiency from the standards,method,baseline,,all sources,0,0,1,1,,,,,,,,,categorical — allowed values: ,measured in the corpus
cc:efficiency,PCR efficiency from the standards,method,chart,,all sources,0,0,1,1,,,,,,,,,categorical — allowed values: B-M3 (1),measured in the corpus
cc:efficiency,PCR efficiency from the standards,method,type,,all sources,0,0,1,1,,,,,,,,,categorical — allowed values: trend (1),measured in the corpus
cc:efficiency,PCR efficiency from the standards,method,variant,,all sources,0,0,1,1,,,,,,,,,categorical — allowed values: KAZ (1),measured in the corpus
cc:efficiency,PCR efficiency from the standards,method,sop_sha256,,all sources,0,0,1,1,,,,,,,,,categorical — allowed values: 169e44a34f56120586941c7d64192a424c12ce217540a21e4907a7505d02f511 (1),measured in the corpus
cc:encoder,Filter-wheel position offset,hardware,experiment,,all sources,0,0,3,3,,,,,,,,,categorical — allowed values: RUN-005 (1); RUN-006 (1); RUN-007 (1),measured in the corpus
cc:encoder,Filter-wheel position offset,hardware,date,,all sources,0,0,3,3,,,,,,,,,categorical — allowed values: 2015-04-08 00:32 (1); 2015-04-09 07:49 (1); 2015-04-10 07:22 (1),measured in the corpus
cc:encoder,Filter-wheel position offset,hardware,operator,,all sources,0,0,3,3,,,,,,,,,categorical — allowed values: ,measured in the corpus
cc:encoder,Filter-wheel position offset,hardware,value,,all sources,0,0,3,3,,,,,,,,,categorical — allowed values: 0 (3),measured in the corpus
cc:encoder,Filter-wheel position offset,hardware,value,encoder counts,QuantStudio-format (.eds),0,0,3,3,0.0,0.0,0.0,0.0,0.0,0.0,0.0,0.0,"measured, every value identical across 3 readings",measured in the corpus
cc:encoder,Filter-wheel position offset,hardware,centre,,all sources,0,0,3,3,,,,,,,,,categorical — allowed values: nan (3),measured in the corpus
cc:encoder,Filter-wheel position offset,hardware,ucl,,all sources,0,0,3,3,,,,,,,,,categorical — allowed values: nan (3),measured in the corpus
cc:encoder,Filter-wheel position offset,hardware,lcl,,all sources,0,0,3,3,,,,,,,,,categorical — allowed values: nan (3),measured in the corpus
cc:encoder,Filter-wheel position offset,hardware,s,,all sources,0,0,3,3,,,,,,,,,categorical — allowed values: ,measured in the corpus
cc:encoder,Filter-wheel position offset,hardware,direction,,all sources,0,0,3,3,,,,,,,,,categorical — allowed values: ,measured in the corpus
cc:encoder,Filter-wheel position offset,hardware,signal,,all sources,0,0,3,3,,,,,,,,,categorical — allowed values: ,measured in the corpus
cc:encoder,Filter-wheel position offset,hardware,plotted_lower,,all sources,0,0,3,3,,,,,,,,,categorical — allowed values: ,measured in the corpus
cc:encoder,Filter-wheel position offset,hardware,signal_side,,all sources,0,0,3,3,,,,,,,,,categorical — allowed values: ,measured in the corpus
cc:encoder,Filter-wheel position offset,hardware,extract,,all sources,0,0,3,3,,,,,,,,,categorical — allowed values: ,measured in the corpus
cc:encoder,Filter-wheel position offset,hardware,flags,,all sources,0,0,3,3,,,,,,,,,categorical — allowed values: ,measured in the corpus
cc:encoder,Filter-wheel position offset,hardware,baseline,,all sources,0,0,3,3,,,,,,,,,categorical — allowed values: ,measured in the corpus
cc:encoder,Filter-wheel position offset,hardware,chart,,all sources,0,0,3,3,,,,,,,,,categorical — allowed values: B-H15 (3),measured in the corpus
cc:encoder,Filter-wheel position offset,hardware,type,,all sources,0,0,3,3,,,,,,,,,categorical — allowed values: i (3),measured in the corpus
cc:encoder,Filter-wheel position offset,hardware,variant,,all sources,0,0,3,3,,,,,,,,,categorical — allowed values: emission (3),measured in the corpus
cc:encoder,Filter-wheel position offset,hardware,sop_sha256,,all sources,0,0,3,3,,,,,,,,,categorical — allowed values: 169e44a34f56120586941c7d64192a424c12ce217540a21e4907a7505d02f511 (3),measured in the corpus
cc:exposure,Automatic integration time / exposure,hardware,experiment,,all sources,3,3,3,9,,,,,,,,,categorical — allowed values: RUN-001 (1); RUN-002 (1); RUN-003 (1); RUN-004 (1); RUN-008 (1); RUN-009 (1),measured in the corpus
cc:exposure,Automatic integration time / exposure,hardware,date,,all sources,3,3,3,9,,,,,,,,,categorical — allowed values: 2021-10-04 10:57 (1); 2022-09-29 10:31 (1); 2025-03-18 11:44 (1); 2007-08-24 10:55 (1); 2007-09-21 11:58 (1); 2007-09-21 13:21 (1),measured in the corpus
cc:exposure,Automatic integration time / exposure,hardware,operator,,all sources,3,3,3,9,,,,,,,,,categorical — allowed values: ,measured in the corpus
cc:exposure,Automatic integration time / exposure,hardware,value,ms,LightCycler-format (.ixo),3,3,0,6,170.0,187.5,284.0,784.0,939.0,257.57243,170.0,939.0,measured on only 6 values: observed range,measured in the corpus
cc:exposure,Automatic integration time / exposure,hardware,value,ms,QuantStudio-format (.eds),0,0,3,3,400.0,400.0,400.0,400.0,400.0,0.0,400.0,400.0,"measured, every value identical across 3 readings",measured in the corpus
cc:exposure,Automatic integration time / exposure,hardware,centre,,all sources,3,3,3,9,,,,,,,,,categorical — allowed values: nan (9),measured in the corpus
cc:exposure,Automatic integration time / exposure,hardware,ucl,,all sources,3,3,3,9,,,,,,,,,categorical — allowed values: nan (9),measured in the corpus
cc:exposure,Automatic integration time / exposure,hardware,lcl,,all sources,3,3,3,9,,,,,,,,,categorical — allowed values: nan (9),measured in the corpus
cc:exposure,Automatic integration time / exposure,hardware,s,,all sources,3,3,3,9,,,,,,,,,categorical — allowed values: ,measured in the corpus
cc:exposure,Automatic integration time / exposure,hardware,direction,,all sources,3,3,3,9,,,,,,,,,categorical — allowed values: ,measured in the corpus
cc:exposure,Automatic integration time / exposure,hardware,signal,,all sources,3,3,3,9,,,,,,,,,categorical — allowed values: ,measured in the corpus
cc:exposure,Automatic integration time / exposure,hardware,plotted_lower,,all sources,3,3,3,9,,,,,,,,,categorical — allowed values: ,measured in the corpus
cc:exposure,Automatic integration time / exposure,hardware,signal_side,,all sources,3,3,3,9,,,,,,,,,categorical — allowed values: ,measured in the corpus
cc:exposure,Automatic integration time / exposure,hardware,extract,,all sources,3,3,3,9,,,,,,,,,categorical — allowed values: ,measured in the corpus
cc:exposure,Automatic integration time / exposure,hardware,flags,,all sources,3,3,3,9,,,,,,,,,categorical — allowed values: ,measured in the corpus
cc:exposure,Automatic integration time / exposure,hardware,baseline,,all sources,3,3,3,9,,,,,,,,,categorical — allowed values: ,measured in the corpus
cc:exposure,Automatic integration time / exposure,hardware,chart,,all sources,3,3,3,9,,,,,,,,,categorical — allowed values: B-H11 (9),measured in the corpus
cc:exposure,Automatic integration time / exposure,hardware,type,,all sources,3,3,3,9,,,,,,,,,categorical — allowed values: i (9),measured in the corpus
cc:exposure,Automatic integration time / exposure,hardware,variant,,all sources,3,3,3,9,,,,,,,,,categorical — allowed values: 465-510 (6); x4-m4 (3),measured in the corpus
cc:exposure,Automatic integration time / exposure,hardware,sop_sha256,,all sources,3,3,3,9,,,,,,,,,categorical — allowed values: 169e44a34f56120586941c7d64192a424c12ce217540a21e4907a7505d02f511 (9),measured in the corpus
cc:findings,Forensic findings per run,software,experiment,,all sources,3,3,3,9,,,,,,,,,categorical — allowed values: RUN-001 (1); RUN-002 (1); RUN-003 (1); RUN-004 (1); RUN-008 (1); RUN-009 (1),measured in the corpus
cc:findings,Forensic findings per run,software,date,,all sources,3,3,3,9,,,,,,,,,categorical — allowed values: 2021-10-04 10:57 (1); 2022-09-29 10:31 (1); 2025-03-18 11:44 (1); 2007-08-24 10:55 (1); 2007-09-21 11:58 (1); 2007-09-21 13:21 (1),measured in the corpus
cc:findings,Forensic findings per run,software,operator,,all sources,3,3,3,9,,,,,,,,,categorical — allowed values: ,measured in the corpus
cc:findings,Forensic findings per run,software,value,findings,LightCycler-format (.ixo),3,3,0,6,0.0,0.25,1.0,1.75,2.0,0.57735,0.0,2.0,"measured, every value identical across 6 readings",measured in the corpus
cc:findings,Forensic findings per run,software,value,findings,QuantStudio-format (.eds),0,0,3,3,1.0,1.0,1.0,6.4,7.0,2.82843,1.0,7.0,"measured, every value identical across 3 readings",measured in the corpus
cc:findings,Forensic findings per run,software,centre,,all sources,3,3,3,9,,,,,,,,,categorical — allowed values: nan (9),measured in the corpus
cc:findings,Forensic findings per run,software,ucl,,all sources,3,3,3,9,,,,,,,,,categorical — allowed values: nan (9),measured in the corpus
cc:findings,Forensic findings per run,software,lcl,,all sources,3,3,3,9,,,,,,,,,categorical — allowed values: nan (9),measured in the corpus
cc:findings,Forensic findings per run,software,s,,all sources,3,3,3,9,,,,,,,,,categorical — allowed values: ,measured in the corpus
cc:findings,Forensic findings per run,software,direction,,all sources,3,3,3,9,,,,,,,,,categorical — allowed values: ,measured in the corpus
cc:findings,Forensic findings per run,software,signal,,all sources,3,3,3,9,,,,,,,,,categorical — allowed values: ,measured in the corpus
cc:findings,Forensic findings per run,software,plotted_lower,,all sources,3,3,3,9,,,,,,,,,categorical — allowed values: ,measured in the corpus
cc:findings,Forensic findings per run,software,signal_side,,all sources,3,3,3,9,,,,,,,,,categorical — allowed values: ,measured in the corpus
cc:findings,Forensic findings per run,software,extract,,all sources,3,3,3,9,,,,,,,,,categorical — allowed values: ,measured in the corpus
cc:findings,Forensic findings per run,software,flags,,all sources,3,3,3,9,,,,,,,,,categorical — allowed values: ,measured in the corpus
cc:findings,Forensic findings per run,software,baseline,,all sources,3,3,3,9,,,,,,,,,categorical — allowed values: ,measured in the corpus
cc:findings,Forensic findings per run,software,chart,,all sources,3,3,3,9,,,,,,,,,categorical — allowed values: A-S6 (9),measured in the corpus
cc:findings,Forensic findings per run,software,type,,all sources,3,3,3,9,,,,,,,,,categorical — allowed values: c (9),measured in the corpus
cc:findings,Forensic findings per run,software,variant,,all sources,3,3,3,9,,,,,,,,,categorical — allowed values: ,measured in the corpus
cc:findings,Forensic findings per run,software,sop_sha256,,all sources,3,3,3,9,,,,,,,,,categorical — allowed values: 169e44a34f56120586941c7d64192a424c12ce217540a21e4907a7505d02f511 (9),measured in the corpus
cc:handoff_min,Data hand-off time,software,experiment,,all sources,0,0,3,3,,,,,,,,,categorical — allowed values: RUN-005 (1); RUN-006 (1); RUN-007 (1),measured in the corpus
cc:handoff_min,Data hand-off time,software,date,,all sources,0,0,3,3,,,,,,,,,categorical — allowed values: 2015-04-08 00:32 (1); 2015-04-09 07:49 (1); 2015-04-10 07:22 (1),measured in the corpus
cc:handoff_min,Data hand-off time,software,operator,,all sources,0,0,3,3,,,,,,,,,categorical — allowed values: ,measured in the corpus
cc:handoff_min,Data hand-off time,software,value,,all sources,0,0,3,3,,,,,,,,,categorical — allowed values: 9310.749666666667 (1); 10000.7834 (1); 6002.589533333334 (1),measured in the corpus
cc:handoff_min,Data hand-off time,software,value,minutes,QuantStudio-format (.eds),0,0,3,3,6002.58953,6333.40555,9310.74967,9931.78003,10000.7834,1745.01271,6002.58953,10000.7834,measured on only 3 values: observed range,measured in the corpus
cc:handoff_min,Data hand-off time,software,centre,,all sources,0,0,3,3,,,,,,,,,categorical — allowed values: nan (3),measured in the corpus
cc:handoff_min,Data hand-off time,software,ucl,,all sources,0,0,3,3,,,,,,,,,categorical — allowed values: nan (3),measured in the corpus
cc:handoff_min,Data hand-off time,software,lcl,,all sources,0,0,3,3,,,,,,,,,categorical — allowed values: nan (3),measured in the corpus
cc:handoff_min,Data hand-off time,software,s,,all sources,0,0,3,3,,,,,,,,,categorical — allowed values: ,measured in the corpus
cc:handoff_min,Data hand-off time,software,direction,,all sources,0,0,3,3,,,,,,,,,categorical — allowed values: ,measured in the corpus
cc:handoff_min,Data hand-off time,software,signal,,all sources,0,0,3,3,,,,,,,,,categorical — allowed values: ,measured in the corpus
cc:handoff_min,Data hand-off time,software,plotted_lower,,all sources,0,0,3,3,,,,,,,,,categorical — allowed values: ,measured in the corpus
cc:handoff_min,Data hand-off time,software,signal_side,,all sources,0,0,3,3,,,,,,,,,categorical — allowed values: ,measured in the corpus
cc:handoff_min,Data hand-off time,software,extract,,all sources,0,0,3,3,,,,,,,,,categorical — allowed values: ,measured in the corpus
cc:handoff_min,Data hand-off time,software,flags,,all sources,0,0,3,3,,,,,,,,,categorical — allowed values: ,measured in the corpus
cc:handoff_min,Data hand-off time,software,baseline,,all sources,0,0,3,3,,,,,,,,,categorical — allowed values: ,measured in the corpus
cc:handoff_min,Data hand-off time,software,chart,,all sources,0,0,3,3,,,,,,,,,categorical — allowed values: B-S6 (3),measured in the corpus
cc:handoff_min,Data hand-off time,software,type,,all sources,0,0,3,3,,,,,,,,,categorical — allowed values: i (3),measured in the corpus
cc:handoff_min,Data hand-off time,software,variant,,all sources,0,0,3,3,,,,,,,,,categorical — allowed values: ,measured in the corpus
cc:handoff_min,Data hand-off time,software,sop_sha256,,all sources,0,0,3,3,,,,,,,,,categorical — allowed values: 169e44a34f56120586941c7d64192a424c12ce217540a21e4907a7505d02f511 (3),measured in the corpus
cc:heat_rate,Peak heating rate (2-s window),hardware,experiment,,all sources,3,3,3,9,,,,,,,,,categorical — allowed values: RUN-001 (1); RUN-002 (1); RUN-003 (1); RUN-004 (1); RUN-008 (1); RUN-009 (1),measured in the corpus
cc:heat_rate,Peak heating rate (2-s window),hardware,date,,all sources,3,3,3,9,,,,,,,,,categorical — allowed values: 2021-10-04 10:57 (1); 2022-09-29 10:31 (1); 2025-03-18 11:44 (1); 2007-08-24 10:55 (1); 2007-09-21 11:58 (1); 2007-09-21 13:21 (1),measured in the corpus
cc:heat_rate,Peak heating rate (2-s window),hardware,operator,,all sources,3,3,3,9,,,,,,,,,categorical — allowed values: ,measured in the corpus
cc:heat_rate,Peak heating rate (2-s window),hardware,value,°C/s,LightCycler-format (.ixo),3,3,0,6,4.70303,4.72194,4.79091,5.55682,5.57576,0.36581,4.3,5.57576,"manufacturer specification in the chart definition, observed values beside it",measured in the corpus
cc:heat_rate,Peak heating rate (2-s window),hardware,value,°C/s,QuantStudio-format (.eds),0,0,3,3,3.95833,3.97502,4.12517,4.14002,4.14167,0.08281,3.95833,4.14167,measured on only 3 values: observed range,measured in the corpus
cc:heat_rate,Peak heating rate (2-s window),hardware,centre,,all sources,3,3,3,9,,,,,,,,,categorical — allowed values: nan (9),measured in the corpus
cc:heat_rate,Peak heating rate (2-s window),hardware,ucl,,all sources,3,3,3,9,,,,,,,,,categorical — allowed values: nan (9),measured in the corpus
cc:heat_rate,Peak heating rate (2-s window),hardware,lcl,,all sources,3,3,3,9,,,,,,,,,categorical — allowed values: nan (9),measured in the corpus
cc:heat_rate,Peak heating rate (2-s window),hardware,s,,all sources,3,3,3,9,,,,,,,,,categorical — allowed values: ,measured in the corpus
cc:heat_rate,Peak heating rate (2-s window),hardware,direction,,all sources,3,3,3,9,,,,,,,,,categorical — allowed values: ,measured in the corpus
cc:heat_rate,Peak heating rate (2-s window),hardware,signal,,all sources,3,3,3,9,,,,,,,,,categorical — allowed values: ,measured in the corpus
cc:heat_rate,Peak heating rate (2-s window),hardware,plotted_lower,,all sources,3,3,3,9,,,,,,,,,categorical — allowed values: ,measured in the corpus
cc:heat_rate,Peak heating rate (2-s window),hardware,signal_side,,all sources,3,3,3,9,,,,,,,,,categorical — allowed values: ,measured in the corpus
cc:heat_rate,Peak heating rate (2-s window),hardware,extract,,all sources,3,3,3,9,,,,,,,,,categorical — allowed values: ,measured in the corpus
cc:heat_rate,Peak heating rate (2-s window),hardware,flags,,all sources,3,3,3,9,,,,,,,,,categorical — allowed values: ,measured in the corpus
cc:heat_rate,Peak heating rate (2-s window),hardware,baseline,,all sources,3,3,3,9,,,,,,,,,categorical — allowed values: ,measured in the corpus
cc:heat_rate,Peak heating rate (2-s window),hardware,chart,,all sources,3,3,3,9,,,,,,,,,categorical — allowed values: B-H1 (9),measured in the corpus
cc:heat_rate,Peak heating rate (2-s window),hardware,type,,all sources,3,3,3,9,,,,,,,,,categorical — allowed values: trend (9),measured in the corpus
cc:heat_rate,Peak heating rate (2-s window),hardware,variant,,all sources,3,3,3,9,,,,,,,,,categorical — allowed values: ,measured in the corpus
cc:heat_rate,Peak heating rate (2-s window),hardware,sop_sha256,,all sources,3,3,3,9,,,,,,,,,categorical — allowed values: 169e44a34f56120586941c7d64192a424c12ce217540a21e4907a7505d02f511 (9),measured in the corpus
cc:heatsink_max,Heat-sink maximum,hardware,experiment,,all sources,0,0,3,3,,,,,,,,,categorical — allowed values: RUN-005 (1); RUN-006 (1); RUN-007 (1),measured in the corpus
cc:heatsink_max,Heat-sink maximum,hardware,date,,all sources,0,0,3,3,,,,,,,,,categorical — allowed values: 2015-04-08 00:32 (1); 2015-04-09 07:49 (1); 2015-04-10 07:22 (1),measured in the corpus
cc:heatsink_max,Heat-sink maximum,hardware,operator,,all sources,0,0,3,3,,,,,,,,,categorical — allowed values: ,measured in the corpus
cc:heatsink_max,Heat-sink maximum,hardware,value,,all sources,0,0,3,3,,,,,,,,,categorical — allowed values: 50.8 (1); 52 (1); 52.6 (1),measured in the corpus
cc:heatsink_max,Heat-sink maximum,hardware,value,°C,QuantStudio-format (.eds),0,0,3,3,50.8,50.92,52.0,52.54,52.6,0.74833,50.8,52.6,measured on only 3 values: observed range,measured in the corpus
cc:heatsink_max,Heat-sink maximum,hardware,centre,,all sources,0,0,3,3,,,,,,,,,categorical — allowed values: nan (3),measured in the corpus
cc:heatsink_max,Heat-sink maximum,hardware,ucl,,all sources,0,0,3,3,,,,,,,,,categorical — allowed values: nan (3),measured in the corpus
cc:heatsink_max,Heat-sink maximum,hardware,lcl,,all sources,0,0,3,3,,,,,,,,,categorical — allowed values: nan (3),measured in the corpus
cc:heatsink_max,Heat-sink maximum,hardware,s,,all sources,0,0,3,3,,,,,,,,,categorical — allowed values: ,measured in the corpus
cc:heatsink_max,Heat-sink maximum,hardware,direction,,all sources,0,0,3,3,,,,,,,,,categorical — allowed values: ,measured in the corpus
cc:heatsink_max,Heat-sink maximum,hardware,signal,,all sources,0,0,3,3,,,,,,,,,categorical — allowed values: ,measured in the corpus
cc:heatsink_max,Heat-sink maximum,hardware,plotted_lower,,all sources,0,0,3,3,,,,,,,,,categorical — allowed values: ,measured in the corpus
cc:heatsink_max,Heat-sink maximum,hardware,signal_side,,all sources,0,0,3,3,,,,,,,,,categorical — allowed values: ,measured in the corpus
cc:heatsink_max,Heat-sink maximum,hardware,extract,,all sources,0,0,3,3,,,,,,,,,categorical — allowed values: ,measured in the corpus
cc:heatsink_max,Heat-sink maximum,hardware,flags,,all sources,0,0,3,3,,,,,,,,,categorical — allowed values: ,measured in the corpus
cc:heatsink_max,Heat-sink maximum,hardware,baseline,,all sources,0,0,3,3,,,,,,,,,categorical — allowed values: ,measured in the corpus
cc:heatsink_max,Heat-sink maximum,hardware,chart,,all sources,0,0,3,3,,,,,,,,,categorical — allowed values: B-H6 (3),measured in the corpus
cc:heatsink_max,Heat-sink maximum,hardware,type,,all sources,0,0,3,3,,,,,,,,,categorical — allowed values: i (3),measured in the corpus
cc:heatsink_max,Heat-sink maximum,hardware,variant,,all sources,0,0,3,3,,,,,,,,,categorical — allowed values: ,measured in the corpus
cc:heatsink_max,Heat-sink maximum,hardware,sop_sha256,,all sources,0,0,3,3,,,,,,,,,categorical — allowed values: 169e44a34f56120586941c7d64192a424c12ce217540a21e4907a7505d02f511 (3),measured in the corpus
cc:hold_temp,Temperature at the moment of reading,hardware,experiment,,all sources,3,3,0,6,,,,,,,,,categorical — allowed values: RUN-001 (1); RUN-002 (1); RUN-003 (1); RUN-004 (1); RUN-008 (1); RUN-009 (1),measured in the corpus
cc:hold_temp,Temperature at the moment of reading,hardware,date,,all sources,3,3,0,6,,,,,,,,,categorical — allowed values: 2021-10-04 10:57 (1); 2022-09-29 10:31 (1); 2025-03-18 11:44 (1); 2007-08-24 10:55 (1); 2007-09-21 11:58 (1); 2007-09-21 13:21 (1),measured in the corpus
cc:hold_temp,Temperature at the moment of reading,hardware,operator,,all sources,3,3,0,6,,,,,,,,,categorical — allowed values: ,measured in the corpus
cc:hold_temp,Temperature at the moment of reading,hardware,value,°C from setpoint,LightCycler-format (.ixo),3,3,0,6,-0.43356,-0.43022,-0.24476,0.19092,0.275,0.26171,-0.43356,0.275,measured on only 6 values: observed range,measured in the corpus
cc:hold_temp,Temperature at the moment of reading,hardware,centre,,all sources,3,3,0,6,,,,,,,,,categorical — allowed values: nan (6),measured in the corpus
cc:hold_temp,Temperature at the moment of reading,hardware,ucl,,all sources,3,3,0,6,,,,,,,,,categorical — allowed values: nan (6),measured in the corpus
cc:hold_temp,Temperature at the moment of reading,hardware,lcl,,all sources,3,3,0,6,,,,,,,,,categorical — allowed values: nan (6),measured in the corpus
cc:hold_temp,Temperature at the moment of reading,hardware,s,°C from setpoint,LightCycler-format (.ixo),3,3,0,6,0.01375,0.01415,0.03857,0.33197,0.4295,0.14961,0.01375,0.4295,measured on only 6 values: observed range,measured in the corpus
cc:hold_temp,Temperature at the moment of reading,hardware,direction,,all sources,3,3,0,6,,,,,,,,,categorical — allowed values: ,measured in the corpus
cc:hold_temp,Temperature at the moment of reading,hardware,signal,,all sources,3,3,0,6,,,,,,,,,categorical — allowed values: ,measured in the corpus
cc:hold_temp,Temperature at the moment of reading,hardware,plotted_lower,,all sources,3,3,0,6,,,,,,,,,categorical — allowed values: ,measured in the corpus
cc:hold_temp,Temperature at the moment of reading,hardware,signal_side,,all sources,3,3,0,6,,,,,,,,,categorical — allowed values: ,measured in the corpus
cc:hold_temp,Temperature at the moment of reading,hardware,extract,,all sources,3,3,0,6,,,,,,,,,categorical — allowed values: ,measured in the corpus
cc:hold_temp,Temperature at the moment of reading,hardware,flags,,all sources,3,3,0,6,,,,,,,,,categorical — allowed values: ,measured in the corpus
cc:hold_temp,Temperature at the moment of reading,hardware,baseline,,all sources,3,3,0,6,,,,,,,,,categorical — allowed values: ,measured in the corpus
cc:hold_temp,Temperature at the moment of reading,hardware,chart,,all sources,3,3,0,6,,,,,,,,,categorical — allowed values: B-H4 (6),measured in the corpus
cc:hold_temp,Temperature at the moment of reading,hardware,type,,all sources,3,3,0,6,,,,,,,,,categorical — allowed values: xbars (6),measured in the corpus
cc:hold_temp,Temperature at the moment of reading,hardware,variant,,all sources,3,3,0,6,,,,,,,,,categorical — allowed values: ,measured in the corpus
cc:hold_temp,Temperature at the moment of reading,hardware,sop_sha256,,all sources,3,3,0,6,,,,,,,,,categorical — allowed values: 169e44a34f56120586941c7d64192a424c12ce217540a21e4907a7505d02f511 (6),measured in the corpus
cc:ic_shift,IC shift from fixed reference,method,value,cycles,both,0,0,0,0,,,,,,,5.0,45.0,theoretical range for cycles,invented within the theoretical limit
cc:img_proc,Image → processing delay,software,experiment,,all sources,0,0,3,3,,,,,,,,,categorical — allowed values: RUN-005 (1); RUN-006 (1); RUN-007 (1),measured in the corpus
cc:img_proc,Image → processing delay,software,date,,all sources,0,0,3,3,,,,,,,,,categorical — allowed values: 2015-04-08 00:32 (1); 2015-04-09 07:49 (1); 2015-04-10 07:22 (1),measured in the corpus
cc:img_proc,Image → processing delay,software,operator,,all sources,0,0,3,3,,,,,,,,,categorical — allowed values: ,measured in the corpus
cc:img_proc,Image → processing delay,software,value,,all sources,0,0,3,3,,,,,,,,,categorical — allowed values: 2440.000057220459 (1); 11141.999959945679 (1); 9171.000003814697 (1),measured in the corpus
cc:img_proc,Image → processing delay,software,value,ms (95th pct),QuantStudio-format (.eds),0,0,3,3,2440.00006,3113.10005,9171.0,10944.89996,11141.99996,3725.5276,2440.00006,11141.99996,measured on only 3 values: observed range,measured in the corpus
cc:img_proc,Image → processing delay,software,centre,,all sources,0,0,3,3,,,,,,,,,categorical — allowed values: nan (3),measured in the corpus
cc:img_proc,Image → processing delay,software,ucl,,all sources,0,0,3,3,,,,,,,,,categorical — allowed values: nan (3),measured in the corpus
cc:img_proc,Image → processing delay,software,lcl,,all sources,0,0,3,3,,,,,,,,,categorical — allowed values: nan (3),measured in the corpus
cc:img_proc,Image → processing delay,software,s,,all sources,0,0,3,3,,,,,,,,,categorical — allowed values: ,measured in the corpus
cc:img_proc,Image → processing delay,software,direction,,all sources,0,0,3,3,,,,,,,,,categorical — allowed values: ,measured in the corpus
cc:img_proc,Image → processing delay,software,signal,,all sources,0,0,3,3,,,,,,,,,categorical — allowed values: ,measured in the corpus
cc:img_proc,Image → processing delay,software,plotted_lower,,all sources,0,0,3,3,,,,,,,,,categorical — allowed values: ,measured in the corpus
cc:img_proc,Image → processing delay,software,signal_side,,all sources,0,0,3,3,,,,,,,,,categorical — allowed values: ,measured in the corpus
cc:img_proc,Image → processing delay,software,extract,,all sources,0,0,3,3,,,,,,,,,categorical — allowed values: ,measured in the corpus
cc:img_proc,Image → processing delay,software,flags,,all sources,0,0,3,3,,,,,,,,,categorical — allowed values: ,measured in the corpus
cc:img_proc,Image → processing delay,software,baseline,,all sources,0,0,3,3,,,,,,,,,categorical — allowed values: ,measured in the corpus
cc:img_proc,Image → processing delay,software,chart,,all sources,0,0,3,3,,,,,,,,,categorical — allowed values: B-S3 (3),measured in the corpus
cc:img_proc,Image → processing delay,software,type,,all sources,0,0,3,3,,,,,,,,,categorical — allowed values: i (3),measured in the corpus
cc:img_proc,Image → processing delay,software,variant,,all sources,0,0,3,3,,,,,,,,,categorical — allowed values: ,measured in the corpus
cc:img_proc,Image → processing delay,software,sop_sha256,,all sources,0,0,3,3,,,,,,,,,categorical — allowed values: 169e44a34f56120586941c7d64192a424c12ce217540a21e4907a7505d02f511 (3),measured in the corpus
cc:invalid_acq,Invalid fluorescence readings,software,experiment,,all sources,3,3,0,6,,,,,,,,,categorical — allowed values: RUN-001 (1); RUN-002 (1); RUN-003 (1); RUN-004 (1); RUN-008 (1); RUN-009 (1),measured in the corpus
cc:invalid_acq,Invalid fluorescence readings,software,date,,all sources,3,3,0,6,,,,,,,,,categorical — allowed values: 2021-10-04 10:57 (1); 2022-09-29 10:31 (1); 2025-03-18 11:44 (1); 2007-08-24 10:55 (1); 2007-09-21 11:58 (1); 2007-09-21 13:21 (1),measured in the corpus
cc:invalid_acq,Invalid fluorescence readings,software,operator,,all sources,3,3,0,6,,,,,,,,,categorical — allowed values: ,measured in the corpus
cc:invalid_acq,Invalid fluorescence readings,software,value,share of readings,LightCycler-format (.ixo),3,3,0,6,0.0,0.0,0.0,0.0,0.0,0.0,0.0,0.0,"measured, every value identical across 6 readings",measured in the corpus
cc:invalid_acq,Invalid fluorescence readings,software,centre,,all sources,3,3,0,6,,,,,,,,,categorical — allowed values: nan (6),measured in the corpus
cc:invalid_acq,Invalid fluorescence readings,software,ucl,,all sources,3,3,0,6,,,,,,,,,categorical — allowed values: nan (6),measured in the corpus
cc:invalid_acq,Invalid fluorescence readings,software,lcl,,all sources,3,3,0,6,,,,,,,,,categorical — allowed values: nan (6),measured in the corpus
cc:invalid_acq,Invalid fluorescence readings,software,s,,all sources,3,3,0,6,,,,,,,,,categorical — allowed values: ,measured in the corpus
cc:invalid_acq,Invalid fluorescence readings,software,direction,,all sources,3,3,0,6,,,,,,,,,categorical — allowed values: ,measured in the corpus
cc:invalid_acq,Invalid fluorescence readings,software,signal,,all sources,3,3,0,6,,,,,,,,,categorical — allowed values: ,measured in the corpus
cc:invalid_acq,Invalid fluorescence readings,software,plotted_lower,,all sources,3,3,0,6,,,,,,,,,categorical — allowed values: ,measured in the corpus
cc:invalid_acq,Invalid fluorescence readings,software,signal_side,,all sources,3,3,0,6,,,,,,,,,categorical — allowed values: ,measured in the corpus
cc:invalid_acq,Invalid fluorescence readings,software,extract,,all sources,3,3,0,6,,,,,,,,,categorical — allowed values: ,measured in the corpus
cc:invalid_acq,Invalid fluorescence readings,software,flags,,all sources,3,3,0,6,,,,,,,,,categorical — allowed values: ,measured in the corpus
cc:invalid_acq,Invalid fluorescence readings,software,baseline,,all sources,3,3,0,6,,,,,,,,,categorical — allowed values: ,measured in the corpus
cc:invalid_acq,Invalid fluorescence readings,software,chart,,all sources,3,3,0,6,,,,,,,,,categorical — allowed values: B-S11 (6),measured in the corpus
cc:invalid_acq,Invalid fluorescence readings,software,type,,all sources,3,3,0,6,,,,,,,,,categorical — allowed values: p (6),measured in the corpus
cc:invalid_acq,Invalid fluorescence readings,software,variant,,all sources,3,3,0,6,,,,,,,,,categorical — allowed values: ,measured in the corpus
cc:invalid_acq,Invalid fluorescence readings,software,sop_sha256,,all sources,3,3,0,6,,,,,,,,,categorical — allowed values: 169e44a34f56120586941c7d64192a424c12ce217540a21e4907a7505d02f511 (6),measured in the corpus
cc:lamp_drift,Lamp drift within a run,hardware,experiment,,all sources,3,3,0,6,,,,,,,,,categorical — allowed values: RUN-001 (1); RUN-002 (1); RUN-003 (1); RUN-004 (1); RUN-008 (1); RUN-009 (1),measured in the corpus
cc:lamp_drift,Lamp drift within a run,hardware,date,,all sources,3,3,0,6,,,,,,,,,categorical — allowed values: 2021-10-04 10:57 (1); 2022-09-29 10:31 (1); 2025-03-18 11:44 (1); 2007-08-24 10:55 (1); 2007-09-21 11:58 (1); 2007-09-21 13:21 (1),measured in the corpus
cc:lamp_drift,Lamp drift within a run,hardware,operator,,all sources,3,3,0,6,,,,,,,,,categorical — allowed values: ,measured in the corpus
cc:lamp_drift,Lamp drift within a run,hardware,value,% change in the run,LightCycler-format (.ixo),3,3,0,6,-3.10148,-2.98703,-1.45613,-0.21507,-0.03301,1.0994,-3.10148,-0.03301,measured on only 6 values: observed range,measured in the corpus
cc:lamp_drift,Lamp drift within a run,hardware,centre,,all sources,3,3,0,6,,,,,,,,,categorical — allowed values: nan (6),measured in the corpus
cc:lamp_drift,Lamp drift within a run,hardware,ucl,,all sources,3,3,0,6,,,,,,,,,categorical — allowed values: nan (6),measured in the corpus
cc:lamp_drift,Lamp drift within a run,hardware,lcl,,all sources,3,3,0,6,,,,,,,,,categorical — allowed values: nan (6),measured in the corpus
cc:lamp_drift,Lamp drift within a run,hardware,s,,all sources,3,3,0,6,,,,,,,,,categorical — allowed values: ,measured in the corpus
cc:lamp_drift,Lamp drift within a run,hardware,direction,,all sources,3,3,0,6,,,,,,,,,categorical — allowed values: ,measured in the corpus
cc:lamp_drift,Lamp drift within a run,hardware,signal,,all sources,3,3,0,6,,,,,,,,,categorical — allowed values: ,measured in the corpus
cc:lamp_drift,Lamp drift within a run,hardware,plotted_lower,,all sources,3,3,0,6,,,,,,,,,categorical — allowed values: ,measured in the corpus
cc:lamp_drift,Lamp drift within a run,hardware,signal_side,,all sources,3,3,0,6,,,,,,,,,categorical — allowed values: ,measured in the corpus
cc:lamp_drift,Lamp drift within a run,hardware,extract,,all sources,3,3,0,6,,,,,,,,,categorical — allowed values: ,measured in the corpus
cc:lamp_drift,Lamp drift within a run,hardware,flags,,all sources,3,3,0,6,,,,,,,,,categorical — allowed values: ,measured in the corpus
cc:lamp_drift,Lamp drift within a run,hardware,baseline,,all sources,3,3,0,6,,,,,,,,,categorical — allowed values: ,measured in the corpus
cc:lamp_drift,Lamp drift within a run,hardware,chart,,all sources,3,3,0,6,,,,,,,,,categorical — allowed values: B-H9 (6),measured in the corpus
cc:lamp_drift,Lamp drift within a run,hardware,type,,all sources,3,3,0,6,,,,,,,,,categorical — allowed values: i (6),measured in the corpus
cc:lamp_drift,Lamp drift within a run,hardware,variant,,all sources,3,3,0,6,,,,,,,,,categorical — allowed values: 465-510 (6),measured in the corpus
cc:lamp_drift,Lamp drift within a run,hardware,sop_sha256,,all sources,3,3,0,6,,,,,,,,,categorical — allowed values: 169e44a34f56120586941c7d64192a424c12ce217540a21e4907a7505d02f511 (6),measured in the corpus
cc:lamp_ref,Lamp reference channel (stability),hardware,experiment,,all sources,3,3,0,6,,,,,,,,,categorical — allowed values: RUN-001 (1); RUN-002 (1); RUN-003 (1); RUN-004 (1); RUN-008 (1); RUN-009 (1),measured in the corpus
cc:lamp_ref,Lamp reference channel (stability),hardware,date,,all sources,3,3,0,6,,,,,,,,,categorical — allowed values: 2021-10-04 10:57 (1); 2022-09-29 10:31 (1); 2025-03-18 11:44 (1); 2007-08-24 10:55 (1); 2007-09-21 11:58 (1); 2007-09-21 13:21 (1),measured in the corpus
cc:lamp_ref,Lamp reference channel (stability),hardware,operator,,all sources,3,3,0,6,,,,,,,,,categorical — allowed values: ,measured in the corpus
cc:lamp_ref,Lamp reference channel (stability),hardware,value,reference counts,LightCycler-format (.ixo),3,3,0,6,6282.0,6372.0,8156.5,9333.5,9343.0,1296.43915,6282.0,9343.0,measured on only 6 values: observed range,measured in the corpus
cc:lamp_ref,Lamp reference channel (stability),hardware,centre,,all sources,3,3,0,6,,,,,,,,,categorical — allowed values: nan (6),measured in the corpus
cc:lamp_ref,Lamp reference channel (stability),hardware,ucl,,all sources,3,3,0,6,,,,,,,,,categorical — allowed values: nan (6),measured in the corpus
cc:lamp_ref,Lamp reference channel (stability),hardware,lcl,,all sources,3,3,0,6,,,,,,,,,categorical — allowed values: nan (6),measured in the corpus
cc:lamp_ref,Lamp reference channel (stability),hardware,s,,all sources,3,3,0,6,,,,,,,,,categorical — allowed values: ,measured in the corpus
cc:lamp_ref,Lamp reference channel (stability),hardware,direction,,all sources,3,3,0,6,,,,,,,,,categorical — allowed values: ,measured in the corpus
cc:lamp_ref,Lamp reference channel (stability),hardware,signal,,all sources,3,3,0,6,,,,,,,,,categorical — allowed values: ,measured in the corpus
cc:lamp_ref,Lamp reference channel (stability),hardware,plotted_lower,,all sources,3,3,0,6,,,,,,,,,categorical — allowed values: ,measured in the corpus
cc:lamp_ref,Lamp reference channel (stability),hardware,signal_side,,all sources,3,3,0,6,,,,,,,,,categorical — allowed values: ,measured in the corpus
cc:lamp_ref,Lamp reference channel (stability),hardware,extract,,all sources,3,3,0,6,,,,,,,,,categorical — allowed values: ,measured in the corpus
cc:lamp_ref,Lamp reference channel (stability),hardware,flags,,all sources,3,3,0,6,,,,,,,,,categorical — allowed values: ,measured in the corpus
cc:lamp_ref,Lamp reference channel (stability),hardware,baseline,,all sources,3,3,0,6,,,,,,,,,categorical — allowed values: ,measured in the corpus
cc:lamp_ref,Lamp reference channel (stability),hardware,chart,,all sources,3,3,0,6,,,,,,,,,categorical — allowed values: B-H8 (6),measured in the corpus
cc:lamp_ref,Lamp reference channel (stability),hardware,type,,all sources,3,3,0,6,,,,,,,,,categorical — allowed values: i (6),measured in the corpus
cc:lamp_ref,Lamp reference channel (stability),hardware,variant,,all sources,3,3,0,6,,,,,,,,,categorical — allowed values: 465-510 (6),measured in the corpus
cc:lamp_ref,Lamp reference channel (stability),hardware,sop_sha256,,all sources,3,3,0,6,,,,,,,,,categorical — allowed values: 169e44a34f56120586941c7d64192a424c12ce217540a21e4907a7505d02f511 (6),measured in the corpus
cc:late_rate,Late signal / stochastic-zone results,method,experiment,,all sources,2,0,0,2,,,,,,,,,categorical — allowed values: RUN-002 (1); RUN-003 (1),measured in the corpus
cc:late_rate,Late signal / stochastic-zone results,method,date,,all sources,2,0,0,2,,,,,,,,,categorical — allowed values: 2022-09-29 10:31 (1); 2025-03-18 11:44 (1),measured in the corpus
cc:late_rate,Late signal / stochastic-zone results,method,operator,,all sources,2,0,0,2,,,,,,,,,categorical — allowed values: ,measured in the corpus
cc:late_rate,Late signal / stochastic-zone results,method,value,,all sources,2,0,0,2,,,,,,,,,categorical — allowed values: 0 (2),measured in the corpus
cc:late_rate,Late signal / stochastic-zone results,method,centre,,all sources,2,0,0,2,,,,,,,,,categorical — allowed values: nan (2),measured in the corpus
cc:late_rate,Late signal / stochastic-zone results,method,ucl,,all sources,2,0,0,2,,,,,,,,,categorical — allowed values: nan (2),measured in the corpus
cc:late_rate,Late signal / stochastic-zone results,method,lcl,,all sources,2,0,0,2,,,,,,,,,categorical — allowed values: nan (2),measured in the corpus
cc:late_rate,Late signal / stochastic-zone results,method,s,,all sources,2,0,0,2,,,,,,,,,categorical — allowed values: ,measured in the corpus
cc:late_rate,Late signal / stochastic-zone results,method,direction,,all sources,2,0,0,2,,,,,,,,,categorical — allowed values: ,measured in the corpus
cc:late_rate,Late signal / stochastic-zone results,method,signal,,all sources,2,0,0,2,,,,,,,,,categorical — allowed values: ,measured in the corpus
cc:late_rate,Late signal / stochastic-zone results,method,plotted_lower,,all sources,2,0,0,2,,,,,,,,,categorical — allowed values: ,measured in the corpus
cc:late_rate,Late signal / stochastic-zone results,method,signal_side,,all sources,2,0,0,2,,,,,,,,,categorical — allowed values: ,measured in the corpus
cc:late_rate,Late signal / stochastic-zone results,method,extract,,all sources,2,0,0,2,,,,,,,,,categorical — allowed values: ,measured in the corpus
cc:late_rate,Late signal / stochastic-zone results,method,flags,,all sources,2,0,0,2,,,,,,,,,categorical — allowed values: ,measured in the corpus
cc:late_rate,Late signal / stochastic-zone results,method,baseline,,all sources,2,0,0,2,,,,,,,,,categorical — allowed values: ,measured in the corpus
cc:late_rate,Late signal / stochastic-zone results,method,chart,,all sources,2,0,0,2,,,,,,,,,categorical — allowed values: B-M10 (2),measured in the corpus
cc:late_rate,Late signal / stochastic-zone results,method,type,,all sources,2,0,0,2,,,,,,,,,categorical — allowed values: p (2),measured in the corpus
cc:late_rate,Late signal / stochastic-zone results,method,variant,,all sources,2,0,0,2,,,,,,,,,categorical — allowed values: ,measured in the corpus
cc:late_rate,Late signal / stochastic-zone results,method,sop_sha256,,all sources,2,0,0,2,,,,,,,,,categorical — allowed values: 169e44a34f56120586941c7d64192a424c12ce217540a21e4907a7505d02f511 (2),measured in the corpus
cc:led_current,LED drive current,hardware,experiment,,all sources,0,0,3,3,,,,,,,,,categorical — allowed values: RUN-005 (1); RUN-006 (1); RUN-007 (1),measured in the corpus
cc:led_current,LED drive current,hardware,date,,all sources,0,0,3,3,,,,,,,,,categorical — allowed values: 2015-04-08 00:32 (1); 2015-04-09 07:49 (1); 2015-04-10 07:22 (1),measured in the corpus
cc:led_current,LED drive current,hardware,operator,,all sources,0,0,3,3,,,,,,,,,categorical — allowed values: ,measured in the corpus
cc:led_current,LED drive current,hardware,value,,all sources,0,0,3,3,,,,,,,,,categorical — allowed values: 9.57411 (2); 9.56336 (1),measured in the corpus
cc:led_current,LED drive current,hardware,value,current (as logged),QuantStudio-format (.eds),0,0,3,3,9.56336,9.56443,9.57411,9.57411,9.57411,0.00507,9.56336,9.57411,"measured, every value identical across 3 readings",measured in the corpus
cc:led_current,LED drive current,hardware,centre,,all sources,0,0,3,3,,,,,,,,,categorical — allowed values: nan (3),measured in the corpus
cc:led_current,LED drive current,hardware,ucl,,all sources,0,0,3,3,,,,,,,,,categorical — allowed values: nan (3),measured in the corpus
cc:led_current,LED drive current,hardware,lcl,,all sources,0,0,3,3,,,,,,,,,categorical — allowed values: nan (3),measured in the corpus
cc:led_current,LED drive current,hardware,s,,all sources,0,0,3,3,,,,,,,,,categorical — allowed values: ,measured in the corpus
cc:led_current,LED drive current,hardware,direction,,all sources,0,0,3,3,,,,,,,,,categorical — allowed values: ,measured in the corpus
cc:led_current,LED drive current,hardware,signal,,all sources,0,0,3,3,,,,,,,,,categorical — allowed values: ,measured in the corpus
cc:led_current,LED drive current,hardware,plotted_lower,,all sources,0,0,3,3,,,,,,,,,categorical — allowed values: ,measured in the corpus
cc:led_current,LED drive current,hardware,signal_side,,all sources,0,0,3,3,,,,,,,,,categorical — allowed values: ,measured in the corpus
cc:led_current,LED drive current,hardware,extract,,all sources,0,0,3,3,,,,,,,,,categorical — allowed values: ,measured in the corpus
cc:led_current,LED drive current,hardware,flags,,all sources,0,0,3,3,,,,,,,,,categorical — allowed values: ,measured in the corpus
cc:led_current,LED drive current,hardware,baseline,,all sources,0,0,3,3,,,,,,,,,categorical — allowed values: ,measured in the corpus
cc:led_current,LED drive current,hardware,chart,,all sources,0,0,3,3,,,,,,,,,categorical — allowed values: B-H10 (3),measured in the corpus
cc:led_current,LED drive current,hardware,type,,all sources,0,0,3,3,,,,,,,,,categorical — allowed values: trend (3),measured in the corpus
cc:led_current,LED drive current,hardware,variant,,all sources,0,0,3,3,,,,,,,,,categorical — allowed values: ,measured in the corpus
cc:led_current,LED drive current,hardware,sop_sha256,,all sources,0,0,3,3,,,,,,,,,categorical — allowed values: 169e44a34f56120586941c7d64192a424c12ce217540a21e4907a7505d02f511 (3),measured in the corpus
cc:led_junction,LED junction temperature (maximum),hardware,experiment,,all sources,0,0,3,3,,,,,,,,,categorical — allowed values: RUN-005 (1); RUN-006 (1); RUN-007 (1),measured in the corpus
cc:led_junction,LED junction temperature (maximum),hardware,date,,all sources,0,0,3,3,,,,,,,,,categorical — allowed values: 2015-04-08 00:32 (1); 2015-04-09 07:49 (1); 2015-04-10 07:22 (1),measured in the corpus
cc:led_junction,LED junction temperature (maximum),hardware,operator,,all sources,0,0,3,3,,,,,,,,,categorical — allowed values: ,measured in the corpus
cc:led_junction,LED junction temperature (maximum),hardware,value,,all sources,0,0,3,3,,,,,,,,,categorical — allowed values: 75.7824 (1); 76.5731 (1); 76.5862 (1),measured in the corpus
cc:led_junction,LED junction temperature (maximum),hardware,value,°C,QuantStudio-format (.eds),0,0,3,3,75.7824,75.86147,76.5731,76.58489,76.5862,0.37587,75.7824,76.5862,measured on only 3 values: observed range,measured in the corpus
cc:led_junction,LED junction temperature (maximum),hardware,centre,,all sources,0,0,3,3,,,,,,,,,categorical — allowed values: nan (3),measured in the corpus
cc:led_junction,LED junction temperature (maximum),hardware,ucl,,all sources,0,0,3,3,,,,,,,,,categorical — allowed values: nan (3),measured in the corpus
cc:led_junction,LED junction temperature (maximum),hardware,lcl,,all sources,0,0,3,3,,,,,,,,,categorical — allowed values: nan (3),measured in the corpus
cc:led_junction,LED junction temperature (maximum),hardware,s,,all sources,0,0,3,3,,,,,,,,,categorical — allowed values: ,measured in the corpus
cc:led_junction,LED junction temperature (maximum),hardware,direction,,all sources,0,0,3,3,,,,,,,,,categorical — allowed values: ,measured in the corpus
cc:led_junction,LED junction temperature (maximum),hardware,signal,,all sources,0,0,3,3,,,,,,,,,categorical — allowed values: ,measured in the corpus
cc:led_junction,LED junction temperature (maximum),hardware,plotted_lower,,all sources,0,0,3,3,,,,,,,,,categorical — allowed values: ,measured in the corpus
cc:led_junction,LED junction temperature (maximum),hardware,signal_side,,all sources,0,0,3,3,,,,,,,,,categorical — allowed values: ,measured in the corpus
cc:led_junction,LED junction temperature (maximum),hardware,extract,,all sources,0,0,3,3,,,,,,,,,categorical — allowed values: ,measured in the corpus
cc:led_junction,LED junction temperature (maximum),hardware,flags,,all sources,0,0,3,3,,,,,,,,,categorical — allowed values: ,measured in the corpus
cc:led_junction,LED junction temperature (maximum),hardware,baseline,,all sources,0,0,3,3,,,,,,,,,categorical — allowed values: ,measured in the corpus
cc:led_junction,LED junction temperature (maximum),hardware,chart,,all sources,0,0,3,3,,,,,,,,,categorical — allowed values: B-H10b (3),measured in the corpus
cc:led_junction,LED junction temperature (maximum),hardware,type,,all sources,0,0,3,3,,,,,,,,,categorical — allowed values: i (3),measured in the corpus
cc:led_junction,LED junction temperature (maximum),hardware,variant,,all sources,0,0,3,3,,,,,,,,,categorical — allowed values: ,measured in the corpus
cc:led_junction,LED junction temperature (maximum),hardware,sop_sha256,,all sources,0,0,3,3,,,,,,,,,categorical — allowed values: 169e44a34f56120586941c7d64192a424c12ce217540a21e4907a7505d02f511 (3),measured in the corpus
cc:log_errors,Command errors in the instrument log,software,experiment,,all sources,0,0,3,3,,,,,,,,,categorical — allowed values: RUN-005 (1); RUN-006 (1); RUN-007 (1),measured in the corpus
cc:log_errors,Command errors in the instrument log,software,date,,all sources,0,0,3,3,,,,,,,,,categorical — allowed values: 2015-04-08 00:32 (1); 2015-04-09 07:49 (1); 2015-04-10 07:22 (1),measured in the corpus
cc:log_errors,Command errors in the instrument log,software,operator,,all sources,0,0,3,3,,,,,,,,,categorical — allowed values: ,measured in the corpus
cc:log_errors,Command errors in the instrument log,software,value,,all sources,0,0,3,3,,,,,,,,,categorical — allowed values: 0 (3),measured in the corpus
cc:log_errors,Command errors in the instrument log,software,value,errors,QuantStudio-format (.eds),0,0,3,3,0.0,0.0,0.0,0.0,0.0,0.0,0.0,0.0,"measured, every value identical across 3 readings",measured in the corpus
cc:log_errors,Command errors in the instrument log,software,centre,,all sources,0,0,3,3,,,,,,,,,categorical — allowed values: nan (3),measured in the corpus
cc:log_errors,Command errors in the instrument log,software,ucl,,all sources,0,0,3,3,,,,,,,,,categorical — allowed values: nan (3),measured in the corpus
cc:log_errors,Command errors in the instrument log,software,lcl,,all sources,0,0,3,3,,,,,,,,,categorical — allowed values: nan (3),measured in the corpus
cc:log_errors,Command errors in the instrument log,software,s,,all sources,0,0,3,3,,,,,,,,,categorical — allowed values: ,measured in the corpus
cc:log_errors,Command errors in the instrument log,software,direction,,all sources,0,0,3,3,,,,,,,,,categorical — allowed values: ,measured in the corpus
cc:log_errors,Command errors in the instrument log,software,signal,,all sources,0,0,3,3,,,,,,,,,categorical — allowed values: ,measured in the corpus
cc:log_errors,Command errors in the instrument log,software,plotted_lower,,all sources,0,0,3,3,,,,,,,,,categorical — allowed values: ,measured in the corpus
cc:log_errors,Command errors in the instrument log,software,signal_side,,all sources,0,0,3,3,,,,,,,,,categorical — allowed values: ,measured in the corpus
cc:log_errors,Command errors in the instrument log,software,extract,,all sources,0,0,3,3,,,,,,,,,categorical — allowed values: ,measured in the corpus
cc:log_errors,Command errors in the instrument log,software,flags,,all sources,0,0,3,3,,,,,,,,,categorical — allowed values: ,measured in the corpus
cc:log_errors,Command errors in the instrument log,software,baseline,,all sources,0,0,3,3,,,,,,,,,categorical — allowed values: ,measured in the corpus
cc:log_errors,Command errors in the instrument log,software,chart,,all sources,0,0,3,3,,,,,,,,,categorical — allowed values: B-S8 (3),measured in the corpus
cc:log_errors,Command errors in the instrument log,software,type,,all sources,0,0,3,3,,,,,,,,,categorical — allowed values: c (3),measured in the corpus
cc:log_errors,Command errors in the instrument log,software,variant,,all sources,0,0,3,3,,,,,,,,,categorical — allowed values: ,measured in the corpus
cc:log_errors,Command errors in the instrument log,software,sop_sha256,,all sources,0,0,3,3,,,,,,,,,categorical — allowed values: 169e44a34f56120586941c7d64192a424c12ce217540a21e4907a7505d02f511 (3),measured in the corpus
cc:low_conf,Low Cq confidence,method,experiment,,all sources,0,0,3,3,,,,,,,,,categorical — allowed values: RUN-005 (1); RUN-006 (1); RUN-007 (1),measured in the corpus
cc:low_conf,Low Cq confidence,method,date,,all sources,0,0,3,3,,,,,,,,,categorical — allowed values: 2015-04-08 00:32 (1); 2015-04-09 07:49 (1); 2015-04-10 07:22 (1),measured in the corpus
cc:low_conf,Low Cq confidence,method,operator,,all sources,0,0,3,3,,,,,,,,,categorical — allowed values: ,measured in the corpus
cc:low_conf,Low Cq confidence,method,value,,all sources,0,0,3,3,,,,,,,,,categorical — allowed values: 0 (3),measured in the corpus
cc:low_conf,Low Cq confidence,method,value,share of wells,QuantStudio-format (.eds),0,0,3,3,0.0,0.0,0.0,0.0,0.0,0.0,0.0,0.0,"measured, every value identical across 3 readings",measured in the corpus
cc:low_conf,Low Cq confidence,method,centre,,all sources,0,0,3,3,,,,,,,,,categorical — allowed values: nan (3),measured in the corpus
cc:low_conf,Low Cq confidence,method,ucl,,all sources,0,0,3,3,,,,,,,,,categorical — allowed values: nan (3),measured in the corpus
cc:low_conf,Low Cq confidence,method,lcl,,all sources,0,0,3,3,,,,,,,,,categorical — allowed values: nan (3),measured in the corpus
cc:low_conf,Low Cq confidence,method,s,,all sources,0,0,3,3,,,,,,,,,categorical — allowed values: ,measured in the corpus
cc:low_conf,Low Cq confidence,method,direction,,all sources,0,0,3,3,,,,,,,,,categorical — allowed values: ,measured in the corpus
cc:low_conf,Low Cq confidence,method,signal,,all sources,0,0,3,3,,,,,,,,,categorical — allowed values: ,measured in the corpus
cc:low_conf,Low Cq confidence,method,plotted_lower,,all sources,0,0,3,3,,,,,,,,,categorical — allowed values: ,measured in the corpus
cc:low_conf,Low Cq confidence,method,signal_side,,all sources,0,0,3,3,,,,,,,,,categorical — allowed values: ,measured in the corpus
cc:low_conf,Low Cq confidence,method,extract,,all sources,0,0,3,3,,,,,,,,,categorical — allowed values: ,measured in the corpus
cc:low_conf,Low Cq confidence,method,flags,,all sources,0,0,3,3,,,,,,,,,categorical — allowed values: ,measured in the corpus
cc:low_conf,Low Cq confidence,method,baseline,,all sources,0,0,3,3,,,,,,,,,categorical — allowed values: ,measured in the corpus
cc:low_conf,Low Cq confidence,method,chart,,all sources,0,0,3,3,,,,,,,,,categorical — allowed values: B-M9 (3),measured in the corpus
cc:low_conf,Low Cq confidence,method,type,,all sources,0,0,3,3,,,,,,,,,categorical — allowed values: p (3),measured in the corpus
cc:low_conf,Low Cq confidence,method,variant,,all sources,0,0,3,3,,,,,,,,,categorical — allowed values: ,measured in the corpus
cc:low_conf,Low Cq confidence,method,sop_sha256,,all sources,0,0,3,3,,,,,,,,,categorical — allowed values: 169e44a34f56120586941c7d64192a424c12ce217540a21e4907a7505d02f511 (3),measured in the corpus
cc:manual_rate,Manual interventions,operator,experiment,,all sources,3,1,3,7,,,,,,,,,categorical — allowed values: RUN-001 (1); RUN-002 (1); RUN-003 (1); RUN-004 (1); RUN-005 (1); RUN-006 (1),measured in the corpus
cc:manual_rate,Manual interventions,operator,date,,all sources,3,1,3,7,,,,,,,,,categorical — allowed values: 2021-10-04 10:57 (1); 2022-09-29 10:31 (1); 2025-03-18 11:44 (1); 2007-08-24 10:55 (1); 2015-04-08 00:32 (1); 2015-04-09 07:49 (1),measured in the corpus
cc:manual_rate,Manual interventions,operator,operator,,all sources,3,1,3,7,,,,,,,,,categorical — allowed values: ,measured in the corpus
cc:manual_rate,Manual interventions,operator,value,share of settings,LightCycler-format (.ixo),3,1,0,4,0.0,0.0,0.0,0.0,0.0,0.0,0.0,0.0,"measured, every value identical across 4 readings",measured in the corpus
cc:manual_rate,Manual interventions,operator,value,share of settings,QuantStudio-format (.eds),0,0,3,3,0.0,0.0,0.0,0.0,0.0,0.0,0.0,0.0,"measured, every value identical across 3 readings",measured in the corpus
cc:manual_rate,Manual interventions,operator,centre,,all sources,3,1,3,7,,,,,,,,,categorical — allowed values: nan (7),measured in the corpus
cc:manual_rate,Manual interventions,operator,ucl,,all sources,3,1,3,7,,,,,,,,,categorical — allowed values: nan (7),measured in the corpus
cc:manual_rate,Manual interventions,operator,lcl,,all sources,3,1,3,7,,,,,,,,,categorical — allowed values: nan (7),measured in the corpus
cc:manual_rate,Manual interventions,operator,s,,all sources,3,1,3,7,,,,,,,,,categorical — allowed values: ,measured in the corpus
cc:manual_rate,Manual interventions,operator,direction,,all sources,3,1,3,7,,,,,,,,,categorical — allowed values: ,measured in the corpus
cc:manual_rate,Manual interventions,operator,signal,,all sources,3,1,3,7,,,,,,,,,categorical — allowed values: ,measured in the corpus
cc:manual_rate,Manual interventions,operator,plotted_lower,,all sources,3,1,3,7,,,,,,,,,categorical — allowed values: ,measured in the corpus
cc:manual_rate,Manual interventions,operator,signal_side,,all sources,3,1,3,7,,,,,,,,,categorical — allowed values: ,measured in the corpus
cc:manual_rate,Manual interventions,operator,extract,,all sources,3,1,3,7,,,,,,,,,categorical — allowed values: ,measured in the corpus
cc:manual_rate,Manual interventions,operator,flags,,all sources,3,1,3,7,,,,,,,,,categorical — allowed values: ,measured in the corpus
cc:manual_rate,Manual interventions,operator,baseline,,all sources,3,1,3,7,,,,,,,,,categorical — allowed values: ,measured in the corpus
cc:manual_rate,Manual interventions,operator,chart,,all sources,3,1,3,7,,,,,,,,,categorical — allowed values: B-O7 (7),measured in the corpus
cc:manual_rate,Manual interventions,operator,type,,all sources,3,1,3,7,,,,,,,,,categorical — allowed values: p (7),measured in the corpus
cc:manual_rate,Manual interventions,operator,variant,,all sources,3,1,3,7,,,,,,,,,categorical — allowed values: ,measured in the corpus
cc:manual_rate,Manual interventions,operator,sop_sha256,,all sources,3,1,3,7,,,,,,,,,categorical — allowed values: 169e44a34f56120586941c7d64192a424c12ce217540a21e4907a7505d02f511 (7),measured in the corpus
cc:ntc_op,Contamination rate by operator (funnel),operator,operator,,all sources,1,0,0,1,,,,,,,,,categorical — allowed values: PERSON-001 (1),measured in the corpus
cc:ntc_op,Contamination rate by operator (funnel),operator,n,,all sources,1,0,0,1,,,,,,,,,categorical — allowed values: 4 (1),measured in the corpus
cc:ntc_op,Contamination rate by operator (funnel),operator,bad,,all sources,1,0,0,1,,,,,,,,,categorical — allowed values: 0 (1),measured in the corpus
cc:ntc_op,Contamination rate by operator (funnel),operator,rate,,all sources,1,0,0,1,,,,,,,,,categorical — allowed values: 0 (1),measured in the corpus
cc:ntc_op,Contamination rate by operator (funnel),operator,limit95,,all sources,1,0,0,1,,,,,,,,,categorical — allowed values: 0 (1),measured in the corpus
cc:ntc_op,Contamination rate by operator (funnel),operator,limit998,,all sources,1,0,0,1,,,,,,,,,categorical — allowed values: 0 (1),measured in the corpus
cc:ntc_op,Contamination rate by operator (funnel),operator,flags,,all sources,1,0,0,1,,,,,,,,,categorical — allowed values: ,measured in the corpus
cc:ntc_rate,Negative controls by process stage,method,experiment,,all sources,2,0,0,2,,,,,,,,,categorical — allowed values: RUN-002 (1); RUN-003 (1),measured in the corpus
cc:ntc_rate,Negative controls by process stage,method,date,,all sources,2,0,0,2,,,,,,,,,categorical — allowed values: 2022-09-29 10:31 (1); 2025-03-18 11:44 (1),measured in the corpus
cc:ntc_rate,Negative controls by process stage,method,operator,,all sources,2,0,0,2,,,,,,,,,categorical — allowed values: ,measured in the corpus
cc:ntc_rate,Negative controls by process stage,method,value,,all sources,2,0,0,2,,,,,,,,,categorical — allowed values: 0 (2),measured in the corpus
cc:ntc_rate,Negative controls by process stage,method,centre,,all sources,2,0,0,2,,,,,,,,,categorical — allowed values: nan (2),measured in the corpus
cc:ntc_rate,Negative controls by process stage,method,ucl,,all sources,2,0,0,2,,,,,,,,,categorical — allowed values: nan (2),measured in the corpus
cc:ntc_rate,Negative controls by process stage,method,lcl,,all sources,2,0,0,2,,,,,,,,,categorical — allowed values: nan (2),measured in the corpus
cc:ntc_rate,Negative controls by process stage,method,s,,all sources,2,0,0,2,,,,,,,,,categorical — allowed values: ,measured in the corpus
cc:ntc_rate,Negative controls by process stage,method,direction,,all sources,2,0,0,2,,,,,,,,,categorical — allowed values: ,measured in the corpus
cc:ntc_rate,Negative controls by process stage,method,signal,,all sources,2,0,0,2,,,,,,,,,categorical — allowed values: ,measured in the corpus
cc:ntc_rate,Negative controls by process stage,method,plotted_lower,,all sources,2,0,0,2,,,,,,,,,categorical — allowed values: ,measured in the corpus
cc:ntc_rate,Negative controls by process stage,method,signal_side,,all sources,2,0,0,2,,,,,,,,,categorical — allowed values: ,measured in the corpus
cc:ntc_rate,Negative controls by process stage,method,extract,,all sources,2,0,0,2,,,,,,,,,categorical — allowed values: ,measured in the corpus
cc:ntc_rate,Negative controls by process stage,method,flags,,all sources,2,0,0,2,,,,,,,,,categorical — allowed values: ,measured in the corpus
cc:ntc_rate,Negative controls by process stage,method,baseline,,all sources,2,0,0,2,,,,,,,,,categorical — allowed values: ,measured in the corpus
cc:ntc_rate,Negative controls by process stage,method,chart,,all sources,2,0,0,2,,,,,,,,,categorical — allowed values: B-M5 (2),measured in the corpus
cc:ntc_rate,Negative controls by process stage,method,type,,all sources,2,0,0,2,,,,,,,,,categorical — allowed values: p (2),measured in the corpus
cc:ntc_rate,Negative controls by process stage,method,variant,,all sources,2,0,0,2,,,,,,,,,categorical — allowed values: negative matrix control (2),measured in the corpus
cc:ntc_rate,Negative controls by process stage,method,sop_sha256,,all sources,2,0,0,2,,,,,,,,,categorical — allowed values: 169e44a34f56120586941c7d64192a424c12ce217540a21e4907a7505d02f511 (2),measured in the corpus
cc:overshoot,Overshoot at the denaturation step,hardware,experiment,,all sources,3,2,1,6,,,,,,,,,categorical — allowed values: RUN-001 (1); RUN-002 (1); RUN-003 (1); RUN-004 (1); RUN-008 (1); RUN-005 (1),measured in the corpus
cc:overshoot,Overshoot at the denaturation step,hardware,date,,all sources,3,2,1,6,,,,,,,,,categorical — allowed values: 2021-10-04 10:57 (1); 2022-09-29 10:31 (1); 2025-03-18 11:44 (1); 2007-08-24 10:55 (1); 2007-09-21 11:58 (1); 2015-04-08 00:32 (1),measured in the corpus
cc:overshoot,Overshoot at the denaturation step,hardware,operator,,all sources,3,2,1,6,,,,,,,,,categorical — allowed values: ,measured in the corpus
cc:overshoot,Overshoot at the denaturation step,hardware,value,°C,LightCycler-format (.ixo),3,2,0,5,2.25,2.82,5.4,5.47,5.47,1.25149,2.25,5.47,measured on only 5 values: observed range,measured in the corpus
cc:overshoot,Overshoot at the denaturation step,hardware,centre,,all sources,3,2,1,6,,,,,,,,,categorical — allowed values: nan (6),measured in the corpus
cc:overshoot,Overshoot at the denaturation step,hardware,ucl,,all sources,3,2,1,6,,,,,,,,,categorical — allowed values: nan (6),measured in the corpus
cc:overshoot,Overshoot at the denaturation step,hardware,lcl,,all sources,3,2,1,6,,,,,,,,,categorical — allowed values: nan (6),measured in the corpus
cc:overshoot,Overshoot at the denaturation step,hardware,s,,all sources,3,2,1,6,,,,,,,,,categorical — allowed values: ,measured in the corpus
cc:overshoot,Overshoot at the denaturation step,hardware,direction,,all sources,3,2,1,6,,,,,,,,,categorical — allowed values: ,measured in the corpus
cc:overshoot,Overshoot at the denaturation step,hardware,signal,,all sources,3,2,1,6,,,,,,,,,categorical — allowed values: ,measured in the corpus
cc:overshoot,Overshoot at the denaturation step,hardware,plotted_lower,°C,LightCycler-format (.ixo),3,2,0,5,-1.004,-0.816,-0.0,0.0,-0.0,0.39598,-1.004,-0.0,"measured, every value identical across 5 readings",measured in the corpus
cc:overshoot,Overshoot at the denaturation step,hardware,signal_side,,all sources,3,2,1,6,,,,,,,,,categorical — allowed values: ,measured in the corpus
cc:overshoot,Overshoot at the denaturation step,hardware,extract,,all sources,3,2,1,6,,,,,,,,,categorical — allowed values: ,measured in the corpus
cc:overshoot,Overshoot at the denaturation step,hardware,flags,,all sources,3,2,1,6,,,,,,,,,categorical — allowed values: ,measured in the corpus
cc:overshoot,Overshoot at the denaturation step,hardware,baseline,,all sources,3,2,1,6,,,,,,,,,categorical — allowed values: ,measured in the corpus
cc:overshoot,Overshoot at the denaturation step,hardware,chart,,all sources,3,2,1,6,,,,,,,,,categorical — allowed values: B-H3 (6),measured in the corpus
cc:overshoot,Overshoot at the denaturation step,hardware,type,,all sources,3,2,1,6,,,,,,,,,categorical — allowed values: cusum (6),measured in the corpus
cc:overshoot,Overshoot at the denaturation step,hardware,variant,,all sources,3,2,1,6,,,,,,,,,categorical — allowed values: ,measured in the corpus
cc:overshoot,Overshoot at the denaturation step,hardware,sop_sha256,,all sources,3,2,1,6,,,,,,,,,categorical — allowed values: 169e44a34f56120586941c7d64192a424c12ce217540a21e4907a7505d02f511 (6),measured in the corpus
cc:pc_amplitude,Probe signal strength (positive control),method,experiment,,all sources,1,0,0,1,,,,,,,,,categorical — allowed values: RUN-002 (1),measured in the corpus
cc:pc_amplitude,Probe signal strength (positive control),method,date,,all sources,1,0,0,1,,,,,,,,,categorical — allowed values: 2022-09-29 10:31 (1),measured in the corpus
cc:pc_amplitude,Probe signal strength (positive control),method,operator,,all sources,1,0,0,1,,,,,,,,,categorical — allowed values: ,measured in the corpus
cc:pc_amplitude,Probe signal strength (positive control),method,value,,all sources,1,0,0,1,,,,,,,,,categorical — allowed values: 1407.2878646850586 (1),measured in the corpus
cc:pc_amplitude,Probe signal strength (positive control),method,centre,,all sources,1,0,0,1,,,,,,,,,categorical — allowed values: nan (1),measured in the corpus
cc:pc_amplitude,Probe signal strength (positive control),method,ucl,,all sources,1,0,0,1,,,,,,,,,categorical — allowed values: nan (1),measured in the corpus
cc:pc_amplitude,Probe signal strength (positive control),method,lcl,,all sources,1,0,0,1,,,,,,,,,categorical — allowed values: nan (1),measured in the corpus
cc:pc_amplitude,Probe signal strength (positive control),method,s,,all sources,1,0,0,1,,,,,,,,,categorical — allowed values: ,measured in the corpus
cc:pc_amplitude,Probe signal strength (positive control),method,direction,,all sources,1,0,0,1,,,,,,,,,categorical — allowed values: ,measured in the corpus
cc:pc_amplitude,Probe signal strength (positive control),method,signal,,all sources,1,0,0,1,,,,,,,,,categorical — allowed values: ,measured in the corpus
cc:pc_amplitude,Probe signal strength (positive control),method,plotted_lower,,all sources,1,0,0,1,,,,,,,,,categorical — allowed values: ,measured in the corpus
cc:pc_amplitude,Probe signal strength (positive control),method,signal_side,,all sources,1,0,0,1,,,,,,,,,categorical — allowed values: ,measured in the corpus
cc:pc_amplitude,Probe signal strength (positive control),method,extract,,all sources,1,0,0,1,,,,,,,,,categorical — allowed values: date not recorded · 415B (1),measured in the corpus
cc:pc_amplitude,Probe signal strength (positive control),method,flags,,all sources,1,0,0,1,,,,,,,,,categorical — allowed values: ,measured in the corpus
cc:pc_amplitude,Probe signal strength (positive control),method,baseline,,all sources,1,0,0,1,,,,,,,,,categorical — allowed values: ,measured in the corpus
cc:pc_amplitude,Probe signal strength (positive control),method,chart,,all sources,1,0,0,1,,,,,,,,,categorical — allowed values: B-M1 (1),measured in the corpus
cc:pc_amplitude,Probe signal strength (positive control),method,type,,all sources,1,0,0,1,,,,,,,,,categorical — allowed values: ewma (1),measured in the corpus
cc:pc_amplitude,Probe signal strength (positive control),method,variant,,all sources,1,0,0,1,,,,,,,,,categorical — allowed values: 35S | ERM-BF415B (1),measured in the corpus
cc:pc_amplitude,Probe signal strength (positive control),method,sop_sha256,,all sources,1,0,0,1,,,,,,,,,categorical — allowed values: 169e44a34f56120586941c7d64192a424c12ce217540a21e4907a7505d02f511 (1),measured in the corpus
cc:pc_cq,Positive control Cq (Levey-Jennings),method,experiment,,all sources,1,0,0,1,,,,,,,,,categorical — allowed values: RUN-002 (1),measured in the corpus
cc:pc_cq,Positive control Cq (Levey-Jennings),method,date,,all sources,1,0,0,1,,,,,,,,,categorical — allowed values: 2022-09-29 10:31 (1),measured in the corpus
cc:pc_cq,Positive control Cq (Levey-Jennings),method,operator,,all sources,1,0,0,1,,,,,,,,,categorical — allowed values: ,measured in the corpus
cc:pc_cq,Positive control Cq (Levey-Jennings),method,value,,all sources,1,0,0,1,,,,,,,,,categorical — allowed values: 33.16574175040465 (1),measured in the corpus
cc:pc_cq,Positive control Cq (Levey-Jennings),method,centre,,all sources,1,0,0,1,,,,,,,,,categorical — allowed values: nan (1),measured in the corpus
cc:pc_cq,Positive control Cq (Levey-Jennings),method,ucl,,all sources,1,0,0,1,,,,,,,,,categorical — allowed values: nan (1),measured in the corpus
cc:pc_cq,Positive control Cq (Levey-Jennings),method,lcl,,all sources,1,0,0,1,,,,,,,,,categorical — allowed values: nan (1),measured in the corpus
cc:pc_cq,Positive control Cq (Levey-Jennings),method,s,,all sources,1,0,0,1,,,,,,,,,categorical — allowed values: ,measured in the corpus
cc:pc_cq,Positive control Cq (Levey-Jennings),method,direction,,all sources,1,0,0,1,,,,,,,,,categorical — allowed values: ,measured in the corpus
cc:pc_cq,Positive control Cq (Levey-Jennings),method,signal,,all sources,1,0,0,1,,,,,,,,,categorical — allowed values: ,measured in the corpus
cc:pc_cq,Positive control Cq (Levey-Jennings),method,plotted_lower,,all sources,1,0,0,1,,,,,,,,,categorical — allowed values: ,measured in the corpus
cc:pc_cq,Positive control Cq (Levey-Jennings),method,signal_side,,all sources,1,0,0,1,,,,,,,,,categorical — allowed values: ,measured in the corpus
cc:pc_cq,Positive control Cq (Levey-Jennings),method,extract,,all sources,1,0,0,1,,,,,,,,,categorical — allowed values: date not recorded · 415B (1),measured in the corpus
cc:pc_cq,Positive control Cq (Levey-Jennings),method,flags,,all sources,1,0,0,1,,,,,,,,,categorical — allowed values: ,measured in the corpus
cc:pc_cq,Positive control Cq (Levey-Jennings),method,baseline,,all sources,1,0,0,1,,,,,,,,,categorical — allowed values: ,measured in the corpus
cc:pc_cq,Positive control Cq (Levey-Jennings),method,chart,,all sources,1,0,0,1,,,,,,,,,categorical — allowed values: A-M1 (1),measured in the corpus
cc:pc_cq,Positive control Cq (Levey-Jennings),method,type,,all sources,1,0,0,1,,,,,,,,,categorical — allowed values: i (1),measured in the corpus
cc:pc_cq,Positive control Cq (Levey-Jennings),method,variant,,all sources,1,0,0,1,,,,,,,,,categorical — allowed values: 35S | ERM-BF415B (1),measured in the corpus
cc:pc_cq,Positive control Cq (Levey-Jennings),method,sop_sha256,,all sources,1,0,0,1,,,,,,,,,categorical — allowed values: 169e44a34f56120586941c7d64192a424c12ce217540a21e4907a7505d02f511 (1),measured in the corpus
cc:plateau_median,End-point fluorescence per channel,hardware,experiment,,all sources,3,1,3,7,,,,,,,,,categorical — allowed values: RUN-001 (1); RUN-002 (1); RUN-003 (1); RUN-004 (1); RUN-005 (1); RUN-006 (1),measured in the corpus
cc:plateau_median,End-point fluorescence per channel,hardware,date,,all sources,3,1,3,7,,,,,,,,,categorical — allowed values: 2021-10-04 10:57 (1); 2022-09-29 10:31 (1); 2025-03-18 11:44 (1); 2007-08-24 10:55 (1); 2015-04-08 00:32 (1); 2015-04-09 07:49 (1),measured in the corpus
cc:plateau_median,End-point fluorescence per channel,hardware,operator,,all sources,3,1,3,7,,,,,,,,,categorical — allowed values: ,measured in the corpus
cc:plateau_median,End-point fluorescence per channel,hardware,value,fluorescence,LightCycler-format (.ixo),3,1,0,4,1900.56067,1940.34203,2511.771,3545.82294,3667.24365,684.48401,1900.56067,3667.24365,measured on only 4 values: observed range,measured in the corpus
cc:plateau_median,End-point fluorescence per channel,hardware,value,fluorescence,QuantStudio-format (.eds),0,0,3,3,4.24074,4.6994,8.82733,13.03837,13.50626,3.7827,4.24074,13.50626,measured on only 3 values: observed range,measured in the corpus
cc:plateau_median,End-point fluorescence per channel,hardware,centre,,all sources,3,1,3,7,,,,,,,,,categorical — allowed values: nan (7),measured in the corpus
cc:plateau_median,End-point fluorescence per channel,hardware,ucl,,all sources,3,1,3,7,,,,,,,,,categorical — allowed values: nan (7),measured in the corpus
cc:plateau_median,End-point fluorescence per channel,hardware,lcl,,all sources,3,1,3,7,,,,,,,,,categorical — allowed values: nan (7),measured in the corpus
cc:plateau_median,End-point fluorescence per channel,hardware,s,,all sources,3,1,3,7,,,,,,,,,categorical — allowed values: ,measured in the corpus
cc:plateau_median,End-point fluorescence per channel,hardware,direction,,all sources,3,1,3,7,,,,,,,,,categorical — allowed values: ,measured in the corpus
cc:plateau_median,End-point fluorescence per channel,hardware,signal,,all sources,3,1,3,7,,,,,,,,,categorical — allowed values: ,measured in the corpus
cc:plateau_median,End-point fluorescence per channel,hardware,plotted_lower,,all sources,3,1,3,7,,,,,,,,,categorical — allowed values: ,measured in the corpus
cc:plateau_median,End-point fluorescence per channel,hardware,signal_side,,all sources,3,1,3,7,,,,,,,,,categorical — allowed values: ,measured in the corpus
cc:plateau_median,End-point fluorescence per channel,hardware,extract,,all sources,3,1,3,7,,,,,,,,,categorical — allowed values: ,measured in the corpus
cc:plateau_median,End-point fluorescence per channel,hardware,flags,,all sources,3,1,3,7,,,,,,,,,categorical — allowed values: ,measured in the corpus
cc:plateau_median,End-point fluorescence per channel,hardware,baseline,,all sources,3,1,3,7,,,,,,,,,categorical — allowed values: ,measured in the corpus
cc:plateau_median,End-point fluorescence per channel,hardware,chart,,all sources,3,1,3,7,,,,,,,,,categorical — allowed values: A-H3b (7),measured in the corpus
cc:plateau_median,End-point fluorescence per channel,hardware,type,,all sources,3,1,3,7,,,,,,,,,categorical — allowed values: i (7),measured in the corpus
cc:plateau_median,End-point fluorescence per channel,hardware,variant,,all sources,3,1,3,7,,,,,,,,,categorical — allowed values: 465-510 (4); x1-m1 (3),measured in the corpus
cc:plateau_median,End-point fluorescence per channel,hardware,sop_sha256,,all sources,3,1,3,7,,,,,,,,,categorical — allowed values: 169e44a34f56120586941c7d64192a424c12ce217540a21e4907a7505d02f511 (7),measured in the corpus
cc:rep_sd,"Replicate precision (pooled SD, Cq < 30)",operator,experiment,,all sources,2,0,0,2,,,,,,,,,categorical — allowed values: RUN-002 (1); RUN-003 (1),measured in the corpus
cc:rep_sd,"Replicate precision (pooled SD, Cq < 30)",operator,date,,all sources,2,0,0,2,,,,,,,,,categorical — allowed values: 2022-09-29 10:31 (1); 2025-03-18 11:44 (1),measured in the corpus
cc:rep_sd,"Replicate precision (pooled SD, Cq < 30)",operator,operator,,all sources,2,0,0,2,,,,,,,,,categorical — allowed values: ,measured in the corpus
cc:rep_sd,"Replicate precision (pooled SD, Cq < 30)",operator,value,,all sources,2,0,0,2,,,,,,,,,categorical — allowed values: 0.6148567577763253 (1); 0.5494698792231509 (1),measured in the corpus
cc:rep_sd,"Replicate precision (pooled SD, Cq < 30)",operator,centre,,all sources,2,0,0,2,,,,,,,,,categorical — allowed values: nan (2),measured in the corpus
cc:rep_sd,"Replicate precision (pooled SD, Cq < 30)",operator,ucl,,all sources,2,0,0,2,,,,,,,,,categorical — allowed values: nan (2),measured in the corpus
cc:rep_sd,"Replicate precision (pooled SD, Cq < 30)",operator,lcl,,all sources,2,0,0,2,,,,,,,,,categorical — allowed values: nan (2),measured in the corpus
cc:rep_sd,"Replicate precision (pooled SD, Cq < 30)",operator,s,,all sources,2,0,0,2,,,,,,,,,categorical — allowed values: ,measured in the corpus
cc:rep_sd,"Replicate precision (pooled SD, Cq < 30)",operator,direction,,all sources,2,0,0,2,,,,,,,,,categorical — allowed values: ,measured in the corpus
cc:rep_sd,"Replicate precision (pooled SD, Cq < 30)",operator,signal,,all sources,2,0,0,2,,,,,,,,,categorical — allowed values: ,measured in the corpus
cc:rep_sd,"Replicate precision (pooled SD, Cq < 30)",operator,plotted_lower,,all sources,2,0,0,2,,,,,,,,,categorical — allowed values: ,measured in the corpus
cc:rep_sd,"Replicate precision (pooled SD, Cq < 30)",operator,signal_side,,all sources,2,0,0,2,,,,,,,,,categorical — allowed values: ,measured in the corpus
cc:rep_sd,"Replicate precision (pooled SD, Cq < 30)",operator,extract,,all sources,2,0,0,2,,,,,,,,,categorical — allowed values: ,measured in the corpus
cc:rep_sd,"Replicate precision (pooled SD, Cq < 30)",operator,flags,,all sources,2,0,0,2,,,,,,,,,categorical — allowed values: ,measured in the corpus
cc:rep_sd,"Replicate precision (pooled SD, Cq < 30)",operator,baseline,,all sources,2,0,0,2,,,,,,,,,categorical — allowed values: ,measured in the corpus
cc:rep_sd,"Replicate precision (pooled SD, Cq < 30)",operator,chart,,all sources,2,0,0,2,,,,,,,,,categorical — allowed values: B-O1 (2),measured in the corpus
cc:rep_sd,"Replicate precision (pooled SD, Cq < 30)",operator,type,,all sources,2,0,0,2,,,,,,,,,categorical — allowed values: i (2),measured in the corpus
cc:rep_sd,"Replicate precision (pooled SD, Cq < 30)",operator,variant,,all sources,2,0,0,2,,,,,,,,,categorical — allowed values: ,measured in the corpus
cc:rep_sd,"Replicate precision (pooled SD, Cq < 30)",operator,sop_sha256,,all sources,2,0,0,2,,,,,,,,,categorical — allowed values: 169e44a34f56120586941c7d64192a424c12ce217540a21e4907a7505d02f511 (2),measured in the corpus
cc:roi_ms,Image analysis time,software,value,ms,both,0,0,0,0,,,,,,,0.0,2000.0,theoretical range for ms,invented within the theoretical limit
cc:rowcol,Row / column pattern,operator,experiment,,all sources,2,0,0,2,,,,,,,,,categorical — allowed values: RUN-002 (1); RUN-003 (1),measured in the corpus
cc:rowcol,Row / column pattern,operator,date,,all sources,2,0,0,2,,,,,,,,,categorical — allowed values: 2022-09-29 10:31 (1); 2025-03-18 11:44 (1),measured in the corpus
cc:rowcol,Row / column pattern,operator,operator,,all sources,2,0,0,2,,,,,,,,,categorical — allowed values: ,measured in the corpus
cc:rowcol,Row / column pattern,operator,value,,all sources,2,0,0,2,,,,,,,,,categorical — allowed values: 0 (1); 0.07132299019262511 (1),measured in the corpus
cc:rowcol,Row / column pattern,operator,centre,,all sources,2,0,0,2,,,,,,,,,categorical — allowed values: nan (2),measured in the corpus
cc:rowcol,Row / column pattern,operator,ucl,,all sources,2,0,0,2,,,,,,,,,categorical — allowed values: nan (2),measured in the corpus
cc:rowcol,Row / column pattern,operator,lcl,,all sources,2,0,0,2,,,,,,,,,categorical — allowed values: nan (2),measured in the corpus
cc:rowcol,Row / column pattern,operator,s,,all sources,2,0,0,2,,,,,,,,,categorical — allowed values: ,measured in the corpus
cc:rowcol,Row / column pattern,operator,direction,,all sources,2,0,0,2,,,,,,,,,categorical — allowed values: ,measured in the corpus
cc:rowcol,Row / column pattern,operator,signal,,all sources,2,0,0,2,,,,,,,,,categorical — allowed values: ,measured in the corpus
cc:rowcol,Row / column pattern,operator,plotted_lower,,all sources,2,0,0,2,,,,,,,,,categorical — allowed values: ,measured in the corpus
cc:rowcol,Row / column pattern,operator,signal_side,,all sources,2,0,0,2,,,,,,,,,categorical — allowed values: ,measured in the corpus
cc:rowcol,Row / column pattern,operator,extract,,all sources,2,0,0,2,,,,,,,,,categorical — allowed values: ,measured in the corpus
cc:rowcol,Row / column pattern,operator,flags,,all sources,2,0,0,2,,,,,,,,,categorical — allowed values: ,measured in the corpus
cc:rowcol,Row / column pattern,operator,baseline,,all sources,2,0,0,2,,,,,,,,,categorical — allowed values: ,measured in the corpus
cc:rowcol,Row / column pattern,operator,chart,,all sources,2,0,0,2,,,,,,,,,categorical — allowed values: B-O3 (2),measured in the corpus
cc:rowcol,Row / column pattern,operator,type,,all sources,2,0,0,2,,,,,,,,,categorical — allowed values: i (2),measured in the corpus
cc:rowcol,Row / column pattern,operator,variant,,all sources,2,0,0,2,,,,,,,,,categorical — allowed values: ,measured in the corpus
cc:rowcol,Row / column pattern,operator,sop_sha256,,all sources,2,0,0,2,,,,,,,,,categorical — allowed values: 169e44a34f56120586941c7d64192a424c12ce217540a21e4907a7505d02f511 (2),measured in the corpus
cc:rox_cv,Dispensed-volume spread (ROX CV),operator,experiment,,all sources,0,0,3,3,,,,,,,,,categorical — allowed values: RUN-005 (1); RUN-006 (1); RUN-007 (1),measured in the corpus
cc:rox_cv,Dispensed-volume spread (ROX CV),operator,date,,all sources,0,0,3,3,,,,,,,,,categorical — allowed values: 2015-04-08 00:32 (1); 2015-04-09 07:49 (1); 2015-04-10 07:22 (1),measured in the corpus
cc:rox_cv,Dispensed-volume spread (ROX CV),operator,operator,,all sources,0,0,3,3,,,,,,,,,categorical — allowed values: ,measured in the corpus
cc:rox_cv,Dispensed-volume spread (ROX CV),operator,value,,all sources,0,0,3,3,,,,,,,,,categorical — allowed values: 6.338927738323248 (1); 6.371296684480843 (1); 15.759992450055277 (1),measured in the corpus
cc:rox_cv,Dispensed-volume spread (ROX CV),operator,value,% CV,QuantStudio-format (.eds),0,0,3,3,6.33893,6.34216,6.3713,14.82112,15.75999,4.43352,6.33893,15.75999,measured on only 3 values: observed range,measured in the corpus
cc:rox_cv,Dispensed-volume spread (ROX CV),operator,centre,,all sources,0,0,3,3,,,,,,,,,categorical — allowed values: nan (3),measured in the corpus
cc:rox_cv,Dispensed-volume spread (ROX CV),operator,ucl,,all sources,0,0,3,3,,,,,,,,,categorical — allowed values: nan (3),measured in the corpus
cc:rox_cv,Dispensed-volume spread (ROX CV),operator,lcl,,all sources,0,0,3,3,,,,,,,,,categorical — allowed values: nan (3),measured in the corpus
cc:rox_cv,Dispensed-volume spread (ROX CV),operator,s,,all sources,0,0,3,3,,,,,,,,,categorical — allowed values: ,measured in the corpus
cc:rox_cv,Dispensed-volume spread (ROX CV),operator,direction,,all sources,0,0,3,3,,,,,,,,,categorical — allowed values: ,measured in the corpus
cc:rox_cv,Dispensed-volume spread (ROX CV),operator,signal,,all sources,0,0,3,3,,,,,,,,,categorical — allowed values: ,measured in the corpus
cc:rox_cv,Dispensed-volume spread (ROX CV),operator,plotted_lower,,all sources,0,0,3,3,,,,,,,,,categorical — allowed values: ,measured in the corpus
cc:rox_cv,Dispensed-volume spread (ROX CV),operator,signal_side,,all sources,0,0,3,3,,,,,,,,,categorical — allowed values: ,measured in the corpus
cc:rox_cv,Dispensed-volume spread (ROX CV),operator,extract,,all sources,0,0,3,3,,,,,,,,,categorical — allowed values: ,measured in the corpus
cc:rox_cv,Dispensed-volume spread (ROX CV),operator,flags,,all sources,0,0,3,3,,,,,,,,,categorical — allowed values: ,measured in the corpus
cc:rox_cv,Dispensed-volume spread (ROX CV),operator,baseline,,all sources,0,0,3,3,,,,,,,,,categorical — allowed values: ,measured in the corpus
cc:rox_cv,Dispensed-volume spread (ROX CV),operator,chart,,all sources,0,0,3,3,,,,,,,,,categorical — allowed values: B-O2 (3),measured in the corpus
cc:rox_cv,Dispensed-volume spread (ROX CV),operator,type,,all sources,0,0,3,3,,,,,,,,,categorical — allowed values: i (3),measured in the corpus
cc:rox_cv,Dispensed-volume spread (ROX CV),operator,variant,,all sources,0,0,3,3,,,,,,,,,categorical — allowed values: ,measured in the corpus
cc:rox_cv,Dispensed-volume spread (ROX CV),operator,sop_sha256,,all sources,0,0,3,3,,,,,,,,,categorical — allowed values: 169e44a34f56120586941c7d64192a424c12ce217540a21e4907a7505d02f511 (3),measured in the corpus
cc:rox_level,Passive reference (ROX) level,method,experiment,,all sources,0,0,3,3,,,,,,,,,categorical — allowed values: RUN-005 (1); RUN-006 (1); RUN-007 (1),measured in the corpus
cc:rox_level,Passive reference (ROX) level,method,date,,all sources,0,0,3,3,,,,,,,,,categorical — allowed values: 2015-04-08 00:32 (1); 2015-04-09 07:49 (1); 2015-04-10 07:22 (1),measured in the corpus
cc:rox_level,Passive reference (ROX) level,method,operator,,all sources,0,0,3,3,,,,,,,,,categorical — allowed values: ,measured in the corpus
cc:rox_level,Passive reference (ROX) level,method,value,,all sources,0,0,3,3,,,,,,,,,categorical — allowed values: 146772.678 (1); 178138.704 (1); 287906.608 (1),measured in the corpus
cc:rox_level,Passive reference (ROX) level,method,value,passive reference,QuantStudio-format (.eds),0,0,3,3,146772.678,149909.2806,178138.704,276929.8176,287906.608,60508.59125,146772.678,287906.608,measured on only 3 values: observed range,measured in the corpus
cc:rox_level,Passive reference (ROX) level,method,centre,,all sources,0,0,3,3,,,,,,,,,categorical — allowed values: nan (3),measured in the corpus
cc:rox_level,Passive reference (ROX) level,method,ucl,,all sources,0,0,3,3,,,,,,,,,categorical — allowed values: nan (3),measured in the corpus
cc:rox_level,Passive reference (ROX) level,method,lcl,,all sources,0,0,3,3,,,,,,,,,categorical — allowed values: nan (3),measured in the corpus
cc:rox_level,Passive reference (ROX) level,method,s,,all sources,0,0,3,3,,,,,,,,,categorical — allowed values: ,measured in the corpus
cc:rox_level,Passive reference (ROX) level,method,direction,,all sources,0,0,3,3,,,,,,,,,categorical — allowed values: ,measured in the corpus
cc:rox_level,Passive reference (ROX) level,method,signal,,all sources,0,0,3,3,,,,,,,,,categorical — allowed values: ,measured in the corpus
cc:rox_level,Passive reference (ROX) level,method,plotted_lower,,all sources,0,0,3,3,,,,,,,,,categorical — allowed values: ,measured in the corpus
cc:rox_level,Passive reference (ROX) level,method,signal_side,,all sources,0,0,3,3,,,,,,,,,categorical — allowed values: ,measured in the corpus
cc:rox_level,Passive reference (ROX) level,method,extract,,all sources,0,0,3,3,,,,,,,,,categorical — allowed values: ,measured in the corpus
cc:rox_level,Passive reference (ROX) level,method,flags,,all sources,0,0,3,3,,,,,,,,,categorical — allowed values: ,measured in the corpus
cc:rox_level,Passive reference (ROX) level,method,baseline,,all sources,0,0,3,3,,,,,,,,,categorical — allowed values: ,measured in the corpus
cc:rox_level,Passive reference (ROX) level,method,chart,,all sources,0,0,3,3,,,,,,,,,categorical — allowed values: B-M2 (3),measured in the corpus
cc:rox_level,Passive reference (ROX) level,method,type,,all sources,0,0,3,3,,,,,,,,,categorical — allowed values: i (3),measured in the corpus
cc:rox_level,Passive reference (ROX) level,method,variant,,all sources,0,0,3,3,,,,,,,,,categorical — allowed values: ,measured in the corpus
cc:rox_level,Passive reference (ROX) level,method,sop_sha256,,all sources,0,0,3,3,,,,,,,,,categorical — allowed values: 169e44a34f56120586941c7d64192a424c12ce217540a21e4907a7505d02f511 (3),measured in the corpus
cc:run_minutes,Run duration,hardware,experiment,,all sources,3,3,2,8,,,,,,,,,categorical — allowed values: RUN-001 (1); RUN-002 (1); RUN-003 (1); RUN-004 (1); RUN-008 (1); RUN-009 (1),measured in the corpus
cc:run_minutes,Run duration,hardware,date,,all sources,3,3,2,8,,,,,,,,,categorical — allowed values: 2021-10-04 10:57 (1); 2022-09-29 10:31 (1); 2025-03-18 11:44 (1); 2007-08-24 10:55 (1); 2007-09-21 11:58 (1); 2007-09-21 13:21 (1),measured in the corpus
cc:run_minutes,Run duration,hardware,operator,,all sources,3,3,2,8,,,,,,,,,categorical — allowed values: ,measured in the corpus
cc:run_minutes,Run duration,hardware,value,minutes,LightCycler-format (.ixo),3,3,0,6,1.76613,19.16093,86.51263,97.71478,97.725,33.93692,1.76613,97.725,measured on only 6 values: observed range,measured in the corpus
cc:run_minutes,Run duration,hardware,centre,,all sources,3,3,2,8,,,,,,,,,categorical — allowed values: nan (8),measured in the corpus
cc:run_minutes,Run duration,hardware,ucl,,all sources,3,3,2,8,,,,,,,,,categorical — allowed values: nan (8),measured in the corpus
cc:run_minutes,Run duration,hardware,lcl,,all sources,3,3,2,8,,,,,,,,,categorical — allowed values: nan (8),measured in the corpus
cc:run_minutes,Run duration,hardware,s,,all sources,3,3,2,8,,,,,,,,,categorical — allowed values: ,measured in the corpus
cc:run_minutes,Run duration,hardware,direction,,all sources,3,3,2,8,,,,,,,,,categorical — allowed values: ,measured in the corpus
cc:run_minutes,Run duration,hardware,signal,,all sources,3,3,2,8,,,,,,,,,categorical — allowed values: ,measured in the corpus
cc:run_minutes,Run duration,hardware,plotted_lower,,all sources,3,3,2,8,,,,,,,,,categorical — allowed values: ,measured in the corpus
cc:run_minutes,Run duration,hardware,signal_side,,all sources,3,3,2,8,,,,,,,,,categorical — allowed values: ,measured in the corpus
cc:run_minutes,Run duration,hardware,extract,,all sources,3,3,2,8,,,,,,,,,categorical — allowed values: ,measured in the corpus
cc:run_minutes,Run duration,hardware,flags,,all sources,3,3,2,8,,,,,,,,,categorical — allowed values: ,measured in the corpus
cc:run_minutes,Run duration,hardware,baseline,,all sources,3,3,2,8,,,,,,,,,categorical — allowed values: ,measured in the corpus
cc:run_minutes,Run duration,hardware,chart,,all sources,3,3,2,8,,,,,,,,,categorical — allowed values: A-H4 (8),measured in the corpus
cc:run_minutes,Run duration,hardware,type,,all sources,3,3,2,8,,,,,,,,,categorical — allowed values: i (8),measured in the corpus
cc:run_minutes,Run duration,hardware,variant,,all sources,3,3,2,8,,,,,,,,,categorical — allowed values: ,measured in the corpus
cc:run_minutes,Run duration,hardware,sop_sha256,,all sources,3,3,2,8,,,,,,,,,categorical — allowed values: 169e44a34f56120586941c7d64192a424c12ce217540a21e4907a7505d02f511 (8),measured in the corpus
cc:runtime_err,Run-time prediction error,software,experiment,,all sources,0,0,3,3,,,,,,,,,categorical — allowed values: RUN-005 (1); RUN-006 (1); RUN-007 (1),measured in the corpus
cc:runtime_err,Run-time prediction error,software,date,,all sources,0,0,3,3,,,,,,,,,categorical — allowed values: 2015-04-08 00:32 (1); 2015-04-09 07:49 (1); 2015-04-10 07:22 (1),measured in the corpus
cc:runtime_err,Run-time prediction error,software,operator,,all sources,0,0,3,3,,,,,,,,,categorical — allowed values: ,measured in the corpus
cc:runtime_err,Run-time prediction error,software,value,,all sources,0,0,3,3,,,,,,,,,categorical — allowed values: 11.410381978452497 (1); 8.533916849015318 (1); 8.373078961314256 (1),measured in the corpus
cc:runtime_err,Run-time prediction error,software,value,%,QuantStudio-format (.eds),0,0,3,3,8.37308,8.38916,8.53392,11.12274,11.41038,1.39543,8.37308,11.41038,measured on only 3 values: observed range,measured in the corpus
cc:runtime_err,Run-time prediction error,software,centre,,all sources,0,0,3,3,,,,,,,,,categorical — allowed values: nan (3),measured in the corpus
cc:runtime_err,Run-time prediction error,software,ucl,,all sources,0,0,3,3,,,,,,,,,categorical — allowed values: nan (3),measured in the corpus
cc:runtime_err,Run-time prediction error,software,lcl,,all sources,0,0,3,3,,,,,,,,,categorical — allowed values: nan (3),measured in the corpus
cc:runtime_err,Run-time prediction error,software,s,,all sources,0,0,3,3,,,,,,,,,categorical — allowed values: ,measured in the corpus
cc:runtime_err,Run-time prediction error,software,direction,,all sources,0,0,3,3,,,,,,,,,categorical — allowed values: ,measured in the corpus
cc:runtime_err,Run-time prediction error,software,signal,,all sources,0,0,3,3,,,,,,,,,categorical — allowed values: ,measured in the corpus
cc:runtime_err,Run-time prediction error,software,plotted_lower,,all sources,0,0,3,3,,,,,,,,,categorical — allowed values: ,measured in the corpus
cc:runtime_err,Run-time prediction error,software,signal_side,,all sources,0,0,3,3,,,,,,,,,categorical — allowed values: ,measured in the corpus
cc:runtime_err,Run-time prediction error,software,extract,,all sources,0,0,3,3,,,,,,,,,categorical — allowed values: ,measured in the corpus
cc:runtime_err,Run-time prediction error,software,flags,,all sources,0,0,3,3,,,,,,,,,categorical — allowed values: ,measured in the corpus
cc:runtime_err,Run-time prediction error,software,baseline,,all sources,0,0,3,3,,,,,,,,,categorical — allowed values: ,measured in the corpus
cc:runtime_err,Run-time prediction error,software,chart,,all sources,0,0,3,3,,,,,,,,,categorical — allowed values: B-S5 (3),measured in the corpus
cc:runtime_err,Run-time prediction error,software,type,,all sources,0,0,3,3,,,,,,,,,categorical — allowed values: i (3),measured in the corpus
cc:runtime_err,Run-time prediction error,software,variant,,all sources,0,0,3,3,,,,,,,,,categorical — allowed values: ,measured in the corpus
cc:runtime_err,Run-time prediction error,software,sop_sha256,,all sources,0,0,3,3,,,,,,,,,categorical — allowed values: 169e44a34f56120586941c7d64192a424c12ce217540a21e4907a7505d02f511 (3),measured in the corpus
cc:saturation,Saturated well images,hardware,experiment,,all sources,0,0,3,3,,,,,,,,,categorical — allowed values: RUN-005 (1); RUN-006 (1); RUN-007 (1),measured in the corpus
cc:saturation,Saturated well images,hardware,date,,all sources,0,0,3,3,,,,,,,,,categorical — allowed values: 2015-04-08 00:32 (1); 2015-04-09 07:49 (1); 2015-04-10 07:22 (1),measured in the corpus
cc:saturation,Saturated well images,hardware,operator,,all sources,0,0,3,3,,,,,,,,,categorical — allowed values: ,measured in the corpus
cc:saturation,Saturated well images,hardware,value,,all sources,0,0,3,3,,,,,,,,,categorical — allowed values: 0.1207912457912458 (1); 0 (1); 0.018619791666666666 (1),measured in the corpus
cc:saturation,Saturated well images,hardware,value,share of well images,QuantStudio-format (.eds),0,0,3,3,0.0,0.00186,0.01862,0.11057,0.12079,0.0531,0.0,0.12079,measured on only 3 values: observed range,measured in the corpus
cc:saturation,Saturated well images,hardware,centre,,all sources,0,0,3,3,,,,,,,,,categorical — allowed values: nan (3),measured in the corpus
cc:saturation,Saturated well images,hardware,ucl,,all sources,0,0,3,3,,,,,,,,,categorical — allowed values: nan (3),measured in the corpus
cc:saturation,Saturated well images,hardware,lcl,,all sources,0,0,3,3,,,,,,,,,categorical — allowed values: nan (3),measured in the corpus
cc:saturation,Saturated well images,hardware,s,,all sources,0,0,3,3,,,,,,,,,categorical — allowed values: ,measured in the corpus
cc:saturation,Saturated well images,hardware,direction,,all sources,0,0,3,3,,,,,,,,,categorical — allowed values: ,measured in the corpus
cc:saturation,Saturated well images,hardware,signal,,all sources,0,0,3,3,,,,,,,,,categorical — allowed values: ,measured in the corpus
cc:saturation,Saturated well images,hardware,plotted_lower,,all sources,0,0,3,3,,,,,,,,,categorical — allowed values: ,measured in the corpus
cc:saturation,Saturated well images,hardware,signal_side,,all sources,0,0,3,3,,,,,,,,,categorical — allowed values: ,measured in the corpus
cc:saturation,Saturated well images,hardware,extract,,all sources,0,0,3,3,,,,,,,,,categorical — allowed values: ,measured in the corpus
cc:saturation,Saturated well images,hardware,flags,,all sources,0,0,3,3,,,,,,,,,categorical — allowed values: ,measured in the corpus
cc:saturation,Saturated well images,hardware,baseline,,all sources,0,0,3,3,,,,,,,,,categorical — allowed values: ,measured in the corpus
cc:saturation,Saturated well images,hardware,chart,,all sources,0,0,3,3,,,,,,,,,categorical — allowed values: B-H12 (3),measured in the corpus
cc:saturation,Saturated well images,hardware,type,,all sources,0,0,3,3,,,,,,,,,categorical — allowed values: p (3),measured in the corpus
cc:saturation,Saturated well images,hardware,variant,,all sources,0,0,3,3,,,,,,,,,categorical — allowed values: ,measured in the corpus
cc:saturation,Saturated well images,hardware,sop_sha256,,all sources,0,0,3,3,,,,,,,,,categorical — allowed values: 169e44a34f56120586941c7d64192a424c12ce217540a21e4907a7505d02f511 (3),measured in the corpus
cc:settling,Settling time at the denaturation step,hardware,experiment,,all sources,3,2,1,6,,,,,,,,,categorical — allowed values: RUN-001 (1); RUN-002 (1); RUN-003 (1); RUN-004 (1); RUN-008 (1); RUN-005 (1),measured in the corpus
cc:settling,Settling time at the denaturation step,hardware,date,,all sources,3,2,1,6,,,,,,,,,categorical — allowed values: 2021-10-04 10:57 (1); 2022-09-29 10:31 (1); 2025-03-18 11:44 (1); 2007-08-24 10:55 (1); 2007-09-21 11:58 (1); 2015-04-08 00:32 (1),measured in the corpus
cc:settling,Settling time at the denaturation step,hardware,operator,,all sources,3,2,1,6,,,,,,,,,categorical — allowed values: ,measured in the corpus
cc:settling,Settling time at the denaturation step,hardware,value,s,LightCycler-format (.ixo),3,2,0,5,3.816,3.9594,4.533,4.6002,4.617,0.29699,3.816,4.617,measured on only 5 values: observed range,measured in the corpus
cc:settling,Settling time at the denaturation step,hardware,centre,,all sources,3,2,1,6,,,,,,,,,categorical — allowed values: nan (6),measured in the corpus
cc:settling,Settling time at the denaturation step,hardware,ucl,,all sources,3,2,1,6,,,,,,,,,categorical — allowed values: nan (6),measured in the corpus
cc:settling,Settling time at the denaturation step,hardware,lcl,,all sources,3,2,1,6,,,,,,,,,categorical — allowed values: nan (6),measured in the corpus
cc:settling,Settling time at the denaturation step,hardware,s,,all sources,3,2,1,6,,,,,,,,,categorical — allowed values: ,measured in the corpus
cc:settling,Settling time at the denaturation step,hardware,direction,,all sources,3,2,1,6,,,,,,,,,categorical — allowed values: ,measured in the corpus
cc:settling,Settling time at the denaturation step,hardware,signal,,all sources,3,2,1,6,,,,,,,,,categorical — allowed values: ,measured in the corpus
cc:settling,Settling time at the denaturation step,hardware,plotted_lower,,all sources,3,2,1,6,,,,,,,,,categorical — allowed values: ,measured in the corpus
cc:settling,Settling time at the denaturation step,hardware,signal_side,,all sources,3,2,1,6,,,,,,,,,categorical — allowed values: ,measured in the corpus
cc:settling,Settling time at the denaturation step,hardware,extract,,all sources,3,2,1,6,,,,,,,,,categorical — allowed values: ,measured in the corpus
cc:settling,Settling time at the denaturation step,hardware,flags,,all sources,3,2,1,6,,,,,,,,,categorical — allowed values: ,measured in the corpus
cc:settling,Settling time at the denaturation step,hardware,baseline,,all sources,3,2,1,6,,,,,,,,,categorical — allowed values: ,measured in the corpus
cc:settling,Settling time at the denaturation step,hardware,chart,,all sources,3,2,1,6,,,,,,,,,categorical — allowed values: B-H3b (6),measured in the corpus
cc:settling,Settling time at the denaturation step,hardware,type,,all sources,3,2,1,6,,,,,,,,,categorical — allowed values: i (6),measured in the corpus
cc:settling,Settling time at the denaturation step,hardware,variant,,all sources,3,2,1,6,,,,,,,,,categorical — allowed values: ,measured in the corpus
cc:settling,Settling time at the denaturation step,hardware,sop_sha256,,all sources,3,2,1,6,,,,,,,,,categorical — allowed values: 169e44a34f56120586941c7d64192a424c12ce217540a21e4907a7505d02f511 (6),measured in the corpus
cc:templog_late,Temperature-log intervals over 500 ms,software,experiment,,all sources,3,3,0,6,,,,,,,,,categorical — allowed values: RUN-001 (1); RUN-002 (1); RUN-003 (1); RUN-004 (1); RUN-008 (1); RUN-009 (1),measured in the corpus
cc:templog_late,Temperature-log intervals over 500 ms,software,date,,all sources,3,3,0,6,,,,,,,,,categorical — allowed values: 2021-10-04 10:57 (1); 2022-09-29 10:31 (1); 2025-03-18 11:44 (1); 2007-08-24 10:55 (1); 2007-09-21 11:58 (1); 2007-09-21 13:21 (1),measured in the corpus
cc:templog_late,Temperature-log intervals over 500 ms,software,operator,,all sources,3,3,0,6,,,,,,,,,categorical — allowed values: ,measured in the corpus
cc:templog_late,Temperature-log intervals over 500 ms,software,value,share of intervals,LightCycler-format (.ixo),3,3,0,6,0.0,0.0,0.0,0.0,0.0,0.0,0.0,0.0,"measured, every value identical across 6 readings",measured in the corpus
cc:templog_late,Temperature-log intervals over 500 ms,software,centre,,all sources,3,3,0,6,,,,,,,,,categorical — allowed values: nan (6),measured in the corpus
cc:templog_late,Temperature-log intervals over 500 ms,software,ucl,,all sources,3,3,0,6,,,,,,,,,categorical — allowed values: nan (6),measured in the corpus
cc:templog_late,Temperature-log intervals over 500 ms,software,lcl,,all sources,3,3,0,6,,,,,,,,,categorical — allowed values: nan (6),measured in the corpus
cc:templog_late,Temperature-log intervals over 500 ms,software,s,,all sources,3,3,0,6,,,,,,,,,categorical — allowed values: ,measured in the corpus
cc:templog_late,Temperature-log intervals over 500 ms,software,direction,,all sources,3,3,0,6,,,,,,,,,categorical — allowed values: ,measured in the corpus
cc:templog_late,Temperature-log intervals over 500 ms,software,signal,,all sources,3,3,0,6,,,,,,,,,categorical — allowed values: ,measured in the corpus
cc:templog_late,Temperature-log intervals over 500 ms,software,plotted_lower,,all sources,3,3,0,6,,,,,,,,,categorical — allowed values: ,measured in the corpus
cc:templog_late,Temperature-log intervals over 500 ms,software,signal_side,,all sources,3,3,0,6,,,,,,,,,categorical — allowed values: ,measured in the corpus
cc:templog_late,Temperature-log intervals over 500 ms,software,extract,,all sources,3,3,0,6,,,,,,,,,categorical — allowed values: ,measured in the corpus
cc:templog_late,Temperature-log intervals over 500 ms,software,flags,,all sources,3,3,0,6,,,,,,,,,categorical — allowed values: ,measured in the corpus
cc:templog_late,Temperature-log intervals over 500 ms,software,baseline,,all sources,3,3,0,6,,,,,,,,,categorical — allowed values: ,measured in the corpus
cc:templog_late,Temperature-log intervals over 500 ms,software,chart,,all sources,3,3,0,6,,,,,,,,,categorical — allowed values: B-S10 (6),measured in the corpus
cc:templog_late,Temperature-log intervals over 500 ms,software,type,,all sources,3,3,0,6,,,,,,,,,categorical — allowed values: p (6),measured in the corpus
cc:templog_late,Temperature-log intervals over 500 ms,software,variant,,all sources,3,3,0,6,,,,,,,,,categorical — allowed values: ,measured in the corpus
cc:templog_late,Temperature-log intervals over 500 ms,software,sop_sha256,,all sources,3,3,0,6,,,,,,,,,categorical — allowed values: 169e44a34f56120586941c7d64192a424c12ce217540a21e4907a7505d02f511 (6),measured in the corpus
cc:tick_late,Once-per-second timer lateness,software,experiment,,all sources,0,0,3,3,,,,,,,,,categorical — allowed values: RUN-005 (1); RUN-006 (1); RUN-007 (1),measured in the corpus
cc:tick_late,Once-per-second timer lateness,software,date,,all sources,0,0,3,3,,,,,,,,,categorical — allowed values: 2015-04-08 00:32 (1); 2015-04-09 07:49 (1); 2015-04-10 07:22 (1),measured in the corpus
cc:tick_late,Once-per-second timer lateness,software,operator,,all sources,0,0,3,3,,,,,,,,,categorical — allowed values: ,measured in the corpus
cc:tick_late,Once-per-second timer lateness,software,value,,all sources,0,0,3,3,,,,,,,,,categorical — allowed values: 9.999990463256836 (1); 68.00007820129395 (1); 26.000022888183594 (1),measured in the corpus
cc:tick_late,Once-per-second timer lateness,software,value,ms (95th pct),QuantStudio-format (.eds),0,0,3,3,9.99999,11.59999,26.00002,63.80007,68.00008,24.45862,9.99999,68.00008,measured on only 3 values: observed range,measured in the corpus
cc:tick_late,Once-per-second timer lateness,software,centre,,all sources,0,0,3,3,,,,,,,,,categorical — allowed values: nan (3),measured in the corpus
cc:tick_late,Once-per-second timer lateness,software,ucl,,all sources,0,0,3,3,,,,,,,,,categorical — allowed values: nan (3),measured in the corpus
cc:tick_late,Once-per-second timer lateness,software,lcl,,all sources,0,0,3,3,,,,,,,,,categorical — allowed values: nan (3),measured in the corpus
cc:tick_late,Once-per-second timer lateness,software,s,,all sources,0,0,3,3,,,,,,,,,categorical — allowed values: ,measured in the corpus
cc:tick_late,Once-per-second timer lateness,software,direction,,all sources,0,0,3,3,,,,,,,,,categorical — allowed values: ,measured in the corpus
cc:tick_late,Once-per-second timer lateness,software,signal,,all sources,0,0,3,3,,,,,,,,,categorical — allowed values: ,measured in the corpus
cc:tick_late,Once-per-second timer lateness,software,plotted_lower,,all sources,0,0,3,3,,,,,,,,,categorical — allowed values: ,measured in the corpus
cc:tick_late,Once-per-second timer lateness,software,signal_side,,all sources,0,0,3,3,,,,,,,,,categorical — allowed values: ,measured in the corpus
cc:tick_late,Once-per-second timer lateness,software,extract,,all sources,0,0,3,3,,,,,,,,,categorical — allowed values: ,measured in the corpus
cc:tick_late,Once-per-second timer lateness,software,flags,,all sources,0,0,3,3,,,,,,,,,categorical — allowed values: ,measured in the corpus
cc:tick_late,Once-per-second timer lateness,software,baseline,,all sources,0,0,3,3,,,,,,,,,categorical — allowed values: ,measured in the corpus
cc:tick_late,Once-per-second timer lateness,software,chart,,all sources,0,0,3,3,,,,,,,,,categorical — allowed values: B-S2 (3),measured in the corpus
cc:tick_late,Once-per-second timer lateness,software,type,,all sources,0,0,3,3,,,,,,,,,categorical — allowed values: i (3),measured in the corpus
cc:tick_late,Once-per-second timer lateness,software,variant,,all sources,0,0,3,3,,,,,,,,,categorical — allowed values: ,measured in the corpus
cc:tick_late,Once-per-second timer lateness,software,sop_sha256,,all sources,0,0,3,3,,,,,,,,,categorical — allowed values: 169e44a34f56120586941c7d64192a424c12ce217540a21e4907a7505d02f511 (3),measured in the corpus
cc:transition,Transition time A → B °C,hardware,experiment,,all sources,3,2,3,8,,,,,,,,,categorical — allowed values: RUN-001 (1); RUN-002 (1); RUN-003 (1); RUN-004 (1); RUN-008 (1); RUN-005 (1),measured in the corpus
cc:transition,Transition time A → B °C,hardware,date,,all sources,3,2,3,8,,,,,,,,,categorical — allowed values: 2021-10-04 10:57 (1); 2022-09-29 10:31 (1); 2025-03-18 11:44 (1); 2007-08-24 10:55 (1); 2007-09-21 11:58 (1); 2015-04-08 00:32 (1),measured in the corpus
cc:transition,Transition time A → B °C,hardware,operator,,all sources,3,2,3,8,,,,,,,,,categorical — allowed values: ,measured in the corpus
cc:transition,Transition time A → B °C,hardware,value,s,LightCycler-format (.ixo),3,2,0,5,13.33122,13.7218,15.34134,15.62374,15.6915,0.84672,13.33122,15.6915,measured on only 5 values: observed range,measured in the corpus
cc:transition,Transition time A → B °C,hardware,value,s,QuantStudio-format (.eds),0,0,3,3,13.725,13.728,13.75499,14.5588,14.64811,0.42827,13.725,14.64811,measured on only 3 values: observed range,measured in the corpus
cc:transition,Transition time A → B °C,hardware,centre,,all sources,3,2,3,8,,,,,,,,,categorical — allowed values: nan (8),measured in the corpus
cc:transition,Transition time A → B °C,hardware,ucl,,all sources,3,2,3,8,,,,,,,,,categorical — allowed values: nan (8),measured in the corpus
cc:transition,Transition time A → B °C,hardware,lcl,,all sources,3,2,3,8,,,,,,,,,categorical — allowed values: nan (8),measured in the corpus
cc:transition,Transition time A → B °C,hardware,s,,all sources,3,2,3,8,,,,,,,,,categorical — allowed values: ,measured in the corpus
cc:transition,Transition time A → B °C,hardware,direction,,all sources,3,2,3,8,,,,,,,,,categorical — allowed values: ,measured in the corpus
cc:transition,Transition time A → B °C,hardware,signal,,all sources,3,2,3,8,,,,,,,,,categorical — allowed values: ,measured in the corpus
cc:transition,Transition time A → B °C,hardware,plotted_lower,,all sources,3,2,3,8,,,,,,,,,categorical — allowed values: ,measured in the corpus
cc:transition,Transition time A → B °C,hardware,signal_side,,all sources,3,2,3,8,,,,,,,,,categorical — allowed values: ,measured in the corpus
cc:transition,Transition time A → B °C,hardware,extract,,all sources,3,2,3,8,,,,,,,,,categorical — allowed values: ,measured in the corpus
cc:transition,Transition time A → B °C,hardware,flags,,all sources,3,2,3,8,,,,,,,,,categorical — allowed values: ,measured in the corpus
cc:transition,Transition time A → B °C,hardware,baseline,,all sources,3,2,3,8,,,,,,,,,categorical — allowed values: ,measured in the corpus
cc:transition,Transition time A → B °C,hardware,chart,,all sources,3,2,3,8,,,,,,,,,categorical — allowed values: B-H3c (8),measured in the corpus
cc:transition,Transition time A → B °C,hardware,type,,all sources,3,2,3,8,,,,,,,,,categorical — allowed values: i (8),measured in the corpus
cc:transition,Transition time A → B °C,hardware,variant,,all sources,3,2,3,8,,,,,,,,,categorical — allowed values: 95→60 °C (8),measured in the corpus
cc:transition,Transition time A → B °C,hardware,sop_sha256,,all sources,3,2,3,8,,,,,,,,,categorical — allowed values: 169e44a34f56120586941c7d64192a424c12ce217540a21e4907a7505d02f511 (8),measured in the corpus
cc:wheel_ms,Filter-wheel move time,hardware,experiment,,all sources,0,0,3,3,,,,,,,,,categorical — allowed values: RUN-005 (1); RUN-006 (1); RUN-007 (1),measured in the corpus
cc:wheel_ms,Filter-wheel move time,hardware,date,,all sources,0,0,3,3,,,,,,,,,categorical — allowed values: 2015-04-08 00:32 (1); 2015-04-09 07:49 (1); 2015-04-10 07:22 (1),measured in the corpus
cc:wheel_ms,Filter-wheel move time,hardware,operator,,all sources,0,0,3,3,,,,,,,,,categorical — allowed values: ,measured in the corpus
cc:wheel_ms,Filter-wheel move time,hardware,value,,all sources,0,0,3,3,,,,,,,,,categorical — allowed values: 87.00013160705566 (1); 315.000057220459 (1); 313.99989128112793 (1),measured in the corpus
cc:wheel_ms,Filter-wheel move time,hardware,value,ms,QuantStudio-format (.eds),0,0,3,3,87.00013,109.70011,313.99989,314.90004,315.00006,107.24523,87.00013,315.00006,measured on only 3 values: observed range,measured in the corpus
cc:wheel_ms,Filter-wheel move time,hardware,centre,,all sources,0,0,3,3,,,,,,,,,categorical — allowed values: nan (3),measured in the corpus
cc:wheel_ms,Filter-wheel move time,hardware,ucl,,all sources,0,0,3,3,,,,,,,,,categorical — allowed values: nan (3),measured in the corpus
cc:wheel_ms,Filter-wheel move time,hardware,lcl,,all sources,0,0,3,3,,,,,,,,,categorical — allowed values: nan (3),measured in the corpus
cc:wheel_ms,Filter-wheel move time,hardware,s,,all sources,0,0,3,3,,,,,,,,,categorical — allowed values: ,measured in the corpus
cc:wheel_ms,Filter-wheel move time,hardware,direction,,all sources,0,0,3,3,,,,,,,,,categorical — allowed values: ,measured in the corpus
cc:wheel_ms,Filter-wheel move time,hardware,signal,,all sources,0,0,3,3,,,,,,,,,categorical — allowed values: ,measured in the corpus
cc:wheel_ms,Filter-wheel move time,hardware,plotted_lower,,all sources,0,0,3,3,,,,,,,,,categorical — allowed values: ,measured in the corpus
cc:wheel_ms,Filter-wheel move time,hardware,signal_side,,all sources,0,0,3,3,,,,,,,,,categorical — allowed values: ,measured in the corpus
cc:wheel_ms,Filter-wheel move time,hardware,extract,,all sources,0,0,3,3,,,,,,,,,categorical — allowed values: ,measured in the corpus
cc:wheel_ms,Filter-wheel move time,hardware,flags,,all sources,0,0,3,3,,,,,,,,,categorical — allowed values: ,measured in the corpus
cc:wheel_ms,Filter-wheel move time,hardware,baseline,,all sources,0,0,3,3,,,,,,,,,categorical — allowed values: ,measured in the corpus
cc:wheel_ms,Filter-wheel move time,hardware,chart,,all sources,0,0,3,3,,,,,,,,,categorical — allowed values: B-H14 (3),measured in the corpus
cc:wheel_ms,Filter-wheel move time,hardware,type,,all sources,0,0,3,3,,,,,,,,,categorical — allowed values: i (3),measured in the corpus
cc:wheel_ms,Filter-wheel move time,hardware,variant,,all sources,0,0,3,3,,,,,,,,,categorical — allowed values: ,measured in the corpus
cc:wheel_ms,Filter-wheel move time,hardware,sop_sha256,,all sources,0,0,3,3,,,,,,,,,categorical — allowed values: 169e44a34f56120586941c7d64192a424c12ce217540a21e4907a7505d02f511 (3),measured in the corpus
cc:wheel_slow,Filter-wheel moves slower than 500 ms,hardware,experiment,,all sources,0,0,3,3,,,,,,,,,categorical — allowed values: RUN-005 (1); RUN-006 (1); RUN-007 (1),measured in the corpus
cc:wheel_slow,Filter-wheel moves slower than 500 ms,hardware,date,,all sources,0,0,3,3,,,,,,,,,categorical — allowed values: 2015-04-08 00:32 (1); 2015-04-09 07:49 (1); 2015-04-10 07:22 (1),measured in the corpus
cc:wheel_slow,Filter-wheel moves slower than 500 ms,hardware,operator,,all sources,0,0,3,3,,,,,,,,,categorical — allowed values: ,measured in the corpus
cc:wheel_slow,Filter-wheel moves slower than 500 ms,hardware,value,,all sources,0,0,3,3,,,,,,,,,categorical — allowed values: 0.003125 (2); 0 (1),measured in the corpus
cc:wheel_slow,Filter-wheel moves slower than 500 ms,hardware,value,share of moves,QuantStudio-format (.eds),0,0,3,3,0.0,0.00031,0.00313,0.00313,0.00313,0.00147,0.0,0.00313,"measured, every value identical across 3 readings",measured in the corpus
cc:wheel_slow,Filter-wheel moves slower than 500 ms,hardware,centre,,all sources,0,0,3,3,,,,,,,,,categorical — allowed values: nan (3),measured in the corpus
cc:wheel_slow,Filter-wheel moves slower than 500 ms,hardware,ucl,,all sources,0,0,3,3,,,,,,,,,categorical — allowed values: nan (3),measured in the corpus
cc:wheel_slow,Filter-wheel moves slower than 500 ms,hardware,lcl,,all sources,0,0,3,3,,,,,,,,,categorical — allowed values: nan (3),measured in the corpus
cc:wheel_slow,Filter-wheel moves slower than 500 ms,hardware,s,,all sources,0,0,3,3,,,,,,,,,categorical — allowed values: ,measured in the corpus
cc:wheel_slow,Filter-wheel moves slower than 500 ms,hardware,direction,,all sources,0,0,3,3,,,,,,,,,categorical — allowed values: ,measured in the corpus
cc:wheel_slow,Filter-wheel moves slower than 500 ms,hardware,signal,,all sources,0,0,3,3,,,,,,,,,categorical — allowed values: ,measured in the corpus
cc:wheel_slow,Filter-wheel moves slower than 500 ms,hardware,plotted_lower,,all sources,0,0,3,3,,,,,,,,,categorical — allowed values: ,measured in the corpus
cc:wheel_slow,Filter-wheel moves slower than 500 ms,hardware,signal_side,,all sources,0,0,3,3,,,,,,,,,categorical — allowed values: ,measured in the corpus
cc:wheel_slow,Filter-wheel moves slower than 500 ms,hardware,extract,,all sources,0,0,3,3,,,,,,,,,categorical — allowed values: ,measured in the corpus
cc:wheel_slow,Filter-wheel moves slower than 500 ms,hardware,flags,,all sources,0,0,3,3,,,,,,,,,categorical — allowed values: ,measured in the corpus
cc:wheel_slow,Filter-wheel moves slower than 500 ms,hardware,baseline,,all sources,0,0,3,3,,,,,,,,,categorical — allowed values: ,measured in the corpus
cc:wheel_slow,Filter-wheel moves slower than 500 ms,hardware,chart,,all sources,0,0,3,3,,,,,,,,,categorical — allowed values: B-H14b (3),measured in the corpus
cc:wheel_slow,Filter-wheel moves slower than 500 ms,hardware,type,,all sources,0,0,3,3,,,,,,,,,categorical — allowed values: p (3),measured in the corpus
cc:wheel_slow,Filter-wheel moves slower than 500 ms,hardware,variant,,all sources,0,0,3,3,,,,,,,,,categorical — allowed values: ,measured in the corpus
cc:wheel_slow,Filter-wheel moves slower than 500 ms,hardware,sop_sha256,,all sources,0,0,3,3,,,,,,,,,categorical — allowed values: 169e44a34f56120586941c7d64192a424c12ce217540a21e4907a7505d02f511 (3),measured in the corpus
cc:zone_spread,Block zone uniformity (95th percentile),hardware,experiment,,all sources,0,0,3,3,,,,,,,,,categorical — allowed values: RUN-005 (1); RUN-006 (1); RUN-007 (1),measured in the corpus
cc:zone_spread,Block zone uniformity (95th percentile),hardware,date,,all sources,0,0,3,3,,,,,,,,,categorical — allowed values: 2015-04-08 00:32 (1); 2015-04-09 07:49 (1); 2015-04-10 07:22 (1),measured in the corpus
cc:zone_spread,Block zone uniformity (95th percentile),hardware,operator,,all sources,0,0,3,3,,,,,,,,,categorical — allowed values: ,measured in the corpus
cc:zone_spread,Block zone uniformity (95th percentile),hardware,value,,all sources,0,0,3,3,,,,,,,,,categorical — allowed values: 0.5 (3),measured in the corpus
cc:zone_spread,Block zone uniformity (95th percentile),hardware,value,°C,QuantStudio-format (.eds),0,0,3,3,0.5,0.5,0.5,0.5,0.5,0.0,0.5,1.5,"manufacturer specification in the chart definition, observed values beside it",measured in the corpus
cc:zone_spread,Block zone uniformity (95th percentile),hardware,centre,,all sources,0,0,3,3,,,,,,,,,categorical — allowed values: nan (3),measured in the corpus
cc:zone_spread,Block zone uniformity (95th percentile),hardware,ucl,,all sources,0,0,3,3,,,,,,,,,categorical — allowed values: nan (3),measured in the corpus
cc:zone_spread,Block zone uniformity (95th percentile),hardware,lcl,,all sources,0,0,3,3,,,,,,,,,categorical — allowed values: nan (3),measured in the corpus
cc:zone_spread,Block zone uniformity (95th percentile),hardware,s,,all sources,0,0,3,3,,,,,,,,,categorical — allowed values: ,measured in the corpus
cc:zone_spread,Block zone uniformity (95th percentile),hardware,direction,,all sources,0,0,3,3,,,,,,,,,categorical — allowed values: ,measured in the corpus
cc:zone_spread,Block zone uniformity (95th percentile),hardware,signal,,all sources,0,0,3,3,,,,,,,,,categorical — allowed values: ,measured in the corpus
cc:zone_spread,Block zone uniformity (95th percentile),hardware,plotted_lower,,all sources,0,0,3,3,,,,,,,,,categorical — allowed values: ,measured in the corpus
cc:zone_spread,Block zone uniformity (95th percentile),hardware,signal_side,,all sources,0,0,3,3,,,,,,,,,categorical — allowed values: ,measured in the corpus
cc:zone_spread,Block zone uniformity (95th percentile),hardware,extract,,all sources,0,0,3,3,,,,,,,,,categorical — allowed values: ,measured in the corpus
cc:zone_spread,Block zone uniformity (95th percentile),hardware,flags,,all sources,0,0,3,3,,,,,,,,,categorical — allowed values: ,measured in the corpus
cc:zone_spread,Block zone uniformity (95th percentile),hardware,baseline,,all sources,0,0,3,3,,,,,,,,,categorical — allowed values: ,measured in the corpus
cc:zone_spread,Block zone uniformity (95th percentile),hardware,chart,,all sources,0,0,3,3,,,,,,,,,categorical — allowed values: B-H5 (3),measured in the corpus
cc:zone_spread,Block zone uniformity (95th percentile),hardware,type,,all sources,0,0,3,3,,,,,,,,,categorical — allowed values: ewma (3),measured in the corpus
cc:zone_spread,Block zone uniformity (95th percentile),hardware,variant,,all sources,0,0,3,3,,,,,,,,,categorical — allowed values: ,measured in the corpus
cc:zone_spread,Block zone uniformity (95th percentile),hardware,sop_sha256,,all sources,0,0,3,3,,,,,,,,,categorical — allowed values: 169e44a34f56120586941c7d64192a424c12ce217540a21e4907a7505d02f511 (3),measured in the corpus
data:amplification_curves,,,experiment,,all sources,4000,4000,4000,12000,,,,,,,,,categorical — allowed values: RUN-010 (4000); RUN-011 (4000); RUN-001 (2160); RUN-002 (1840),measured in the corpus
data:amplification_curves,,,well,,all sources,4000,4000,4000,12000,,,,,,,,,categorical — allowed values: A01 (340); B01 (295); A02 (250); A03 (250); A04 (250); A05 (250),measured in the corpus
data:amplification_curves,,,sample,,all sources,4000,4000,4000,12000,,,,,,,,,categorical — allowed values: SAMPLE-033 (4000); SAMPLE-001 (540); SAMPLE-020 (495); SAMPLE-021 (450); SAMPLE-022 (450); SAMPLE-023 (450),measured in the corpus
data:amplification_curves,,,target,,all sources,4000,4000,4000,12000,,,,,,,,,categorical — allowed values: TARGET-005 (4000); TARGET-001 (1485); TARGET-002 (1485); TARGET-006 (1000); TARGET-007 (1000); TARGET-008 (1000),measured in the corpus
data:amplification_curves,,,cycle,,LightCycler-format (.ixo),4000,4000,0,8000,1.0,3.0,23.0,43.0,45.0,12.97592,5.0,45.0,"measured: median ± 3 robust SD, widened to the 1st–99th percentile",measured in the corpus
data:amplification_curves,,,cycle,,QuantStudio-format (.eds),0,0,4000,4000,1.0,2.95,20.5,38.05,40.0,11.5434,5.0,45.0,"measured: median ± 3 robust SD, widened to the 1st–99th percentile",measured in the corpus
data:amplification_curves,,,fluorescence,,LightCycler-format (.ixo),4000,4000,0,8000,172.0,256.0,1435.9903,10649.25,11536.0,3731.75603,0.0,11088.03,"measured: median ± 3 robust SD, widened to the 1st–99th percentile",measured in the corpus
data:amplification_curves,,,fluorescence,,QuantStudio-format (.eds),0,0,4000,4000,0.46365,0.49597,1.26611,4.29361,9.3045,1.54966,0.0,8.60403,"measured: median ± 3 robust SD, widened to the 1st–99th percentile",measured in the corpus
data:control_charts,,,series,,all sources,90,39,23,152,,,,,,,,,categorical — allowed values: OTHER-006 (20); OTHER-005 (17); OTHER-007 (14); OTHER-002 (12); OTHER-003 (12); OTHER-001 (9),measured in the corpus
data:control_charts,,,series,,QuantStudio-format (.eds),0,0,20,20,10.0,10.0,550000.0,10000000000.0,10000000000.0,2977657166.30079,0.0,100.0,"measured: median ± 3 robust SD, widened to the 1st–99th percentile",measured in the corpus
data:control_charts,,,category,,all sources,90,39,23,152,,,,,,,,,categorical — allowed values: Standard (41); No-template control (28); Negative control (24); LOD control (21); Extraction blank (17); Blank (14),measured in the corpus
data:control_charts,,,target,,all sources,90,39,23,152,,,,,,,,,categorical — allowed values: TARGET-001 (28); TARGET-002 (28); TARGET-019 (22); TARGET-003 (20); TARGET-004 (14); TARGET-018 (8),measured in the corpus
data:control_charts,,,experiment,,all sources,90,39,23,152,,,,,,,,,categorical — allowed values: RUN-001 (24); RUN-013 (24); RUN-002 (15); RUN-012 (15); RUN-003 (12); RUN-014 (11),measured in the corpus
data:control_charts,,,date,,all sources,90,39,23,152,,,,,,,,,categorical — allowed values: 2021-10-04T10:57:06.250 (24); 2025-11-07T08:11:07.434 (24); 2022-09-29T10:31:19.843 (15); 2025-08-18T10:52:05.485 (15); 2025-03-18T11:44:05.562 (12); 2022-11-24T12:56:37.045 (11),measured in the corpus
data:control_charts,,,tick,,LightCycler-format (.ixo),90,39,0,129,4.1,4.1,18.3,29.9,29.9,9.15334,0.0,60.10932,"measured: median ± 3 robust SD, widened to the 1st–99th percentile",measured in the corpus
data:control_charts,,,tick,,QuantStudio-format (.eds),0,0,23,23,10.4,10.4,10.4,21.8,21.8,5.69461,10.4,21.8,"measured, every value identical across 23 readings",measured in the corpus
data:control_charts,,,cq,,LightCycler-format (.ixo),28,32,0,60,11.1117,18.28686,27.19395,36.46283,40.0,6.03009,5.67858,45.0,"measured: median ± 3 robust SD, widened to the 1st–99th percentile",measured in the corpus
data:control_charts,,,cq,,QuantStudio-format (.eds),0,0,21,21,5.35778,5.89146,21.74551,37.17341,37.56354,10.23347,5.0,45.0,"measured: median ± 3 robust SD, widened to the 1st–99th percentile",measured in the corpus
data:control_charts,,,n,,LightCycler-format (.ixo),90,39,0,129,0.0,0.0,0.0,10.0,15.0,3.45359,0.0,15.0,"measured, every value identical across 129 readings",measured in the corpus
data:control_charts,,,n,,QuantStudio-format (.eds),0,0,23,23,0.0,0.1,8.0,32.0,32.0,13.03753,0.0,43.5824,"measured: median ± 3 robust SD, widened to the 1st–99th percentile",measured in the corpus
data:control_charts,,,wells,,all sources,90,39,23,152,,,,,,,,,categorical — allowed values: A01 A02 (6); G01 G02 (6); D01 D02 (5); H12 (5); B10 (4); E10 (4),measured in the corpus
data:control_charts,,,flags,,all sources,90,39,23,152,,,,,,,,,categorical — allowed values: ,measured in the corpus
data:cq_values,,,experiment,,all sources,279,846,1464,2589,,,,,,,,,categorical — allowed values: RUN-015 (420); RUN-011 (384); RUN-017 (350); RUN-019 (288); RUN-004 (168); RUN-010 (158),measured in the corpus
data:cq_values,,,source_uid,,all sources,279,846,1464,2589,,,,,,,,,categorical — allowed values: 13FBAF43C08348CBA7CDA977298276B8 (420); F67FF619E4D04DE7993B3727D39A5DD6 (168); 453DEF300FC744DFBF932108FA4630A4 (158); C0B58E90551944809C3C5593455D40A1 (72); 6D01B70B5E9447EDA1009BB02334AC07 (60); D9ABCF7D26184025A89EC9BC96284A24 (60),measured in the corpus
data:cq_values,,,source_crc32,,all sources,279,846,1464,2589,,,,,,,,,categorical — allowed values: ca455f8e (420); 122e117b (384); 96db5e6e (350); 5fdbc53e (288); b28e8edc (168); 56ac3fa9 (158),measured in the corpus
data:cq_values,,,source_crc32,,QuantStudio-format (.eds),0,0,96,96,866246000000000.0,866246000000000.0,866246000000000.0,866246000000000.0,866246000000000.0,0.0,866246000000000.0,866246000000000.0,"measured, every value identical across 96 readings",measured in the corpus
data:cq_values,,,well,,all sources,279,846,1464,2589,,,,,,,,,categorical — allowed values: A01 (26); A10 (26); B01 (26); A06 (25); A07 (25); A08 (25),measured in the corpus
data:cq_values,,,well_lims,,all sources,279,846,1464,2589,,,,,,,,,categorical — allowed values: A1 (26); A10 (26); B1 (26); A6 (25); A7 (25); A8 (25),measured in the corpus
data:cq_values,,,position,,LightCycler-format (.ixo),279,846,0,1125,1.0,4.0,47.0,241.0,371.0,78.01773,0.0,365.76,"measured: median ± 3 robust SD, widened to the 1st–99th percentile",measured in the corpus
data:cq_values,,,position,,QuantStudio-format (.eds),0,0,1464,1464,1.0,9.0,72.5,343.0,384.0,104.54877,0.0,377.0,"measured: median ± 3 robust SD, widened to the 1st–99th percentile",measured in the corpus
data:cq_values,,,sample,,all sources,279,846,1464,2589,,,,,,,,,categorical — allowed values: SAMPLE-033 (384); SAMPLE-103 (144); SAMPLE-104 (144); SAMPLE-102 (96); SAMPLE-105 (96); SAMPLE-025 (86),measured in the corpus
data:cq_values,,,sample,,QuantStudio-format (.eds),0,0,466,466,10.0,10.0,100000.0,10000000000.0,10000000000.0,2785815474.14722,0.0,100.0,"measured: median ± 3 robust SD, widened to the 1st–99th percentile",measured in the corpus
data:cq_values,,,target,,all sources,279,846,1464,2589,,,,,,,,,categorical — allowed values: TARGET-019 (438); TARGET-022 (384); TARGET-005 (158); TARGET-020 (147); TARGET-016 (105); TARGET-017 (105),measured in the corpus
data:cq_values,,,target,,QuantStudio-format (.eds),0,0,96,96,0.0,0.0,2.0,3.0,3.0,0.98601,0.0,6.4478,"measured: median ± 3 robust SD, widened to the 1st–99th percentile",measured in the corpus
data:cq_values,,,analysis,,all sources,279,846,1464,2589,,,,,,,,,categorical — allowed values: Standard curve — KAZ (438); Standard curve — RNase P (288); Standard curve — GAPDH (96); Standard curve — FZD1 (96); Standard curve — APOE (96); Standard curve — CD44 (96),measured in the corpus
data:cq_values,,,channel,,LightCycler-format (.ixo),279,846,0,1125,0.0,0.0,0.0,1.0,2.0,0.44632,0.0,2.0,"measured, every value identical across 1125 readings",measured in the corpus
data:cq_values,,,channel,,QuantStudio-format (.eds),0,0,1464,1464,0.0,0.0,0.0,4.0,4.0,1.09,0.0,4.0,"measured, every value identical across 1464 readings",measured in the corpus
data:cq_values,,,filter,,all sources,279,846,1464,2589,,,,,,,,,categorical — allowed values: x1-m1 (1065); 465-510 (706); 483-533 (194); 533-580 (175); x2-m2 (111); x4-m4 (96),measured in the corpus
data:cq_values,,,role,,all sources,279,846,1464,2589,,,,,,,,,categorical — allowed values: Unknown (1743); Standard (522); NTC (149); Calibrator (115); Blank (31); Negative control (29),measured in the corpus
data:cq_values,,,instrument_type,,all sources,279,846,1464,2589,,,,,,,,,categorical — allowed values: UNKNOWN (930); qsUnknown (778); STANDARD (400); qsNegative (128); qsPosCalibrator (115); qsStandard (104),measured in the corpus
data:cq_values,,,replicate_of,,LightCycler-format (.ixo),279,846,0,1125,0.0,1.0,13.0,145.0,299.0,59.30876,0.0,100.0,"measured: median ± 3 robust SD, widened to the 1st–99th percentile",measured in the corpus
data:cq_values,,,cq,,LightCycler-format (.ixo),130,758,0,888,9.3891,15.97085,24.30625,33.99508,40.0,5.75156,5.51773,43.09477,"measured: median ± 3 robust SD, widened to the 1st–99th percentile",measured in the corpus
data:cq_values,,,cq,,QuantStudio-format (.eds),0,0,1330,1330,5.27792,8.33984,26.35331,84.27756,84.62761,16.97804,5.33578,45.0,"measured: median ± 3 robust SD, widened to the 1st–99th percentile",measured in the corpus
data:cq_values,,,concentration,,LightCycler-format (.ixo),279,846,0,1125,0.0,0.0,0.42242,45646.15065,1084226.0966,106612.51536,0.0,400.0,"measured: median ± 3 robust SD, widened to the 1st–99th percentile",measured in the corpus
data:cq_values,,,concentration,,QuantStudio-format (.eds),0,0,496,496,0.98492,0.98492,10000.0,10000000000.0,10000000000.0,2709807579.40782,0.0,400.0,"measured: median ± 3 robust SD, widened to the 1st–99th percentile",measured in the corpus
data:cq_values,,,concentration_uncertainty,,all sources,279,846,1464,2589,,,,,,,,,categorical — allowed values: ,measured in the corpus
data:cq_values,,,conc_status,,all sources,279,846,1464,2589,,,,,,,,,categorical — allowed values: csNormal (617); csRelative (502); csUncertain (6),measured in the corpus
data:cq_values,,,crossing_point_status,,LightCycler-format (.ixo),279,846,0,1125,0.0,0.0,0.0,0.0,0.0,0.0,0.0,0.0,"measured, every value identical across 1125 readings",measured in the corpus
data:cq_values,,,warn_codes,,all sources,279,846,1464,2589,,,,,,,,,"categorical — allowed values: HIGHSD (7); > (4); >, E (4); E (2); EXPFAIL (1)",measured in the corpus
data:cq_values,,,warn_description,,all sources,279,846,1464,2589,,,,,,,,,"categorical — allowed values: High standard deviation in replicate group (7); Late Cp call (last five cycles) has higher uncertainty (4); Late Cp call (last five cycles) has higher uncertainty, Extrapolated concentration in standard curve (4); Extrapolated concentration in standard curve (2); Exponential algorithm failed (1)",measured in the corpus
data:cq_values,,,given_conc,,LightCycler-format (.ixo),279,846,0,1125,0.0,0.0,0.0,100.0,1000000.0,107272.61605,0.0,1000000.0,"measured, every value identical across 1125 readings",measured in the corpus
data:cq_values,,,given_conc,,QuantStudio-format (.eds),0,0,1368,1368,1.0,1.0,1.0,1000000000.0,10000000000.0,1687590182.39139,1.0,10000000000.0,"measured, every value identical across 1368 readings",measured in the corpus
data:cq_values,,,call,,all sources,279,846,1464,2589,,,,,,,,,categorical — allowed values: NotCalculated (1310); Positive (1032); Negative (245); Uncertain (2),measured in the corpus
data:cq_values,,,cycles,,LightCycler-format (.ixo),279,846,0,1125,45.0,45.0,45.0,45.0,45.0,0.0,45.0,45.0,"measured, every value identical across 1125 readings",measured in the corpus
data:cq_values,,,cycles,,QuantStudio-format (.eds),0,0,1368,1368,40.0,40.0,40.0,125.0,125.0,21.71261,40.0,125.0,"measured, every value identical across 1368 readings",measured in the corpus
data:cq_values,,,has_curve,,all sources,279,846,1464,2589,,,,,,,,,categorical — allowed values: yes (2493); no (96),measured in the corpus
data:cq_values,,,platform,,all sources,279,846,1464,2589,,,,,,,,,categorical — allowed values: OTHER-031 (1464); OTHER-030 (1125),measured in the corpus
data:cq_values,,,amp_status,,all sources,279,846,1464,2589,,,,,,,,,categorical — allowed values: Amp (144); No Amp (8); Inconclusive (2),measured in the corpus
data:cq_values,,,cq_confidence,,all sources,279,846,1464,2589,,,,,,,,,categorical — allowed values: 0 (8); 0.9160777893874011 (1); 0.9767375487772356 (1); 0.9797389399718038 (1); 0.9803676297150602 (1); 0.976890115697479 (1),measured in the corpus
data:cq_values,,,cq_confidence,,QuantStudio-format (.eds),0,0,154,154,0.0,0.59545,0.98034,0.99225,0.99478,0.21721,0.0,0.99478,"measured: median ± 3 robust SD, widened to the 1st–99th percentile",measured in the corpus
data:cq_values,,,flags,,all sources,279,846,1464,2589,,,,,,,,,categorical — allowed values: HIGHSD (7); EXPFAIL (1),measured in the corpus
data:cq_values,,,cq_mean_stored,,all sources,279,846,1464,2589,,,,,,,,,categorical — allowed values: 28.0079 (144); 27.018 (144); 16.98522 (96); 28.72085 (96); 24.284452 (96); 21.572212 (96),measured in the corpus
data:cq_values,,,cq_mean_stored,,QuantStudio-format (.eds),0,0,1330,1330,-0.02942,2.61304,26.1835,31.62439,37.17341,8.61624,5.0,37.46913,"measured: median ± 3 robust SD, widened to the 1st–99th percentile",measured in the corpus
data:cq_values,,,cq_sd_stored,,all sources,279,846,1464,2589,,,,,,,,,categorical — allowed values: 0.0829679 (144); 0.0736639 (144); 0.091637366 (96); 0.073005654 (96); 0.0900212 (96); 0.11276711 (96),measured in the corpus
data:cq_values,,,cq_sd_stored,,QuantStudio-format (.eds),0,0,1330,1330,0.00838,0.03721,0.07998,3.17207,6.59619,1.04147,5.0,6.34512,"measured: median ± 3 robust SD, widened to the 1st–99th percentile",measured in the corpus
data:cq_values,,,delta_cq,,all sources,279,846,1464,2589,,,,,,,,,categorical — allowed values: 173592.64 (1); 169289.64 (1); 161711.28 (1); 150073.62 (1); 142349.1 (1); 161449.7 (1),measured in the corpus
data:cq_values,,,delta_cq,,QuantStudio-format (.eds),0,0,96,96,112185.41,120399.302,134234.45,158449.97,173592.64,11095.76135,112185.41,173592.64,"measured: median ± 3 robust SD, widened to the 1st–99th percentile",measured in the corpus
data:cq_values,,,delta_cq_mean,,all sources,279,846,1464,2589,,,,,,,,,categorical — allowed values: -0.8170703 (12); -2.673883 (12); -1.5703644 (12); -3.6078618 (12); -4.469851 (3),measured in the corpus
data:cq_values,,,delta_cq_mean,,QuantStudio-format (.eds),0,0,51,51,-4.46985,-4.03886,-2.67388,-0.81707,-0.81707,1.16405,0.0,2.23435,"measured: median ± 3 robust SD, widened to the 1st–99th percentile",measured in the corpus
data:cq_values,,,delta_delta_cq,,all sources,279,846,1464,2589,,,,,,,,,categorical — allowed values: 0 (12); -1.8568126 (12); -0.753294 (12); -2.7907913 (12); -3.6527808 (3),measured in the corpus
data:cq_values,,,delta_delta_cq,,QuantStudio-format (.eds),0,0,51,51,-3.65278,-3.22179,-1.85681,0.0,0.0,1.16405,-3.65278,0.0,"measured: median ± 3 robust SD, widened to the 1st–99th percentile",measured in the corpus
data:cq_values,,,rq,,all sources,279,846,1464,2589,,,,,,,,,categorical — allowed values: 1 (12); 3.6220655 (12); 1.6856371 (12); 6.9200926 (12); 12.577566 (3),measured in the corpus
data:cq_values,,,rq,,QuantStudio-format (.eds),0,0,51,51,1.0,1.0,3.62207,9.74883,12.57757,3.11833,0.0,15.28449,"measured: median ± 3 robust SD, widened to the 1st–99th percentile",measured in the corpus
data:cq_values,,,rq_min,,all sources,279,846,1464,2589,,,,,,,,,categorical — allowed values: 0.9033024 (12); 3.5279467 (12); 1.64102 (12); 6.0413065 (12); 10.308308 (3),measured in the corpus
data:cq_values,,,rq_min,,QuantStudio-format (.eds),0,0,51,51,0.9033,0.9033,3.52795,8.17481,10.30831,2.57764,0.0,14.70687,"measured: median ± 3 robust SD, widened to the 1st–99th percentile",measured in the corpus
data:cq_values,,,rq_max,,all sources,279,846,1464,2589,,,,,,,,,categorical — allowed values: 1.107049 (12); 3.7186952 (12); 1.7314672 (12); 7.926709 (12); 15.346375 (3),measured in the corpus
data:cq_values,,,rq_max,,QuantStudio-format (.eds),0,0,51,51,1.10705,1.10705,3.7187,11.63654,15.34638,3.78195,0.0,15.34638,"measured: median ± 3 robust SD, widened to the 1st–99th percentile",measured in the corpus
data:cq_values,,,threshold,,all sources,279,846,1464,2589,,,,,,,,,categorical — allowed values: 0.2 (384); 0.3 (350); 0.13445529553506763 (96); 0.9021844381089397 (96); 0.24430951635377451 (96); 0.24027337228429582 (96),measured in the corpus
data:cq_values,,,threshold,,QuantStudio-format (.eds),0,0,1464,1464,0.04,0.04,0.24027,1.31131,1.31131,0.31626,0.0,1.31131,"measured: median ± 3 robust SD, widened to the 1st–99th percentile",measured in the corpus
data:cq_values,,,cq_rederived,,all sources,279,846,1464,2589,,,,,,,,,categorical — allowed values: 21.3994 (2); 21.4475 (2); 28.7198 (2); 17.0153 (2); 21.697 (2); 26.2927 (2),measured in the corpus
data:cq_values,,,cq_rederived,,QuantStudio-format (.eds),0,0,1234,1234,5.2501,8.28155,26.185,31.60004,38.0278,6.88726,5.30122,39.52151,"measured: median ± 3 robust SD, widened to the 1st–99th percentile",measured in the corpus
data:cq_values,,,omitted,,all sources,279,846,1464,2589,,,,,,,,,categorical — allowed values: ,measured in the corpus
data:experiment_meta,,,file,,all sources,6,10,8,24,,,,,,,,,categorical — allowed values: RUN-021 (1); RUN-022 (1); RUN-023 (1); RUN-024 (1); RUN-025 (1); RUN-027 (1),measured in the corpus
data:experiment_meta,,,platform,,all sources,6,10,8,24,,,,,,,,,categorical — allowed values: OTHER-030 (16); OTHER-031 (8),measured in the corpus
data:experiment_meta,,,integrity,,all sources,6,10,8,24,,,,,,,,,categorical — allowed values: container checksum matches (16); CRC-32 valid; no Tamper record (5); CRC-32 valid; Tamper MD5 matches (3),measured in the corpus
data:experiment_meta,,,source_uid,,all sources,6,10,8,24,,,,,,,,,categorical — allowed values: 81A47C37996249548590A740322E2C84 (1); DAF4B713BD9D42E38D4784DC03F67544 (1); 6D01B70B5E9447EDA1009BB02334AC07 (1); D9ABCF7D26184025A89EC9BC96284A24 (1); 3AF7AA6136374E89AAE2F467F90CBA34 (1); 06649A27A8BC4F51ACFD99A0EBE0DFBB (1),measured in the corpus
data:experiment_meta,,,source_crc32,,all sources,6,10,8,24,,,,,,,,,categorical — allowed values: a442eb05 (1); 93e107cc (1); ba4be28a (1); 7cafb151 (1); 47a71408 (1); b611b34d (1),measured in the corpus
data:experiment_meta,,,source_sha256,,all sources,6,10,8,24,,,,,,,,,categorical — allowed values: bf190b5b72389abb3e38009bd33df2382791bec5e5164940b23efbedd9902953 (1); cde6a70ee8bf16166e069fc7b9479f40fac847091fcf30a0316697e89b7ffd94 (1); aeebe7d2f005830504ed82e3f9b9c49a2c4066313eee47cac3cb0232a6a7a3d9 (1); 93d74fc5ccacb7d8bc43d06182600e5d74ff80c8f8f44f44fff34ad36611e020 (1); 112eac709d73caf64b516b8329cfaa13aa291967988a83441a8320e6fc237c9e (1); ad7453a7fa55cab3bcd25c1503b9a8068c467cb48f4ab34aeab478d8c81da7c8 (1),measured in the corpus
data:experiment_meta,,,source_bytes,,LightCycler-format (.ixo),6,10,0,16,1573274.0,1582051.25,2234279.0,12832035.75,17423571.0,4298985.32246,1573274.0,17423571.0,measured on only 16 values: observed range,measured in the corpus
data:experiment_meta,,,source_bytes,,QuantStudio-format (.eds),0,0,8,8,1480477.0,1572293.55,2304166.5,3730013.85,4193368.0,771780.39933,1480477.0,4193368.0,measured on only 8 values: observed range,measured in the corpus
data:experiment_meta,,,experiment,,all sources,6,10,8,24,,,,,,,,,categorical — allowed values: RUN-001 (1); RUN-002 (1); RUN-012 (1); RUN-013 (1); RUN-026 (1); RUN-003 (1),measured in the corpus
data:experiment_meta,,,experiment_created,,all sources,6,10,8,24,,,,,,,,,categorical — allowed values: 2021-10-04T10:56:24.578 (1); 2022-09-29T10:28:23.062 (1); 2025-08-18T10:50:27.899 (1); 2025-11-07T08:10:31.010 (1); 2025-03-18T08:21:25.314 (1); 2025-03-18T11:43:15.703 (1),measured in the corpus
data:experiment_meta,,,experiment_created_by,,all sources,6,10,8,24,,,,,,,,,categorical — allowed values: System Admin (10); OTHER-034 (6),measured in the corpus
data:experiment_meta,,,experiment_last_modified,,all sources,6,10,8,24,,,,,,,,,categorical — allowed values: 2021-10-04T12:44:58.812 (1); 2022-09-29T15:04:56.546 (1); 2025-08-18T12:52:44.064 (1); 2025-11-07T11:41:40.377 (1); 2025-03-18T10:55:05.829 (1); 2025-03-18T14:44:51.812 (1),measured in the corpus
data:experiment_meta,,,run_created,,all sources,6,10,8,24,,,,,,,,,categorical — allowed values: 2021-10-04T10:56:24.562 (1); 2022-09-29T10:28:23.062 (1); 2025-08-18T10:50:27.892 (1); 2025-11-07T08:10:31.002 (1); 2025-03-18T08:21:25.306 (1); 2025-03-18T11:43:15.687 (1),measured in the corpus
data:experiment_meta,,,run_started,,all sources,6,10,8,24,,,,,,,,,categorical — allowed values: 2021-10-04T10:57:06.250 (1); 2022-09-29T10:31:19.843 (1); 2025-08-18T10:52:05.485 (1); 2025-11-07T08:11:07.434 (1); 2025-03-18T08:22:06.473 (1); 2025-03-18T11:44:05.562 (1),measured in the corpus
data:experiment_meta,,,run_ended,,all sources,6,10,8,24,,,,,,,,,categorical — allowed values: 2021-10-04T12:34:47.250 (1); 2022-09-29T12:09:03.343 (1); 2025-08-18T12:29:41.296 (1); 2025-11-07T09:50:35.855 (1); 2025-03-18T09:15:21.333 (1); 2025-03-18T13:21:46.609 (1),measured in the corpus
data:experiment_meta,,,run_duration_minutes,,LightCycler-format (.ixo),6,10,0,16,1.76613,40.37728,70.85495,98.16217,99.47368,23.88575,1.76613,99.47368,measured on only 16 values: observed range,measured in the corpus
data:experiment_meta,,,run_duration_minutes,,QuantStudio-format (.eds),0,0,7,7,8.88333,16.15333,34.25,44.05333,46.23333,10.82155,8.88333,46.23333,measured on only 7 values: observed range,measured in the corpus
data:experiment_meta,,,operator,,all sources,6,10,8,24,,,,,,,,,categorical — allowed values: PERSON-002 (9); PERSON-001 (6); PERSON-003 (1),measured in the corpus
data:experiment_meta,,,software_version,,all sources,6,10,8,24,,,,,,,,,categorical — allowed values: LCS480 1.5.1.62 (4); LCS480 1.5.0.39 (3); OTHER-038 (3); LCS480 1.4.9.76 (2); OTHER-039 (2); OTHER-041 (2),measured in the corpus
data:experiment_meta,,,instrument,,all sources,6,10,8,24,,,,,,,,,categorical — allowed values: PLATE-003 (4); PLATE-001 (3); PLATE-007 (3); PLATE-012 (3); PLATE-008 (2); PLATE-004 (1),measured in the corpus
data:experiment_meta,,,block,,all sources,6,10,8,24,,,,,,,,,categorical — allowed values: bt96S (7); bt384TC5 (5); 18 (5); bt96TC5 (4); 20 (2); 21 (1),measured in the corpus
data:experiment_meta,,,block,,QuantStudio-format (.eds),0,0,8,8,18.0,18.0,18.0,20.65,21.0,1.16592,18.0,21.0,"measured, every value identical across 8 readings",measured in the corpus
data:experiment_meta,,,plate,,all sources,6,10,8,24,,,,,,,,,categorical — allowed values: PLATE-002 (17); PLATE-005 (7),measured in the corpus
data:experiment_meta,,,cycles,,LightCycler-format (.ixo),5,9,0,14,40.0,40.0,45.0,45.0,45.0,1.74964,40.0,45.0,"measured, every value identical across 14 readings",measured in the corpus
data:experiment_meta,,,cycles,,QuantStudio-format (.eds),0,0,7,7,40.0,40.0,40.0,40.0,40.0,0.0,40.0,40.0,"measured, every value identical across 7 readings",measured in the corpus
data:experiment_meta,,,channels,,all sources,6,10,8,24,,,,,,,,,categorical — allowed values: FAM | YELLOW (6); FAM | HEX / Yellow555 (3); FAM | ROX (passive reference) (3); OTHER-040 (2); OTHER-035 (1); FAM | Hex (1),measured in the corpus
data:experiment_meta,,,fluorescence_scaling_factors,,LightCycler-format (.ixo),5,10,0,15,10000.0,10000.0,20000.0,20000.0,20000.0,4714.04521,10000.0,20000.0,"measured, every value identical across 15 readings",measured in the corpus
data:experiment_meta,,,analyses,,LightCycler-format (.ixo),6,10,0,16,0.0,0.75,3.0,10.75,25.0,5.52516,0.0,25.0,measured on only 16 values: observed range,measured in the corpus
data:experiment_meta,,,analyses,,QuantStudio-format (.eds),0,0,8,8,1.0,1.0,1.0,4.0,4.0,1.26861,1.0,4.0,"measured, every value identical across 8 readings",measured in the corpus
data:experiment_meta,,,modules,,all sources,6,10,8,24,,,,,,,,,categorical — allowed values: absquant (11); endptgeno (3); relquant | absquant (2); tm (2); absquant | tm (1); absquant | colorcomp (1),measured in the corpus
data:experiment_meta,,,quantification_results,,LightCycler-format (.ixo),6,10,0,16,0.0,0.0,51.0,231.0,420.0,103.7194,0.0,100.0,measured on only 16 values: observed range,measured in the corpus
data:experiment_meta,,,quantification_results,,QuantStudio-format (.eds),0,0,8,8,66.0,73.7,96.0,372.1,384.0,124.86793,66.0,100.0,measured on only 8 values: observed range,measured in the corpus
data:experiment_meta,,,melting_results,,LightCycler-format (.ixo),6,10,0,16,0.0,0.0,0.0,81.75,90.0,28.01332,0.0,90.0,"measured, every value identical across 16 readings",measured in the corpus
data:experiment_meta,,,melting_results,,QuantStudio-format (.eds),0,0,8,8,0.0,0.0,0.0,0.0,0.0,0.0,0.0,0.0,"measured, every value identical across 8 readings",measured in the corpus
data:experiment_meta,,,curves_decoded,,LightCycler-format (.ixo),6,10,0,16,0.0,0.0,51.0,84.0,84.0,33.06977,0.0,84.0,measured on only 16 values: observed range,measured in the corpus
data:experiment_meta,,,curves_decoded,,QuantStudio-format (.eds),0,0,8,8,0.0,23.1,96.0,372.1,384.0,136.70406,0.0,100.0,measured on only 8 values: observed range,measured in the corpus
data:experiment_meta,,,curves_linked_to_results,,LightCycler-format (.ixo),6,10,0,16,0.0,0.0,51.0,84.0,84.0,33.06977,0.0,84.0,measured on only 16 values: observed range,measured in the corpus
data:experiment_meta,,,curves_linked_to_results,,QuantStudio-format (.eds),0,0,8,8,0.0,23.1,96.0,372.1,384.0,136.70406,0.0,100.0,measured on only 8 values: observed range,measured in the corpus
data:experiment_meta,,,curves_acquired,,LightCycler-format (.ixo),6,10,0,16,0.0,0.0,192.0,768.0,768.0,222.24311,5.0,45.0,measured on only 16 values: observed range,measured in the corpus
data:experiment_meta,,,curves_acquired,,QuantStudio-format (.eds),0,0,8,8,0.0,25.2,96.0,384.0,384.0,149.44041,5.0,45.0,measured on only 8 values: observed range,measured in the corpus
data:experiment_meta,,,acquisition_error,,all sources,6,10,8,24,,,,,,,,,categorical — allowed values: AcquisitionStore cycle count 21 does not match protocol 45 (1),measured in the corpus
data:experiment_settings,,,setting,,all sources,106,177,304,587,,,,,,,,,categorical — allowed values: Experiment (16); Source UID (16); Source CRC-32 (16); Source SHA-256 (16); Experiment created (16); Experiment last modified (16),measured in the corpus
data:experiment_settings,,,value,,LightCycler-format (.ixo),3,0,0,3,2.0,6.3,45.0,18004.5,20000.0,9417.02877,2.0,100.0,measured on only 3 values: observed range,measured in the corpus
data:experiment_settings,,,source,,all sources,106,177,304,587,,,,,,,,,categorical — allowed values: HTCExperiment name (16); HTCExperiment UID (16); OTHER-044 (16); HTCExperiment Created (16); HTCExperiment LastModified (16); HTCRun Created (16),measured in the corpus
data:forensic_log,,,experiment,,all sources,38,66,120,224,,,,,,,,,categorical — allowed values: RUN-007 (21); RUN-014 (18); RUN-017 (16); RUN-019 (16); RUN-011 (13); RUN-018 (13),measured in the corpus
data:forensic_log,,,severity,,all sources,38,66,120,224,,,,,,,,,categorical — allowed values: info (138); review (73); error (13),measured in the corpus
data:forensic_log,,,area,,all sources,38,66,120,224,,,,,,,,,categorical — allowed values: Timeline (33); Integrity (32); Recovery (24); Provenance (22); Traceability (16); Analysis membership (14),measured in the corpus
data:forensic_log,,,finding,,all sources,38,66,120,224,,,,,,,,,categorical — allowed values: Experiment decoded (16); Container checksum matches the object stream (16); Experiment was created after the run started (10); 2 active channels and colour compensation is not recorded as applied (8); OTHER-400 (8); No operator recorded in the file (8),measured in the corpus
data:forensic_log,,,evidence,,all sources,38,66,120,224,,,,,,,,,"categorical — allowed values: messages.log Run Starting; the file was renamed or saved under a new name after the run (7); FAM 465-510, YELLOW 533-580 (6); The run may still require assay-specific acceptance review (6); 7 sample name(s) do not match ^d+s*GMd{2}(?:|_) (2); 16x24; 2 analyses; 0 quantification results (2); FAM 465-510, HEX / Yellow555 533-580 (2)",measured in the corpus
data:melting_peaks,,,experiment,,all sources,0,200,0,200,,,,,,,,,categorical — allowed values: RUN-039 (121); RUN-010 (79),measured in the corpus
data:melting_peaks,,,source_uid,,all sources,0,200,0,200,,,,,,,,,categorical — allowed values: E75A0B21DC3E450292670771D32D2147 (121); 453DEF300FC744DFBF932108FA4630A4 (79),measured in the corpus
data:melting_peaks,,,source_crc32,,all sources,0,200,0,200,,,,,,,,,categorical — allowed values: 6f6f1f0e (121); 56ac3fa9 (79),measured in the corpus
data:melting_peaks,,,well,,all sources,0,200,0,200,,,,,,,,,categorical — allowed values: B01 (3); F12 (3); G01 (3); H01 (3); I01 (3); M24 (3),measured in the corpus
data:melting_peaks,,,well_lims,,all sources,0,200,0,200,,,,,,,,,categorical — allowed values: B1 (3); F12 (3); G1 (3); H1 (3); I1 (3); M24 (3),measured in the corpus
data:melting_peaks,,,position,,LightCycler-format (.ixo),0,200,0,200,1.0,18.95,194.0,364.05,384.0,102.76117,0.0,400.0,"measured: median ± 3 robust SD, widened to the 1st–99th percentile",measured in the corpus
data:melting_peaks,,,sample,,all sources,0,200,0,200,,,,,,,,,categorical — allowed values: SAMPLE-112 (18); SAMPLE-113 (18); SAMPLE-114 (18); SAMPLE-025 (13); SAMPLE-107 (13); SAMPLE-106 (9),measured in the corpus
data:melting_peaks,,,analysis,,all sources,0,200,0,200,,,,,,,,,categorical — allowed values: Tm Calling for All Genotypes (121); Tm Calling (79),measured in the corpus
data:melting_peaks,,,channel,,all sources,0,200,0,200,,,,,,,,,categorical — allowed values: 483-640 (121); 483-533 (79),measured in the corpus
data:melting_peaks,,,channel_index,,LightCycler-format (.ixo),0,200,0,200,0.0,0.0,0.0,0.0,0.0,0.0,0.0,0.0,"measured, every value identical across 200 readings",measured in the corpus
data:melting_peaks,,,melt_program,,all sources,0,200,0,200,,,,,,,,,categorical — allowed values: Melting Curve (200),measured in the corpus
data:melting_peaks,,,melt_program_index,,LightCycler-format (.ixo),0,200,0,200,2.0,2.0,2.0,2.0,2.0,0.0,2.0,2.0,"measured, every value identical across 200 readings",measured in the corpus
data:melting_peaks,,,melt_segment,,LightCycler-format (.ixo),0,200,0,200,2.0,2.0,2.0,2.0,2.0,0.0,2.0,2.0,"measured, every value identical across 200 readings",measured in the corpus
data:melting_peaks,,,melt_curve_ambiguous,,all sources,0,200,0,200,,,,,,,,,categorical — allowed values: ,measured in the corpus
data:melting_peaks,,,peaks_found,,LightCycler-format (.ixo),0,200,0,200,0.0,0.0,1.0,2.0,2.0,0.55453,0.0,2.0,"measured, every value identical across 200 readings",measured in the corpus
data:melting_peaks,,,call_code,,LightCycler-format (.ixo),0,200,0,200,0.0,0.0,0.0,1.0,1.0,0.23749,0.0,1.0,"measured, every value identical across 200 readings",measured in the corpus
data:melting_peaks,,,peak_state,,all sources,0,200,0,200,,,,,,,,,categorical — allowed values: peak detected (188); no peak (12),measured in the corpus
data:melting_peaks,,,manual_tms,,all sources,0,200,0,200,,,,,,,,,categorical — allowed values: ,measured in the corpus
data:melting_peaks,,,peak_index,,LightCycler-format (.ixo),0,188,0,188,1.0,1.0,1.0,2.0,2.0,0.37108,1.0,2.0,"measured, every value identical across 188 readings",measured in the corpus
data:melting_peaks,,,peak,,LightCycler-format (.ixo),0,188,0,188,52.36888,52.65649,63.69921,89.3733,89.46108,15.55578,15.35261,100.0,"measured: median ± 3 robust SD, widened to the 1st–99th percentile",measured in the corpus
data:melting_peaks,,,area,,LightCycler-format (.ixo),0,188,0,188,1.24195,2.73471,7.45416,16.31295,17.13069,4.97728,0.0,26.83742,"measured: median ± 3 robust SD, widened to the 1st–99th percentile",measured in the corpus
data:melting_peaks,,,width,,LightCycler-format (.ixo),0,188,0,188,2.08851,2.14302,5.95256,7.21863,7.35019,2.12115,0.66379,11.24134,"measured: median ± 3 robust SD, widened to the 1st–99th percentile",measured in the corpus
data:melting_peaks,,,height,,LightCycler-format (.ixo),0,188,0,188,0.24828,0.46772,1.08847,7.22341,7.69107,2.93453,0.0,7.55588,"measured: median ± 3 robust SD, widened to the 1st–99th percentile",measured in the corpus
data:melting_peaks,,,shoulder,,all sources,0,200,0,200,,,,,,,,,categorical — allowed values: yes (4),measured in the corpus
data:multicomponent_raw,,,experiment,,all sources,0,0,4000,4000,,,,,,,,,categorical — allowed values: RUN-011 (3840); RUN-007 (160),measured in the corpus
data:multicomponent_raw,,,well,,all sources,0,0,4000,4000,,,,,,,,,categorical — allowed values: A01 (80); A03 (80); A04 (80); A05 (80); A02 (40); A06 (40),measured in the corpus
data:multicomponent_raw,,,sample,,all sources,0,0,4000,4000,,,,,,,,,categorical — allowed values: SAMPLE-115 (3840); SAMPLE-007 (40); SAMPLE-116 (40); SAMPLE-117 (40); SAMPLE-118 (40),measured in the corpus
data:multicomponent_raw,,,cycle,,all sources,0,0,4000,4000,,,,,,,,,categorical — allowed values: 1 (100); 2 (100); 3 (100); 4 (100); 5 (100); 6 (100),measured in the corpus
data:multicomponent_raw,,,cycle,,QuantStudio-format (.eds),0,0,4000,4000,1.0,2.95,20.5,38.05,40.0,11.5434,5.0,45.0,"measured: median ± 3 robust SD, widened to the 1st–99th percentile",measured in the corpus
data:multicomponent_raw,,,multicomponent_FAM,,all sources,0,0,4000,4000,,,,,,,,,categorical — allowed values: 113248.516 (2); 112798.71 (1); 113383.17 (1); 115063.78 (1); 116493.97 (1); 117493.3 (1),measured in the corpus
data:multicomponent_raw,,,multicomponent_FAM,,QuantStudio-format (.eds),0,0,4000,4000,73867.29,113246.4269,140859.57,1221954.375,2261930.0,379535.17665,73867.29,2261930.0,"measured: median ± 3 robust SD, widened to the 1st–99th percentile",measured in the corpus
data:multicomponent_raw,,,multicomponent_JUN,,all sources,0,0,4000,4000,,,,,,,,,categorical — allowed values: 61607.44 (1); 62039.887 (1); 63095.223 (1); 63699.02 (1); 64099.62 (1); 64455.41 (1),measured in the corpus
data:multicomponent_raw,,,multicomponent_JUN,,QuantStudio-format (.eds),0,0,3840,3840,30770.39,63750.4041,169088.46,293524.554,350354.7,92981.51686,0.0,400.0,"measured: median ± 3 robust SD, widened to the 1st–99th percentile",measured in the corpus
data:multicomponent_raw,,,multicomponent_ABY,,all sources,0,0,4000,4000,,,,,,,,,categorical — allowed values: 145360.11 (1); 145524.16 (1); 146662.14 (1); 147717.16 (1); 148541.5 (1); 149278.45 (1),measured in the corpus
data:multicomponent_raw,,,multicomponent_ABY,,QuantStudio-format (.eds),0,0,3840,3840,100586.68,164348.652,210601.595,536186.863,617280.75,146141.30981,100586.68,617280.75,"measured: median ± 3 robust SD, widened to the 1st–99th percentile",measured in the corpus
data:multicomponent_raw,,,multicomponent_MUSTANG PURPLE,,all sources,0,0,4000,4000,,,,,,,,,categorical — allowed values: 148462.36 (2); 162590.84 (2); 144289.86 (2); 128106.37 (1); 128532.8 (1); 129951.4 (1),measured in the corpus
data:multicomponent_raw,,,multicomponent_MUSTANG PURPLE,,QuantStudio-format (.eds),0,0,3840,3840,83947.79,128469.45,143995.15,164158.7055,171214.14,12231.70382,83947.79,171214.14,"measured: median ± 3 robust SD, widened to the 1st–99th percentile",measured in the corpus
data:multicomponent_raw,,,multicomponent_VIC,,all sources,0,0,4000,4000,,,,,,,,,categorical — allowed values: 145129.69 (2); 120037.84 (1); 120544.39 (1); 121798.14 (1); 122164.305 (1); 122498.164 (1),measured in the corpus
data:multicomponent_raw,,,multicomponent_VIC,,QuantStudio-format (.eds),0,0,3840,3840,84824.31,123999.78775,149196.26,448813.232,505829.0,124734.91053,84824.31,505829.0,"measured: median ± 3 robust SD, widened to the 1st–99th percentile",measured in the corpus
data:multicomponent_raw,,,raw_x1-m1,,all sources,0,0,4000,4000,,,,,,,,,categorical — allowed values: 129686.63 (2); 144132.66 (2); 117848.79 (1); 119389.3 (1); 121059.586 (1); 122617.06 (1),measured in the corpus
data:multicomponent_raw,,,raw_x1-m1,,QuantStudio-format (.eds),0,0,4000,4000,79886.79,122648.4572,150550.795,1262084.855,2339385.2,390858.03041,79886.79,2339385.2,"measured: median ± 3 robust SD, widened to the 1st–99th percentile",measured in the corpus
data:multicomponent_raw,,,raw_x1-m2,,all sources,0,0,4000,4000,,,,,,,,,categorical — allowed values: 132732.28 (2); 139371.38 (2); 120308.59 (1); 121282.45 (1); 123597.98 (1); 123996.68 (1),measured in the corpus
data:multicomponent_raw,,,raw_x1-m2,,QuantStudio-format (.eds),0,0,4000,4000,60069.215,123187.541,151544.5,741990.854,896344.25,216118.13966,60069.215,896344.25,"measured: median ± 3 robust SD, widened to the 1st–99th percentile",measured in the corpus
data:multicomponent_raw,,,raw_x2-m2,,all sources,0,0,4000,4000,,,,,,,,,categorical — allowed values: 171102.67 (2); 150715.84 (1); 152259.19 (1); 153928.55 (1); 154493.73 (1); 154613.27 (1),measured in the corpus
data:multicomponent_raw,,,raw_x2-m2,,QuantStudio-format (.eds),0,0,4000,4000,18653.486,145571.283,187846.15,616441.82,729103.0,177190.49832,18653.486,729103.0,"measured: median ± 3 robust SD, widened to the 1st–99th percentile",measured in the corpus
data:multicomponent_raw,,,raw_x2-m3,,all sources,0,0,4000,4000,,,,,,,,,categorical — allowed values: 106579.24 (1); 107235.28 (1); 107989.87 (1); 108505.88 (1); 109116.18 (1); 109797.516 (1),measured in the corpus
data:multicomponent_raw,,,raw_x2-m3,,QuantStudio-format (.eds),0,0,4000,4000,17974.555,97983.15725,133926.245,391127.152,451693.03,109918.63184,17974.555,451693.03,"measured: median ± 3 robust SD, widened to the 1st–99th percentile",measured in the corpus
data:multicomponent_raw,,,raw_x3-m3,,all sources,0,0,4000,4000,,,,,,,,,categorical — allowed values: 178443.2 (1); 179079.75 (1); 181023.19 (1); 182090.31 (1); 183026.61 (1); 183493.58 (1),measured in the corpus
data:multicomponent_raw,,,raw_x3-m3,,QuantStudio-format (.eds),0,0,4000,4000,10987.8125,166700.5055,241189.62,641923.905,736457.44,184549.91601,10987.8125,736457.44,"measured: median ± 3 robust SD, widened to the 1st–99th percentile",measured in the corpus
data:multicomponent_raw,,,raw_x3-m4,,all sources,0,0,4000,4000,,,,,,,,,categorical — allowed values: 97829.48 (1); 98141.16 (1); 99722.79 (1); 100156.734 (1); 100931.46 (1); 100939.14 (1),measured in the corpus
data:multicomponent_raw,,,raw_x3-m4,,QuantStudio-format (.eds),0,0,4000,4000,36293.33,96630.971,159057.68,385633.8215,449532.75,109973.62875,0.0,100.0,"measured: median ± 3 robust SD, widened to the 1st–99th percentile",measured in the corpus
data:multicomponent_raw,,,raw_x4-m4,,all sources,0,0,4000,4000,,,,,,,,,categorical — allowed values: 447736.56 (2); 122075.04 (1); 123436.83 (1); 125120.445 (1); 126097.28 (1); 126920.82 (1),measured in the corpus
data:multicomponent_raw,,,raw_x4-m4,,QuantStudio-format (.eds),0,0,4000,4000,66092.12,119335.762,250663.995,456127.523,519163.3,128126.88434,0.0,100.0,"measured: median ± 3 robust SD, widened to the 1st–99th percentile",measured in the corpus
data:multicomponent_raw,,,raw_x5-m5,,all sources,0,0,4000,4000,,,,,,,,,categorical — allowed values: 157156.1 (2); 140505.44 (2); 141008.9 (2); 143737.92 (2); 129030.44 (1); 130001.484 (1),measured in the corpus
data:multicomponent_raw,,,raw_x5-m5,,QuantStudio-format (.eds),0,0,4000,4000,-2309.9304,110968.7488,146352.255,168656.314,178667.75,31294.57263,-2309.9304,178667.75,"measured: median ± 3 robust SD, widened to the 1st–99th percentile",measured in the corpus
data:multicomponent_raw,,,multicomponent_ROX,,all sources,0,0,4000,4000,,,,,,,,,categorical — allowed values: 143153.67 (1); 143814.64 (1); 148198.6 (1); 151395.78 (1); 152525.62 (1); 153284.89 (1),measured in the corpus
data:multicomponent_raw,,,multicomponent_ROX,,QuantStudio-format (.eds),0,0,160,160,143153.67,154635.8915,312586.295,318812.409,319724.94,68780.51418,143153.67,319724.94,"measured: median ± 3 robust SD, widened to the 1st–99th percentile",measured in the corpus
data:multicomponent_raw,,,multicomponent_TAMRA,,all sources,0,0,4000,4000,,,,,,,,,categorical — allowed values: ,measured in the corpus
data:multicomponent_raw,,,multicomponent_SYBR,,all sources,0,0,4000,4000,,,,,,,,,categorical — allowed values: ,measured in the corpus
data:plate_map,,,experiment,,all sources,576,2400,1344,4320,,,,,,,,,categorical — allowed values: RUN-010 (384); RUN-016 (384); RUN-008 (384); RUN-009 (384); RUN-039 (384); RUN-017 (384),measured in the corpus
data:plate_map,,,source_uid,,all sources,576,2400,1344,4320,,,,,,,,,categorical — allowed values: 453DEF300FC744DFBF932108FA4630A4 (384); C0B58E90551944809C3C5593455D40A1 (384); E28090D8CED445409C95D1386F5F6C5F (384); FA52834DFBC24DB282FAF423968C9B26 (384); E75A0B21DC3E450292670771D32D2147 (384); 81A47C37996249548590A740322E2C84 (96),measured in the corpus
data:plate_map,,,source_crc32,,all sources,576,2400,1344,4320,,,,,,,,,categorical — allowed values: 56ac3fa9 (384); 471c9d53 (384); a090fbd4 (384); 6cc252b3 (384); 6f6f1f0e (384); 96db5e6e (384),measured in the corpus
data:plate_map,,,source_crc32,,QuantStudio-format (.eds),0,0,96,96,866246000000000.0,866246000000000.0,866246000000000.0,866246000000000.0,866246000000000.0,0.0,866246000000000.0,866246000000000.0,"measured, every value identical across 96 readings",measured in the corpus
data:plate_map,,,well,,all sources,576,2400,1344,4320,,,,,,,,,categorical — allowed values: A01 (24); A02 (24); A03 (24); A04 (24); A05 (24); A06 (24),measured in the corpus
data:plate_map,,,well_lims,,all sources,576,2400,1344,4320,,,,,,,,,categorical — allowed values: A1 (24); A2 (24); A3 (24); A4 (24); A5 (24); A6 (24),measured in the corpus
data:plate_map,,,position,,LightCycler-format (.ixo),576,2400,0,2976,1.0,10.0,93.5,355.0,384.0,113.78589,0.0,400.0,"measured: median ± 3 robust SD, widened to the 1st–99th percentile",measured in the corpus
data:plate_map,,,position,,QuantStudio-format (.eds),0,0,1344,1344,1.0,9.0,84.5,350.85,384.0,111.48533,0.0,377.57,"measured: median ± 3 robust SD, widened to the 1st–99th percentile",measured in the corpus
data:plate_map,,,sample,,all sources,576,2400,1344,4320,,,,,,,,,categorical — allowed values: SAMPLE-103 (144); SAMPLE-104 (144); SAMPLE-033 (96); SAMPLE-102 (96); SAMPLE-105 (96); SAMPLE-007 (66),measured in the corpus
data:plate_map,,,sample,,QuantStudio-format (.eds),0,0,466,466,10.0,10.0,100000.0,10000000000.0,10000000000.0,2785815474.14722,0.0,100.0,"measured: median ± 3 robust SD, widened to the 1st–99th percentile",measured in the corpus
data:plate_map,,,sample_id,,all sources,576,2400,1344,4320,,,,,,,,,categorical — allowed values: ,measured in the corpus
data:plate_map,,,subsets,,all sources,576,2400,1344,4320,,,,,,,,,categorical — allowed values: 35S (91); T-NOS (91); Standards and Unknowns (79); HMG (58); Dual Color UPL | RelQuant Samples | Cyp2C9+19\465-510\Dual Color UPL | HPRT\533-580\Dual Color UPL | Cyp2C9+19\465-510\All Samples | HPRT\533-580\All Samples (42); LEC (39),measured in the corpus
data:plate_map,,,instrument_type,,all sources,576,2400,1344,4320,,,,,,,,,categorical — allowed values: UNKNOWN (642); STANDARD (400); qsUnknown (357); qsNegative (61); qsPosCalibrator (58); qsStandard (51),measured in the corpus
data:plate_map,,,role,,all sources,576,2400,1344,4320,,,,,,,,,categorical — allowed values: Unknown (1055); Standard (469); NTC (85); Calibrator (58); Blank (31); Negative control (26),measured in the corpus
data:plate_map,,,replicate_of,,LightCycler-format (.ixo),576,2400,0,2976,0.0,0.0,0.0,103.0,299.0,44.66192,0.0,299.0,"measured, every value identical across 2976 readings",measured in the corpus
data:plate_map,,,target,,all sources,576,2400,1344,4320,,,,,,,,,categorical — allowed values: TARGET-019 (438); TARGET-022 (384); TARGET-020 (147); TARGET-024 (96); TARGET-001 (91); TARGET-002 (91),measured in the corpus
data:plate_map,,,target,,QuantStudio-format (.eds),0,0,96,96,0.0,0.0,2.0,3.0,3.0,0.98601,0.0,6.4478,"measured: median ± 3 robust SD, widened to the 1st–99th percentile",measured in the corpus
data:plate_map,,,analysis,,all sources,576,2400,1344,4320,,,,,,,,,categorical — allowed values: Standard curve — KAZ (438); Standard curve — RNase P (288); Standard curve — GAPDH | Standard curve — FZD1 | Standard curve — APOE | Standard curve — CD44 (96); OTHER-033 (96); Melt curve — RNase P (96); Abs Quant/2nd Derivative Max for 35S (91),measured in the corpus
data:plate_map,,,cq,,LightCycler-format (.ixo),130,30,0,160,20.86725,21.70572,26.02588,37.80812,40.0,5.87311,8.01345,44.03831,"measured: median ± 3 robust SD, widened to the 1st–99th percentile",measured in the corpus
data:plate_map,,,cq,,QuantStudio-format (.eds),0,0,946,946,5.27792,8.24766,27.0337,84.31313,84.62761,19.56246,5.32179,45.0,"measured: median ± 3 robust SD, widened to the 1st–99th percentile",measured in the corpus
data:plate_map,,,cq_mean,,LightCycler-format (.ixo),0,217,0,217,11.05399,14.57594,23.31112,31.70356,34.02675,5.53875,3.23532,43.38692,"measured: median ± 3 robust SD, widened to the 1st–99th percentile",measured in the corpus
data:plate_map,,,cq_mean,,QuantStudio-format (.eds),0,0,96,96,22.75828,22.79908,22.8843,23.01155,23.10285,0.06518,22.70163,23.06697,"measured: median ± 3 robust SD, widened to the 1st–99th percentile",measured in the corpus
data:plate_map,,,cq_n,,LightCycler-format (.ixo),576,2400,0,2976,0.0,0.0,0.0,2.0,5.0,0.96006,0.0,5.0,"measured, every value identical across 2976 readings",measured in the corpus
data:plate_map,,,cq_n,,QuantStudio-format (.eds),0,0,1344,1344,0.0,0.0,1.0,4.0,4.0,0.93137,0.0,4.0,"measured, every value identical across 1344 readings",measured in the corpus
data:plate_map,,,cq_by_analysis,,all sources,576,2400,1344,4320,,,,,,,,,categorical — allowed values: Melt curve — RNase P=84.41707 (12); Melt curve — RNase P=84.313126 (12); Melt curve — RNase P=84.236946 (10); Melt curve — RNase P=84.34779 (9); Melt curve — RNase P=84.30424 (8); Melt curve — RNase P=84.25792 (8),measured in the corpus
data:plate_map,,,call,,all sources,576,2400,1344,4320,,,,,,,,,categorical — allowed values: NotCalculated (1022); Positive (518); Negative (179); Negative | Positive (3); Uncertain (2),measured in the corpus
data:plate_map,,,results,,LightCycler-format (.ixo),576,2400,0,2976,0.0,0.0,0.0,2.0,5.0,1.02288,0.0,5.0,"measured, every value identical across 2976 readings",measured in the corpus
data:plate_map,,,results,,QuantStudio-format (.eds),0,0,1344,1344,0.0,0.0,1.0,4.0,4.0,0.87171,0.0,4.0,"measured, every value identical across 1344 readings",measured in the corpus
data:plate_map,,,named_unanalysed,,all sources,576,2400,1344,4320,,,,,,,,,categorical — allowed values: yes (2428),measured in the corpus
data:relative_quantification,,,experiment,,all sources,0,110,5,115,,,,,,,,,categorical — allowed values: RUN-015 (84); RUN-004 (26); RUN-006 (5),measured in the corpus
data:relative_quantification,,,platform,,all sources,0,110,5,115,,,,,,,,,categorical — allowed values: OTHER-030 (110); OTHER-031 (5),measured in the corpus
data:relative_quantification,,,sample,,all sources,0,110,5,115,,,,,,,,,categorical — allowed values: SAMPLE-087 (16); SAMPLE-082 (14); SAMPLE-083 (14); SAMPLE-084 (14); SAMPLE-085 (14); SAMPLE-086 (14),measured in the corpus
data:relative_quantification,,,sample,,QuantStudio-format (.eds),0,0,5,5,400.0,480.0,1600.0,5760.0,6400.0,2182.10907,400.0,6400.0,measured on only 5 values: observed range,measured in the corpus
data:relative_quantification,,,target,,all sources,0,110,5,115,,,,,,,,,categorical — allowed values: TARGET-016 (42); TARGET-017 (42); TARGET-012 (26); TARGET-020 (5),measured in the corpus
data:relative_quantification,,,reference,,all sources,0,110,5,115,,,,,,,,,categorical — allowed values: Reference 1; Reference 2 (36); HPRT (26); Reference 1 (24); Reference 2 (24); IPC (5),measured in the corpus
data:relative_quantification,,,calibrator,,all sources,0,110,5,115,,,,,,,,,categorical — allowed values: yes (17),measured in the corpus
data:relative_quantification,,,n,,all sources,0,110,5,115,,,,,,,,,categorical — allowed values: 14 (4); 5 (1),measured in the corpus
data:relative_quantification,,,n,,QuantStudio-format (.eds),0,0,5,5,5.0,6.8,14.0,14.0,14.0,3.6,5.0,14.0,"measured, every value identical across 5 readings",measured in the corpus
data:relative_quantification,,,target_cq_mean,,LightCycler-format (.ixo),0,110,0,110,15.18716,20.18834,25.91362,33.83433,33.97946,4.63231,10.42535,41.4019,"measured: median ± 3 robust SD, widened to the 1st–99th percentile",measured in the corpus
data:relative_quantification,,,target_cq_mean,,QuantStudio-format (.eds),0,0,5,5,25.45539,25.64026,27.379,29.16177,29.35449,1.3874,25.45539,29.35449,measured on only 5 values: observed range,measured in the corpus
data:relative_quantification,,,target_cq_sd,,LightCycler-format (.ixo),0,110,0,110,0.00799,0.02601,0.10628,0.49088,0.81475,0.16127,0.00799,0.81475,"measured: median ± 3 robust SD, widened to the 1st–99th percentile",measured in the corpus
data:relative_quantification,,,target_cq_sd,,QuantStudio-format (.eds),0,0,5,5,0.01437,0.01894,0.04413,0.0561,0.05707,0.01495,0.01437,0.05707,measured on only 5 values: observed range,measured in the corpus
data:relative_quantification,,,reference_cq_mean,,LightCycler-format (.ixo),0,110,0,110,19.18599,19.57541,25.26792,30.59792,30.96044,3.35469,12.84531,37.69053,"measured: median ± 3 robust SD, widened to the 1st–99th percentile",measured in the corpus
data:relative_quantification,,,reference_cq_mean,,QuantStudio-format (.eds),0,0,5,5,29.92524,29.93244,29.98761,30.14782,30.17156,0.08664,29.92524,30.17156,measured on only 5 values: observed range,measured in the corpus
data:relative_quantification,,,reference_cq_sd,,LightCycler-format (.ixo),0,110,0,110,0.00344,0.0311,0.08952,5.93086,6.55162,2.37695,5.0,6.52321,"measured: median ± 3 robust SD, widened to the 1st–99th percentile",measured in the corpus
data:relative_quantification,,,reference_cq_sd,,QuantStudio-format (.eds),0,0,5,5,0.02182,0.02228,0.1147,0.17369,0.17849,0.06513,0.02182,0.17849,measured on only 5 values: observed range,measured in the corpus
data:relative_quantification,,,delta_cq_mean,,all sources,0,110,5,115,,,,,,,,,categorical — allowed values: -4.469851175944012 (1); -0.8170703252156564 (1); -2.6738829612731934 (1); -1.570364316304527 (1); -3.6078616778055803 (1),measured in the corpus
data:relative_quantification,,,delta_cq_mean,,QuantStudio-format (.eds),0,0,5,5,-4.46985,-4.29745,-2.67388,-0.96773,-0.81707,1.32308,-4.46985,-0.81707,measured on only 5 values: observed range,measured in the corpus
data:relative_quantification,,,delta_cq_sd,,all sources,0,110,5,115,,,,,,,,,categorical — allowed values: 0.1790695873995699 (1); 0.1260175031786342 (1); 0.04433742954967496 (1); 0.04922522454359432 (1); 0.16467764855950032 (1),measured in the corpus
data:relative_quantification,,,delta_cq_sd,,QuantStudio-format (.eds),0,0,5,5,0.04434,0.04531,0.12602,0.17619,0.17907,0.05654,0.04434,0.17907,measured on only 5 values: observed range,measured in the corpus
data:relative_quantification,,,delta_cq_se,,all sources,0,110,5,115,,,,,,,,,categorical — allowed values: 0.10338587448881692 (1); 0.06791389991615662 (1); 0.017582103985644783 (1); 0.017914139697509636 (1); 0.09069317467807367 (1),measured in the corpus
data:relative_quantification,,,delta_cq_se,,QuantStudio-format (.eds),0,0,5,5,0.01758,0.01765,0.06791,0.10085,0.10339,0.03593,0.01758,0.10339,measured on only 5 values: observed range,measured in the corpus
data:relative_quantification,,,delta_delta_cq,,all sources,0,110,5,115,,,,,,,,,categorical — allowed values: -3.6527808507283552 (1); 0 (1); -1.856812636057537 (1); -0.7532939910888707 (1); -2.790791352589924 (1),measured in the corpus
data:relative_quantification,,,delta_delta_cq,,QuantStudio-format (.eds),0,0,5,5,-3.65278,-3.48038,-1.85681,-0.15066,0.0,1.32308,-3.65278,0.0,measured on only 5 values: observed range,measured in the corpus
data:relative_quantification,,,ratio,,LightCycler-format (.ixo),0,110,0,110,0.01093,0.02865,0.97765,870.84878,2230.33579,392.29678,0.0,100.0,"measured: median ± 3 robust SD, widened to the 1st–99th percentile",measured in the corpus
data:relative_quantification,,,ratio,,QuantStudio-format (.eds),0,0,5,5,1.0,1.13713,3.62207,11.44607,12.57757,4.23935,1.0,12.57757,measured on only 5 values: observed range,measured in the corpus
data:relative_quantification,,,ratio_min,,all sources,0,110,5,115,,,,,,,,,categorical — allowed values: 10.30830808986755 (1); 0.9033023805456422 (1); 3.527946794732605 (1); 1.6410200195185898 (1); 6.041306698058384 (1),measured in the corpus
data:relative_quantification,,,ratio_min,,QuantStudio-format (.eds),0,0,5,5,0.9033,1.05085,3.52795,9.45491,10.30831,3.41074,0.9033,10.30831,measured on only 5 values: observed range,measured in the corpus
data:relative_quantification,,,ratio_max,,all sources,0,110,5,115,,,,,,,,,categorical — allowed values: 15.346375386921064 (1); 1.1070490032318385 (1); 3.7186951099377756 (1); 1.7314673020279046 (1); 7.92670933821955 (1),measured in the corpus
data:relative_quantification,,,ratio_max,,QuantStudio-format (.eds),0,0,5,5,1.10705,1.23193,3.7187,13.86244,15.34638,5.26169,1.10705,15.34638,measured on only 5 values: observed range,measured in the corpus
data:relative_quantification,,,ratio_sd,,LightCycler-format (.ixo),0,110,0,110,0.0,0.0,0.04264,92.34949,273.11883,44.76361,0.0,1.0,"measured: median ± 3 robust SD, widened to the 1st–99th percentile",measured in the corpus
data:relative_quantification,,,pairing,,all sources,0,110,5,115,,,,,,,,,categorical — allowed values: calibrator (16); A1/D1 (5); A2/D2 (5); A3/D3 (5); A4/D4 (5); A5/D5 (5),measured in the corpus
data:relative_quantification,,,rule,,all sources,0,110,5,115,,,,,,,,,categorical — allowed values: All-to-mean (62); All-to-all (48); ΔΔCt (5),measured in the corpus
data:rising_curves,,,runIndex,,LightCycler-format (.ixo),3,13,0,16,0.0,0.0,9.0,9.0,9.0,3.41813,0.0,9.0,"measured, every value identical across 16 readings",measured in the corpus
data:rising_curves,,,experiment,,all sources,3,13,0,16,,,,,,,,,categorical — allowed values: RUN-014 (12); RUN-001 (1); RUN-012 (1); RUN-013 (1); RUN-010 (1),measured in the corpus
data:rising_curves,,,well,,all sources,3,13,0,16,,,,,,,,,categorical — allowed values: G08 (1); H09 (1); H11 (1); P12 (1); A01 (1); A02 (1),measured in the corpus
data:rising_curves,,,pos,,LightCycler-format (.ixo),3,13,0,16,0.0,0.75,45.5,163.25,371.0,88.44912,0.0,100.0,measured on only 16 values: observed range,measured in the corpus
data:rising_curves,,,row,,LightCycler-format (.ixo),3,13,0,16,0.0,0.0,3.5,9.0,15.0,4.16646,0.0,15.0,measured on only 16 values: observed range,measured in the corpus
data:rising_curves,,,col,,LightCycler-format (.ixo),3,13,0,16,0.0,0.0,4.5,10.25,11.0,3.4227,0.0,11.0,measured on only 16 values: observed range,measured in the corpus
data:rising_curves,,,sample,,all sources,3,13,0,16,,,,,,,,,categorical — allowed values: SAMPLE-090 (3); SAMPLE-088 (2); SAMPLE-089 (2); SAMPLE-161 (1); SAMPLE-166 (1); SAMPLE-173 (1),measured in the corpus
data:rising_curves,,,target,,all sources,3,13,0,16,,,,,,,,,categorical — allowed values: TARGET-025 (16),measured in the corpus
data:rising_curves,,,analysis,,all sources,3,13,0,16,,,,,,,,,categorical — allowed values: Rising curve with no result in its channel (16),measured in the corpus
data:rising_curves,,,analysisUid,,all sources,3,13,0,16,,,,,,,,,categorical — allowed values: __flagged_omitted_curves__ (16),measured in the corpus
data:rising_curves,,,channel,,LightCycler-format (.ixo),3,13,0,16,0.0,0.0,0.0,2.0,2.0,0.92702,0.0,2.0,"measured, every value identical across 16 readings",measured in the corpus
data:rising_curves,,,filterName,,all sources,3,13,0,16,,,,,,,,,categorical — allowed values: SARBECO (7); EAV C (5); FAM (3); OTHER-035 (1),measured in the corpus
data:rising_curves,,,filterComb,,all sources,3,13,0,16,,,,,,,,,categorical — allowed values: 440-488 (7); 618-660 (5); 465-510 (3); 483-533 (1),measured in the corpus
data:rising_curves,,,instrType,,all sources,3,13,0,16,,,,,,,,,categorical — allowed values: qsStandard (8); qsUnknown (6); qsNegative (2),measured in the corpus
data:rising_curves,,,instrRole,,all sources,3,13,0,16,,,,,,,,,categorical — allowed values: Standard (8); Unknown (6); Negative control (2),measured in the corpus
data:rising_curves,,,role,,all sources,3,13,0,16,,,,,,,,,categorical — allowed values: Standard (8); Unknown (6); NTC (1); Negative control (1),measured in the corpus
data:rising_curves,,,call,,all sources,3,13,0,16,,,,,,,,,categorical — allowed values: Not analysed (16),measured in the corpus
data:rising_curves,,,curve,,all sources,3,13,0,16,,,,,,,,,"categorical — allowed values: 1636.3963623046875,1610.2391357421875,1603.9613037109375,1602.9150390625,1606.053955078125,1602.9150390625,1598.7298583984375,1594.5447998046875,1593.4984130859375,1589.3133544921875,1594.5447998046875,1589.3133544921875,1592.4521484375,1586.1744384765625,1587.220703125,1585.128173828125,1592.4521484375,1587.220703125,1590.359619140625,1594.5447998046875,1610.2391357421875,1631.1649169921875,1673.0164794921875,1748.3492431640625,1881.22802734375,2083.161865234375,2349.965576171875,2653.389404296875,2926.470947265625,3130.497314453125,3280.11669921875,3365.912353515625,3422.412109375,3454.846923828125,3482.050537109375,3495.65234375,3498.791015625,3519.716796875,3530.1796875,3532.2724609375,3546.92041015625,3553.1982421875,3564.707275390625,3568.892578125,3581.447998046875 (1); 1877.4287109375,1867.2913818359375,1859.1815185546875,1861.208984375,1860.1953125,1861.208984375,1854.1129150390625,1847.016845703125,1854.1129150390625,1849.0443115234375,1847.016845703125,1848.030517578125,1843.9755859375,1847.016845703125,1848.030517578125,1847.016845703125,1840.9344482421875,1841.9481201171875,1840.9344482421875,1838.906982421875,1838.906982421875,1842.9619140625,1836.8795166015625,1840.9344482421875,1837.8931884765625,1837.8931884765625,1842.9619140625,1840.9344482421875,1838.906982421875,1840.9344482421875,1835.86572265625,1839.920654296875,1842.9619140625,1848.030517578125,1860.1953125,1865.263916015625,1888.5797119140625,1918.99169921875,1979.8154296875,2082.2021484375,2234.26171875,2437.0078125,2612.38330078125,2733.01708984375,2792.827392578125 (1); 1763.6363525390625,1766.708984375,1751.3463134765625,1751.3463134765625,1744.177001953125,1742.128662109375,1737.0078125,1737.0078125,1731.8868408203125,1734.9593505859375,1731.8868408203125,1728.8143310546875,1730.8626708984375,1729.8385009765625,1725.7418212890625,1728.8143310546875,1724.7176513671875,1732.9110107421875,1721.64501953125,1714.475830078125,1713.45166015625,1714.475830078125,1716.524169921875,1713.45166015625,1721.64501953125,1714.475830078125,1715.5,1721.64501953125,1733.9351806640625,1755.4429931640625,1804.603515625,1892.6829833984375,2047.333984375,2269.580810546875,2543.03662109375,2798.057373046875,3006.98974609375,3138.084716796875,3205.6806640625,3252.792724609375,3288.63916015625,3323.461181640625,3330.63037109375,3339.84814453125,3366.476806640625 (1); 210,208,205,204,198,201,202,198,198,195,195,195,195,198,196,195,197,194,200,197,196,198,198,195,195,199,200,202,209,216,236,273,344,481,746,1225,2044,3228,4499,5523,6220,6691,7048,7287,7482 (1); 1739.720703125,1724.564453125,1715.90380859375,1729.9774169921875,1721.3167724609375,1724.564453125,1724.564453125,1721.3167724609375,1723.48193359375,1722.3992919921875,1722.3992919921875,1725.6470947265625,1725.6470947265625,1731.06005859375,1725.6470947265625,1724.564453125,1723.48193359375,1719.1514892578125,1720.234130859375,1720.234130859375,1725.6470947265625,1724.564453125,1723.48193359375,1729.9774169921875,1746.21630859375,1771.1158447265625,1823.080078125,1922.6783447265625,2127.28759765625,2495.367919921875,3124.352294921875,3976.349853515625,4871.65087890625,5624.05078125,6228.13525390625,6694.73095703125,7080.1328125,7411.4052734375,7699.3740234375,7942.95654296875,8152.978515625,8325.1103515625,8475.58984375,8595.7578125,8701.8515625 (1); 1639.22314453125,1650.886474609375,1649.826171875,1657.248291015625,1659.368896484375,1661.489501953125,1661.489501953125,1669.971923828125,1668.91162109375,1669.971923828125,1666.791015625,1667.851318359375,1663.610107421875,1669.971923828125,1667.851318359375,1671.0322265625,1668.91162109375,1663.610107421875,1662.5498046875,1671.0322265625,1674.213134765625,1662.5498046875,1671.0322265625,1677.3939208984375,1687.9969482421875,1710.2633056640625,1754.7958984375,1835.378662109375,1995.48388671875,2313.57373046875,2850.08544921875,3617.7421875,4472.34375,5246.3623046875,5839.06982421875,6305.6015625,6690.49072265625,7019.18359375,7286.37890625,7524.9462890625,7729.583984375,7916.19677734375,8065.69921875,8189.75390625,8300.025390625 (1)",measured in the corpus
data:rising_curves,,,amplitude,,LightCycler-format (.ixo),3,13,0,16,956.96167,1479.00928,6311.21759,7504.85861,7594.00305,2048.3676,956.96167,7594.00305,measured on only 16 values: observed range,measured in the corpus
data:rising_curves,,,relative,,LightCycler-format (.ixo),3,13,0,16,0.36781,0.61918,1.30759,1.56656,1.58517,0.33319,0.36781,1.58517,measured on only 16 values: observed range,measured in the corpus
data:rising_curves,,,referenceAmplitude,,LightCycler-format (.ixo),3,13,0,16,1904.1347,2131.72954,4608.07251,6184.86545,10367.5,1775.25311,1904.1347,10367.5,measured on only 16 values: observed range,measured in the corpus
data:rising_curves,,,noiseFloor,,LightCycler-format (.ixo),3,13,0,16,325.52582,432.41606,5913.34241,5913.34241,5913.34241,2186.0036,325.52582,5913.34241,"measured, every value identical across 16 readings",measured in the corpus
data:rising_curves,,,riseFraction,,LightCycler-format (.ixo),3,13,0,16,0.56818,0.58523,0.71591,0.90909,0.97727,0.11643,0.56818,0.97727,measured on only 16 values: observed range,measured in the corpus
data:rising_curves,,,cls,,all sources,3,13,0,16,,,,,,,,,categorical — allowed values: channel-not-analysed (9); position-not-analysed (5); blank-with-signal (2),measured in the corpus
data:rising_curves,,,severity,,all sources,3,13,0,16,,,,,,,,,categorical — allowed values: review (14); error (2),measured in the corpus
data:rising_curves,,,blankRole,,all sources,3,13,0,16,,,,,,,,,categorical — allowed values: NTC (1); Negative control (1),measured in the corpus
data:rising_curves,,,sameChannelCq,,all sources,3,13,0,16,,,,,,,,,categorical — allowed values: ,measured in the corpus
data:rising_curves,,,otherCq,,LightCycler-format (.ixo),0,10,0,10,27.62,27.6335,27.845,40.0,40.0,5.28797,27.62,40.0,measured on only 10 values: observed range,measured in the corpus
data:rising_curves,,,otherCqs,,LightCycler-format (.ixo),0,10,0,10,27.62,27.6335,27.845,40.0,40.0,5.28797,27.62,40.0,measured on only 10 values: observed range,measured in the corpus
data:rising_curves,,,otherChannels,,all sources,3,13,0,16,,,,,,,,,categorical — allowed values: RdRP RdRP Cq 40 (2); EAV C SARBECO Cq 27.65 (1); EAV C SARBECO Cq 27.62 (1); EAV C SARBECO Cq 27.82 (1); EAV C SARBECO Cq 27.81 (1); EAV C SARBECO Cq 27.87 (1),measured in the corpus
data:rising_curves,,,context,,all sources,3,13,0,16,,,,,,,,,"categorical — allowed values: no stored result of any kind at this position (6); the same position has RdRP RdRP Cq 40, in other channel(s) (2); the same position has EAV C SARBECO Cq 27.65, in other channel(s) (1); the same position has EAV C SARBECO Cq 27.62, in other channel(s) (1); the same position has EAV C SARBECO Cq 27.82, in other channel(s) (1); the same position has EAV C SARBECO Cq 27.81, in other channel(s) (1)",measured in the corpus
data:rising_curves,,,resultRow,,all sources,3,13,0,16,,,,,,,,,categorical — allowed values: ,measured in the corpus
data:rising_curves,,,finding,,all sources,3,13,0,16,,,,,,,,,"categorical — allowed values: FAM has a rising curve that belongs to no analysis (no stored result of any kind at this position) (3); EAV C has a rising curve that belongs to no analysis (no stored result of any kind at this position) (2); EAV C has a rising curve that belongs to no analysis (the same position has RdRP RdRP Cq 40, in other channel(s)) (2); OTHER-565 (1); SARBECO has a rising curve that belongs to no analysis (the same position has EAV C SARBECO Cq 27.65, in other channel(s)) (1); SARBECO has a rising curve that belongs to no analysis (the same position has EAV C SARBECO Cq 27.62, in other channel(s)) (1)",measured in the corpus
data:runs_and_qc,,,experiment,,all sources,6,10,8,24,,,,,,,,,categorical — allowed values: RUN-001 (1); RUN-002 (1); RUN-012 (1); RUN-013 (1); RUN-026 (1); RUN-003 (1),measured in the corpus
data:runs_and_qc,,,date,,all sources,6,10,8,24,,,,,,,,,categorical — allowed values: 2021-10-04T10:57:06.250 (1); 2022-09-29T10:31:19.843 (1); 2025-08-18T10:52:05.485 (1); 2025-11-07T08:11:07.434 (1); 2025-03-18T08:22:06.473 (1); 2025-03-18T11:44:05.562 (1),measured in the corpus
data:runs_and_qc,,,source_uid,,all sources,6,10,8,24,,,,,,,,,categorical — allowed values: 81A47C37996249548590A740322E2C84 (1); DAF4B713BD9D42E38D4784DC03F67544 (1); 6D01B70B5E9447EDA1009BB02334AC07 (1); D9ABCF7D26184025A89EC9BC96284A24 (1); 3AF7AA6136374E89AAE2F467F90CBA34 (1); 06649A27A8BC4F51ACFD99A0EBE0DFBB (1),measured in the corpus
data:runs_and_qc,,,source_crc32,,all sources,6,10,8,24,,,,,,,,,categorical — allowed values: a442eb05 (1); 93e107cc (1); ba4be28a (1); 7cafb151 (1); 47a71408 (1); b611b34d (1),measured in the corpus
data:runs_and_qc,,,operator,,all sources,6,10,8,24,,,,,,,,,categorical — allowed values: PERSON-002 (9); PERSON-001 (6); PERSON-003 (1),measured in the corpus
data:runs_and_qc,,,instrument,,all sources,6,10,8,24,,,,,,,,,categorical — allowed values: PLATE-003 (4); PLATE-001 (3); PLATE-007 (3); PLATE-012 (3); PLATE-008 (2); PLATE-004 (1),measured in the corpus
data:runs_and_qc,,,plate,,all sources,6,10,8,24,,,,,,,,,categorical — allowed values: PLATE-002 (17); PLATE-005 (7),measured in the corpus
data:runs_and_qc,,,analyses,,LightCycler-format (.ixo),6,10,0,16,0.0,0.75,3.0,10.75,25.0,5.52516,0.0,25.0,measured on only 16 values: observed range,measured in the corpus
data:runs_and_qc,,,analyses,,QuantStudio-format (.eds),0,0,8,8,1.0,1.0,1.0,4.0,4.0,1.26861,1.0,4.0,"measured, every value identical across 8 readings",measured in the corpus
data:runs_and_qc,,,results,,LightCycler-format (.ixo),6,10,0,16,0.0,0.0,51.0,231.0,420.0,103.7194,0.0,100.0,measured on only 16 values: observed range,measured in the corpus
data:runs_and_qc,,,results,,QuantStudio-format (.eds),0,0,8,8,66.0,73.7,96.0,372.1,384.0,124.86793,66.0,100.0,measured on only 8 values: observed range,measured in the corpus
data:runs_and_qc,,,curves,,LightCycler-format (.ixo),6,10,0,16,0.0,0.0,51.0,84.0,84.0,33.06977,0.0,84.0,measured on only 16 values: observed range,measured in the corpus
data:runs_and_qc,,,curves,,QuantStudio-format (.eds),0,0,8,8,0.0,23.1,96.0,372.1,384.0,136.70406,0.0,100.0,measured on only 8 values: observed range,measured in the corpus
data:runs_and_qc,,,errors,,LightCycler-format (.ixo),6,10,0,16,0.0,0.0,1.0,1.25,2.0,0.55902,0.0,2.0,"measured, every value identical across 16 readings",measured in the corpus
data:runs_and_qc,,,errors,,QuantStudio-format (.eds),0,0,8,8,0.0,0.0,0.0,0.65,1.0,0.33072,0.0,1.0,"measured, every value identical across 8 readings",measured in the corpus
data:runs_and_qc,,,reviews,,LightCycler-format (.ixo),6,10,0,16,1.0,1.0,2.0,7.25,14.0,3.11686,1.0,14.0,measured on only 16 values: observed range,measured in the corpus
data:runs_and_qc,,,reviews,,QuantStudio-format (.eds),0,0,8,8,1.0,1.35,3.5,6.6,8.0,1.93245,1.0,8.0,measured on only 8 values: observed range,measured in the corpus
data:runs_and_qc,,,raw_errors,,LightCycler-format (.ixo),6,10,0,16,0.0,0.0,1.0,1.25,2.0,0.55902,0.0,2.0,"measured, every value identical across 16 readings",measured in the corpus
data:runs_and_qc,,,raw_errors,,QuantStudio-format (.eds),0,0,8,8,0.0,0.0,0.0,0.65,1.0,0.33072,0.0,1.0,"measured, every value identical across 8 readings",measured in the corpus
data:runs_and_qc,,,raw_reviews,,LightCycler-format (.ixo),6,10,0,16,1.0,1.0,2.0,7.25,14.0,3.11686,1.0,14.0,measured on only 16 values: observed range,measured in the corpus
data:runs_and_qc,,,raw_reviews,,QuantStudio-format (.eds),0,0,8,8,1.0,1.35,4.0,6.6,8.0,1.92029,1.0,8.0,measured on only 8 values: observed range,measured in the corpus
data:runs_and_qc,,,integrity,,all sources,6,10,8,24,,,,,,,,,categorical — allowed values: container checksum matches (16); CRC-32 valid; no Tamper record (5); CRC-32 valid; Tamper MD5 matches (3),measured in the corpus
data:runs_and_qc,,,platform,,all sources,6,10,8,24,,,,,,,,,categorical — allowed values: OTHER-030 (16); OTHER-031 (8),measured in the corpus
data:runs_and_qc,,,status,,all sources,6,10,8,24,,,,,,,,,categorical — allowed values: Review (12); Error (12),measured in the corpus
data:sample_comparison,,,analysis,,all sources,4,18,14,36,,,,,,,,,categorical — allowed values: Abs Quant/2nd Derivative Max for 35S (1); Abs Quant/2nd Derivative Max for HMG (1); Abs Quant/2nd Derivative Max for LEC (1); Abs Quant/2nd Derivative Max for T-NOS (1); Subordinate for Cyp2C9+19\465-510\Dual Color UPL (1); Subordinate for Cyp2C9+19\465-510\All Samples (1),measured in the corpus
data:sample_comparison,,,target,,all sources,4,18,14,36,,,,,,,,,categorical — allowed values: TARGET-012 (2); TARGET-013 (2); TARGET-018 (2); TARGET-014 (2); TARGET-015 (2); TARGET-005 (2),measured in the corpus
data:sample_comparison,,,target,,QuantStudio-format (.eds),0,0,4,4,0.0,0.15,1.5,2.85,3.0,1.11803,0.0,3.0,measured on only 4 values: observed range,measured in the corpus
data:sample_comparison,,,sample_1,,all sources,4,18,14,36,,,,,,,,,categorical — allowed values: [object Object] (36),measured in the corpus
data:sample_comparison,,,mean_1,,all sources,4,18,14,36,,,,,,,,,categorical — allowed values: NaN (36),measured in the corpus
data:sample_comparison,,,sd_1,,all sources,4,18,14,36,,,,,,,,,categorical — allowed values: NaN (36),measured in the corpus
data:sample_comparison,,,n_1,,LightCycler-format (.ixo),4,18,0,22,0.0,0.0,0.0,0.0,0.0,0.0,0.0,0.0,"measured, every value identical across 22 readings",measured in the corpus
data:sample_comparison,,,n_1,,QuantStudio-format (.eds),0,0,14,14,0.0,0.0,0.0,0.0,0.0,0.0,0.0,0.0,"measured, every value identical across 14 readings",measured in the corpus
data:sample_comparison,,,sample_2,,all sources,4,18,14,36,,,,,,,,,categorical — allowed values: [object Object] (36),measured in the corpus
data:sample_comparison,,,mean_2,,all sources,4,18,14,36,,,,,,,,,categorical — allowed values: NaN (36),measured in the corpus
data:sample_comparison,,,sd_2,,all sources,4,18,14,36,,,,,,,,,categorical — allowed values: NaN (36),measured in the corpus
data:sample_comparison,,,n_2,,LightCycler-format (.ixo),4,18,0,22,0.0,0.0,0.0,0.0,0.0,0.0,0.0,0.0,"measured, every value identical across 22 readings",measured in the corpus
data:sample_comparison,,,n_2,,QuantStudio-format (.eds),0,0,14,14,0.0,0.0,0.0,0.0,0.0,0.0,0.0,0.0,"measured, every value identical across 14 readings",measured in the corpus
data:sample_comparison,,,difference,,all sources,4,18,14,36,,,,,,,,,categorical — allowed values: NaN (36),measured in the corpus
data:sample_comparison,,,review,,all sources,4,18,14,36,,,,,,,,,categorical — allowed values: ,measured in the corpus
data:sop_answers,,,experiment,,all sources,25,0,0,25,,,,,,,,,categorical — allowed values: RUN-012 (7); RUN-003 (7); RUN-002 (6); RUN-013 (5),measured in the corpus
data:sop_answers,,,run_status,,all sources,25,0,0,25,,,,,,,,,categorical — allowed values: Accepted with review (25),measured in the corpus
data:sop_answers,,,sample,,all sources,25,0,0,25,,,,,,,,,categorical — allowed values: SAMPLE-513 (1); SAMPLE-514 (1); SAMPLE-515 (1); SAMPLE-516 (1); SAMPLE-517 (1); SAMPLE-518 (1),measured in the corpus
data:sop_answers,,,summary,,all sources,25,0,0,25,,,,,,,,,categorical — allowed values: 35S: Not detected; T-NOS: Not detected; HMG: Detected (13); 35S: Not detected; T-NOS: Not detected; LEC: Detected (3); 35S: Not detected; T-NOS: Not detected; HMG: Repeat analysis (2); 35S: Detected; T-NOS: Detected; LEC: Detected (2); 35S: Repeat analysis; T-NOS: Not detected; LEC: Detected (1); 35S: Detected; T-NOS: Detected; LEC: Repeat analysis (1),measured in the corpus
data:sop_answers,,,needs_action,,all sources,25,0,0,25,,,,,,,,,categorical — allowed values: yes (7),measured in the corpus
data:sop_answers,,,report,,all sources,25,0,0,25,,,,,,,,,categorical — allowed values: 35S not detected (2 replicates; Cq cut-off 40) T-NOS not detected (2 replicates; Cq cut-off 40) HMG detected (mean Cq 23.12; 2/2 replicates) (2); 35S not detected (2 replicates; Cq cut-off 40) T-NOS not detected (2 replicates; Cq cut-off 40) HMG: repeat — replicate SD 0.52 > 0.5 (1); 35S not detected (2 replicates; Cq cut-off 40) T-NOS not detected (2 replicates; Cq cut-off 40) HMG detected (mean Cq 22.38; 2/2 replicates) (1); 35S not detected (2 replicates; Cq cut-off 40) T-NOS not detected (2 replicates; Cq cut-off 40) HMG detected (mean Cq 22.77; 2/2 replicates) (1); 35S not detected (2 replicates; Cq cut-off 40) T-NOS not detected (2 replicates; Cq cut-off 40) HMG detected (mean Cq 22.54; 2/2 replicates) (1); 35S not detected (2 replicates; Cq cut-off 40) T-NOS not detected (2 replicates; Cq cut-off 40) HMG detected (mean Cq 22.60; 2/2 replicates) (1),measured in the corpus
data:sop_answers,,,sop_profile,,all sources,25,0,0,25,,,,,,,,,categorical — allowed values: SC screening — SOP-06 laboratory default (25),measured in the corpus
data:sop_answers,,,sop_version,,LightCycler-format (.ixo),25,0,0,25,1.0,1.0,1.0,1.0,1.0,0.0,1.0,1.0,"measured, every value identical across 25 readings",measured in the corpus
data:sop_answers,,,sop_sha256,,all sources,25,0,0,25,,,,,,,,,categorical — allowed values: 169e44a34f56120586941c7d64192a424c12ce217540a21e4907a7505d02f511 (25),measured in the corpus
data:sop_criteria,,,experiment,,all sources,54,10,8,72,,,,,,,,,categorical — allowed values: RUN-013 (17); RUN-002 (12); RUN-012 (12); RUN-003 (11); RUN-001 (1); RUN-026 (1),measured in the corpus
data:sop_criteria,,,run_status,,all sources,54,10,8,72,,,,,,,,,categorical — allowed values: Accepted with review (52); OTHER-566 (1); Profile not applicable — required SC_ targets are not present in the decoded run (1); OTHER-568 (1); OTHER-570 (1); OTHER-572 (1),measured in the corpus
data:sop_criteria,,,criterion,,all sources,54,10,8,72,,,,,,,,,categorical — allowed values: Method applicability (20); Profile is a review scaffold (4); Container integrity (4); SC sample identifier format (4); Control result — NTC (4); Control result — Extraction blank (4),measured in the corpus
data:sop_criteria,,,sop_action,,all sources,54,10,8,72,,,,,,,,,categorical — allowed values: review (48); unresolved (20); reject (4),measured in the corpus
data:sop_criteria,,,status,,all sources,54,10,8,72,,,,,,,,,categorical — allowed values: pass (44); n/a (24); review (4),measured in the corpus
data:sop_criteria,,,evidence,,all sources,54,10,8,72,,,,,,,,,categorical — allowed values: 1 control result(s) accepted (20); 3 control result(s) accepted (8); 2 control result(s) accepted (5); Informational: laboratory approval and assay-specific sample interpretation are not configured. (4); container checksum matches (4); 4 control result(s) accepted (3),measured in the corpus
data:sop_criteria,,,sop_profile,,all sources,54,10,8,72,,,,,,,,,categorical — allowed values: SC screening — SOP-06 laboratory default (72),measured in the corpus
data:sop_criteria,,,sop_version,,LightCycler-format (.ixo),54,10,0,64,1.0,1.0,1.0,1.0,1.0,0.0,1.0,1.0,"measured, every value identical across 64 readings",measured in the corpus
data:sop_criteria,,,sop_version,,QuantStudio-format (.eds),0,0,8,8,1.0,1.0,1.0,1.0,1.0,0.0,1.0,1.0,"measured, every value identical across 8 readings",measured in the corpus
data:sop_criteria,,,sop_sha256,,all sources,54,10,8,72,,,,,,,,,categorical — allowed values: 169e44a34f56120586941c7d64192a424c12ce217540a21e4907a7505d02f511 (72),measured in the corpus
data:sop_runs,,,experiment,,all sources,6,10,8,24,,,,,,,,,categorical — allowed values: RUN-001 (1); RUN-002 (1); RUN-012 (1); RUN-013 (1); RUN-026 (1); RUN-003 (1),measured in the corpus
data:sop_runs,,,platform,,all sources,6,10,8,24,,,,,,,,,categorical — allowed values: OTHER-030 (16); OTHER-031 (8),measured in the corpus
data:sop_runs,,,status,,all sources,6,10,8,24,,,,,,,,,categorical — allowed values: Accepted with review (4); OTHER-566 (1); Profile not applicable — required SC_ targets are not present in the decoded run (1); OTHER-568 (1); OTHER-570 (1); OTHER-572 (1),measured in the corpus
data:sop_runs,,,rejected,,all sources,6,10,8,24,,,,,,,,,categorical — allowed values: ,measured in the corpus
data:sop_runs,,,review,,all sources,6,10,8,24,,,,,,,,,categorical — allowed values: SC sample identifier format (4),measured in the corpus
data:sop_runs,,,positive,,LightCycler-format (.ixo),6,10,0,16,0.0,0.0,0.0,8.25,12.0,3.40037,0.0,12.0,"measured, every value identical across 16 readings",measured in the corpus
data:sop_runs,,,positive,,QuantStudio-format (.eds),0,0,8,8,0.0,0.0,0.0,0.0,0.0,0.0,0.0,0.0,"measured, every value identical across 8 readings",measured in the corpus
data:sop_runs,,,negative,,LightCycler-format (.ixo),6,10,0,16,0.0,0.0,0.0,12.5,14.0,4.60596,0.0,14.0,"measured, every value identical across 16 readings",measured in the corpus
data:sop_runs,,,negative,,QuantStudio-format (.eds),0,0,8,8,0.0,0.0,0.0,0.0,0.0,0.0,0.0,0.0,"measured, every value identical across 8 readings",measured in the corpus
data:sop_runs,,,inconclusive,,LightCycler-format (.ixo),6,10,0,16,0.0,0.0,0.0,0.0,0.0,0.0,0.0,0.0,"measured, every value identical across 16 readings",measured in the corpus
data:sop_runs,,,inconclusive,,QuantStudio-format (.eds),0,0,8,8,0.0,0.0,0.0,0.0,0.0,0.0,0.0,0.0,"measured, every value identical across 8 readings",measured in the corpus
data:sop_runs,,,repeat,,LightCycler-format (.ixo),6,10,0,16,0.0,0.0,0.0,3.25,7.0,1.72753,0.0,7.0,"measured, every value identical across 16 readings",measured in the corpus
data:sop_runs,,,repeat,,QuantStudio-format (.eds),0,0,8,8,0.0,0.0,0.0,0.0,0.0,0.0,0.0,0.0,"measured, every value identical across 8 readings",measured in the corpus
data:sop_runs,,,invalid,,LightCycler-format (.ixo),6,10,0,16,0.0,0.0,0.0,0.0,0.0,0.0,0.0,0.0,"measured, every value identical across 16 readings",measured in the corpus
data:sop_runs,,,invalid,,QuantStudio-format (.eds),0,0,8,8,0.0,0.0,0.0,0.0,0.0,0.0,0.0,0.0,"measured, every value identical across 8 readings",measured in the corpus
data:sop_runs,,,control_fail,,LightCycler-format (.ixo),6,10,0,16,0.0,0.0,0.0,0.0,0.0,0.0,0.0,0.0,"measured, every value identical across 16 readings",measured in the corpus
data:sop_runs,,,control_fail,,QuantStudio-format (.eds),0,0,8,8,0.0,0.0,0.0,0.0,0.0,0.0,0.0,0.0,"measured, every value identical across 8 readings",measured in the corpus
data:sop_runs,,,run_start,,all sources,6,10,8,24,,,,,,,,,categorical — allowed values: 2021-10-04 10:57 (1); 2022-09-29 10:31 (1); 2025-08-18 10:52 (1); 2025-11-07 08:11 (1); 2025-03-18 08:22 (1); 2025-03-18 11:44 (1),measured in the corpus
data:sop_runs,,,run_end,,all sources,6,10,8,24,,,,,,,,,categorical — allowed values: 2021-10-04 12:34 (1); 2022-09-29 12:09 (1); 2025-08-18 12:29 (1); 2025-11-07 09:50 (1); 2025-03-18 09:15 (1); 2025-03-18 13:21 (1),measured in the corpus
data:sop_runs,,,last_change,,all sources,6,10,8,24,,,,,,,,,categorical — allowed values: 2012-02-21 17:47 (4); 2026-07-28 14:45 (4); 2015-04-17 16:09 (2); 2021-10-04 12:44 (1); 2022-09-29 15:04 (1); 2025-08-18 12:52 (1),measured in the corpus
data:sop_runs,,,hours_run_end_to_last_change,,LightCycler-format (.ixo),6,10,0,16,0.17,0.275,38740.495,173482.1075,179924.54,68474.54208,0.17,168.0,measured on only 16 values: observed range,measured in the corpus
data:sop_runs,,,hours_run_end_to_last_change,,QuantStudio-format (.eds),0,0,7,7,182.83,197.275,817.19,83686.87,100261.24,35782.47425,182.83,100261.24,measured on only 7 values: observed range,measured in the corpus
data:sop_runs,,,run_minutes,,LightCycler-format (.ixo),6,10,0,16,1.8,40.35,70.85,98.15,99.5,23.88278,1.8,99.5,measured on only 16 values: observed range,measured in the corpus
data:sop_runs,,,run_minutes,,QuantStudio-format (.eds),0,0,7,7,8.9,16.16,34.3,44.04,46.2,10.81216,8.9,46.2,measured on only 7 values: observed range,measured in the corpus
data:sop_runs,,,sop_profile,,all sources,6,10,8,24,,,,,,,,,categorical — allowed values: SC screening — SOP-06 laboratory default (24),measured in the corpus
data:sop_runs,,,sop_version,,LightCycler-format (.ixo),6,10,0,16,1.0,1.0,1.0,1.0,1.0,0.0,1.0,1.0,"measured, every value identical across 16 readings",measured in the corpus
data:sop_runs,,,sop_version,,QuantStudio-format (.eds),0,0,8,8,1.0,1.0,1.0,1.0,1.0,0.0,1.0,1.0,"measured, every value identical across 8 readings",measured in the corpus
data:sop_runs,,,sop_sha256,,all sources,6,10,8,24,,,,,,,,,categorical — allowed values: 169e44a34f56120586941c7d64192a424c12ce217540a21e4907a7505d02f511 (24),measured in the corpus
data:statistics,,,experiment,,all sources,17,30,15,62,,,,,,,,,categorical — allowed values: RUN-015 (20); RUN-001 (4); RUN-013 (4); RUN-004 (4); RUN-011 (4); RUN-018 (4),measured in the corpus
data:statistics,,,analysis,,all sources,17,30,15,62,,,,,,,,,categorical — allowed values: Abs Quant/2nd Derivative Max for 35S (5); Abs Quant/2nd Derivative Max for T-NOS (5); Abs Quant/2nd Derivative Max for HMG (4); Subordinate for Target 1\465-510\Samples+Calibrator (4); Subordinate for Target 2\465-510\Samples+Calibrator (4); Subordinate for Reference 1\465-510\Samples+Calibrator (4),measured in the corpus
data:statistics,,,target,,all sources,17,30,15,62,,,,,,,,,categorical — allowed values: TARGET-001 (5); TARGET-002 (5); TARGET-016 (5); TARGET-017 (5); TARGET-014 (5); TARGET-015 (5),measured in the corpus
data:statistics,,,target,,QuantStudio-format (.eds),0,0,4,4,0.0,0.15,1.5,2.85,3.0,1.11803,0.0,3.0,measured on only 4 values: observed range,measured in the corpus
data:statistics,,,results,,LightCycler-format (.ixo),17,30,0,47,8.0,10.6,21.0,42.0,79.0,14.02794,8.92,79.0,"measured: median ± 3 robust SD, widened to the 1st–99th percentile",measured in the corpus
data:statistics,,,results,,QuantStudio-format (.eds),0,0,15,15,8.0,12.9,96.0,306.6,350.0,93.4921,8.0,100.0,measured on only 15 values: observed range,measured in the corpus
data:statistics,,,amplified,,LightCycler-format (.ixo),17,30,0,47,2.0,2.0,18.0,39.0,76.0,15.42343,0.2088,76.0,"measured: median ± 3 robust SD, widened to the 1st–99th percentile",measured in the corpus
data:statistics,,,amplified,,QuantStudio-format (.eds),0,0,15,15,0.0,0.0,96.0,297.6,320.0,93.78676,0.0,100.0,measured on only 15 values: observed range,measured in the corpus
data:statistics,,,uncertain,,LightCycler-format (.ixo),17,30,0,47,0.0,0.0,0.0,0.0,0.0,0.0,0.0,0.0,"measured, every value identical across 47 readings",measured in the corpus
data:statistics,,,uncertain,,QuantStudio-format (.eds),0,0,15,15,0.0,0.0,0.0,0.6,2.0,0.49889,0.0,2.0,"measured, every value identical across 15 readings",measured in the corpus
data:statistics,,,missing_curves,,LightCycler-format (.ixo),17,30,0,47,0.0,0.0,0.0,0.0,0.0,0.0,0.0,0.0,"measured, every value identical across 47 readings",measured in the corpus
data:statistics,,,missing_curves,,QuantStudio-format (.eds),0,0,15,15,0.0,0.0,0.0,32.0,32.0,11.75755,0.0,32.0,"measured, every value identical across 15 readings",measured in the corpus
data:statistics,,,mean,,LightCycler-format (.ixo),17,30,0,47,17.65363,20.48937,27.58053,34.16787,38.42407,4.98596,9.06291,46.09815,"measured: median ± 3 robust SD, widened to the 1st–99th percentile",measured in the corpus
data:statistics,,,mean,,QuantStudio-format (.eds),0,0,11,11,16.98522,18.5352,26.1835,57.17868,84.33765,17.65617,16.98522,84.33765,measured on only 11 values: observed range,measured in the corpus
data:statistics,,,sd,,LightCycler-format (.ixo),17,30,0,47,0.03512,0.10109,1.19674,5.071,5.80212,1.77747,0.0,1.0,"measured: median ± 3 robust SD, widened to the 1st–99th percentile",measured in the corpus
data:statistics,,,sd,,QuantStudio-format (.eds),0,0,11,11,0.07301,0.07649,0.1134,9.84017,10.10342,3.70748,0.07301,1.0,measured on only 11 values: observed range,measured in the corpus
data:statistics,,,cv,,LightCycler-format (.ixo),17,30,0,47,0.11088,0.40631,4.20002,20.0123,32.525,7.42721,0.0,30.38561,"measured: median ± 3 robust SD, widened to the 1st–99th percentile",measured in the corpus
data:statistics,,,cv,,QuantStudio-format (.eds),0,0,11,11,0.13446,0.19433,0.52274,47.69445,47.70735,18.05556,0.13446,47.70735,measured on only 11 values: observed range,measured in the corpus
data:statistics,,,min,,LightCycler-format (.ixo),17,30,0,47,9.3891,15.19509,21.65245,32.98985,35.90081,6.08125,5.7522,37.55271,"measured: median ± 3 robust SD, widened to the 1st–99th percentile",measured in the corpus
data:statistics,,,min,,QuantStudio-format (.eds),0,0,11,11,5.27792,5.5686,25.44489,56.91061,84.09686,19.86053,5.27792,84.09686,measured on only 11 values: observed range,measured in the corpus
data:statistics,,,q1,,LightCycler-format (.ixo),17,30,0,47,14.05673,18.26314,26.92485,33.23672,36.50319,5.27112,7.06253,46.78717,"measured: median ± 3 robust SD, widened to the 1st–99th percentile",measured in the corpus
data:statistics,,,q1,,QuantStudio-format (.eds),0,0,11,11,11.7405,12.03679,26.13721,57.11501,84.25792,18.7449,11.7405,84.25792,measured on only 11 values: observed range,measured in the corpus
data:statistics,,,median,,LightCycler-format (.ixo),17,30,0,47,16.4068,19.75989,27.86223,33.31377,40.0,5.21039,9.06846,46.656,"measured: median ± 3 robust SD, widened to the 1st–99th percentile",measured in the corpus
data:statistics,,,median,,QuantStudio-format (.eds),0,0,11,11,16.97558,18.52238,26.1745,57.17091,84.31313,17.65852,16.97558,84.31313,measured on only 11 values: observed range,measured in the corpus
data:statistics,,,q3,,LightCycler-format (.ixo),17,30,0,47,19.83928,21.21826,28.84558,33.81267,40.0,5.08584,8.13214,49.55902,"measured: median ± 3 robust SD, widened to the 1st–99th percentile",measured in the corpus
data:statistics,,,q3,,QuantStudio-format (.eds),0,0,11,11,17.02433,19.33936,28.44592,57.24417,84.41707,17.13406,17.02433,84.41707,measured on only 11 values: observed range,measured in the corpus
data:statistics,,,max,,LightCycler-format (.ixo),17,30,0,47,20.51267,22.19093,30.99849,36.74278,40.0,5.28977,14.92318,47.0738,"measured: median ± 3 robust SD, widened to the 1st–99th percentile",measured in the corpus
data:statistics,,,max,,QuantStudio-format (.eds),0,0,11,11,17.23659,19.54625,28.97742,61.32769,84.62761,17.17051,17.23659,84.62761,measured on only 11 values: observed range,measured in the corpus
data:statistics,,,concentration_n,,LightCycler-format (.ixo),17,30,0,47,0.0,0.0,14.0,39.0,76.0,16.9613,0.0,76.0,"measured: median ± 3 robust SD, widened to the 1st–99th percentile",measured in the corpus
data:statistics,,,concentration_n,,QuantStudio-format (.eds),0,0,15,15,0.0,0.0,0.0,152.0,320.0,79.61865,0.0,320.0,"measured, every value identical across 15 readings",measured in the corpus
data:statistics,,,concentration_mean,,LightCycler-format (.ixo),17,21,0,38,0.0,0.0,0.95725,91690.22194,113941.75814,26976.37383,0.0,400.0,"measured: median ± 3 robust SD, widened to the 1st–99th percentile",measured in the corpus
data:statistics,,,concentration_mean,,QuantStudio-format (.eds),0,0,6,6,0.98492,0.98492,0.99246,1111111111.0,1111111111.0,523782800.36047,0.98492,400.0,measured on only 6 values: observed range,measured in the corpus
data:statistics,,,concentration_sd,,LightCycler-format (.ixo),17,21,0,38,0.0,0.0,0.60268,242354.70922,297315.15077,70655.09518,0.0,1.0,"measured: median ± 3 robust SD, widened to the 1st–99th percentile",measured in the corpus
data:statistics,,,concentration_sd,,QuantStudio-format (.eds),0,0,6,6,0.0,0.0,0.0,2992913047.05986,2996443833.21169,1409214209.76662,0.0,1.0,measured on only 6 values: observed range,measured in the corpus
data:statistics,,,concentration_cv,,LightCycler-format (.ixo),17,21,0,38,2.43404,9.31462,69.81265,270.26924,302.38927,89.96262,0.0,100.0,"measured: median ± 3 robust SD, widened to the 1st–99th percentile",measured in the corpus
data:statistics,,,concentration_cv,,QuantStudio-format (.eds),0,0,6,6,0.0,0.0,0.0,269.36217,269.67995,126.82928,0.0,100.0,measured on only 6 values: observed range,measured in the corpus
img:cqstrip,Cq by target with SOP cut-offs,Results,target,,all sources,20,152,384,556,,,,,,,,,categorical — allowed values: TARGET-005 (152); TARGET-006 (96); TARGET-007 (96); TARGET-008 (96); TARGET-009 (96); TARGET-003 (7),measured in the corpus
img:cqstrip,Cq by target with SOP cut-offs,Results,well,,all sources,20,152,384,556,,,,,,,,,categorical — allowed values: A01 (7); B01 (7); D01 (7); E01 (7); G01 (7); H01 (7),measured in the corpus
img:cqstrip,Cq by target with SOP cut-offs,Results,sample,,all sources,20,152,384,556,,,,,,,,,categorical — allowed values: SAMPLE-033 (384); SAMPLE-020 (16); SAMPLE-021 (16); SAMPLE-022 (16); SAMPLE-023 (16); SAMPLE-024 (16),measured in the corpus
img:cqstrip,Cq by target with SOP cut-offs,Results,role,,all sources,20,152,384,556,,,,,,,,,categorical — allowed values: Unknown (470); Standard (70); Calibrator (12); Negative control (2); NTC (2),measured in the corpus
img:cqstrip,Cq by target with SOP cut-offs,Results,cq,,LightCycler-format (.ixo),20,152,0,172,9.3891,12.71266,18.27825,32.8516,35.25244,6.2957,5.0,34.7241,"measured: median ± 3 robust SD, widened to the 1st–99th percentile",measured in the corpus
img:cqstrip,Cq by target with SOP cut-offs,Results,cq,,QuantStudio-format (.eds),0,0,384,384,16.6312,16.91812,22.96626,28.77119,28.97742,4.25971,6.92826,39.00426,"measured: median ± 3 robust SD, widened to the 1st–99th percentile",measured in the corpus
img:cqstrip,Cq by target with SOP cut-offs,Results,outcome,,all sources,20,152,384,556,,,,,,,,,categorical — allowed values: ,measured in the corpus
img:curves,Amplification curves coloured by SOP outcome,Fluorescence,well,,all sources,675,3555,3840,8070,,,,,,,,,categorical — allowed values: A01 (130); B01 (130); A02 (85); A03 (85); A04 (85); A05 (85),measured in the corpus
img:curves,Amplification curves coloured by SOP outcome,Fluorescence,sample,,all sources,675,3555,3840,8070,,,,,,,,,categorical — allowed values: SAMPLE-033 (3840); SAMPLE-020 (360); SAMPLE-021 (360); SAMPLE-022 (360); SAMPLE-023 (360); SAMPLE-024 (360),measured in the corpus
img:curves,Amplification curves coloured by SOP outcome,Fluorescence,target,,all sources,675,3555,3840,8070,,,,,,,,,categorical — allowed values: TARGET-006 (3840); TARGET-005 (3555); TARGET-001 (675),measured in the corpus
img:curves,Amplification curves coloured by SOP outcome,Fluorescence,outcome,,all sources,675,3555,3840,8070,,,,,,,,,categorical — allowed values: Not interpreted (8070),measured in the corpus
img:curves,Amplification curves coloured by SOP outcome,Fluorescence,cycle,,LightCycler-format (.ixo),675,3555,0,4230,1.0,3.0,23.0,43.0,45.0,12.98717,5.0,45.0,"measured: median ± 3 robust SD, widened to the 1st–99th percentile",measured in the corpus
img:curves,Amplification curves coloured by SOP outcome,Fluorescence,cycle,,QuantStudio-format (.eds),0,0,3840,3840,1.0,2.95,20.5,38.05,40.0,11.5434,5.0,45.0,"measured: median ± 3 robust SD, widened to the 1st–99th percentile",measured in the corpus
img:curves,Amplification curves coloured by SOP outcome,Fluorescence,fluorescence,,LightCycler-format (.ixo),675,3555,0,4230,172.0,246.0,1049.30701,10895.55,11536.0,4531.00509,0.0,11199.71,"measured: median ± 3 robust SD, widened to the 1st–99th percentile",measured in the corpus
img:curves,Amplification curves coloured by SOP outcome,Fluorescence,fluorescence,,QuantStudio-format (.eds),0,0,3840,3840,0.3661,0.47148,1.18483,1.9293,2.07227,0.62271,0.0,4.153,"measured: median ± 3 robust SD, widened to the 1st–99th percentile",measured in the corpus
img:endpoint,Fluorescence level against Cq,Fluorescence,well,,all sources,48,158,384,590,,,,,,,,,categorical — allowed values: A01 (7); B01 (7); D01 (7); E01 (7); G01 (7); G09 (7),measured in the corpus
img:endpoint,Fluorescence level against Cq,Fluorescence,sample,,all sources,48,158,384,590,,,,,,,,,categorical — allowed values: SAMPLE-033 (384); SAMPLE-020 (16); SAMPLE-021 (16); SAMPLE-022 (16); SAMPLE-023 (16); SAMPLE-024 (16),measured in the corpus
img:endpoint,Fluorescence level against Cq,Fluorescence,target,,all sources,48,158,384,590,,,,,,,,,categorical — allowed values: TARGET-005 (158); TARGET-006 (96); TARGET-007 (96); TARGET-008 (96); TARGET-009 (96); TARGET-001 (15),measured in the corpus
img:endpoint,Fluorescence level against Cq,Fluorescence,cq,,LightCycler-format (.ixo),20,152,0,172,9.3891,12.71266,18.27825,32.8516,35.25244,6.2957,5.0,34.7241,"measured: median ± 3 robust SD, widened to the 1st–99th percentile",measured in the corpus
img:endpoint,Fluorescence level against Cq,Fluorescence,cq,,QuantStudio-format (.eds),0,0,384,384,16.6312,16.91812,22.96626,28.77119,28.97742,4.25971,6.92826,39.00426,"measured: median ± 3 robust SD, widened to the 1st–99th percentile",measured in the corpus
img:endpoint,Fluorescence level against Cq,Fluorescence,end_fluorescence,,LightCycler-format (.ixo),48,158,0,206,180.0,1016.22157,10327.0,11257.0,11536.0,3902.08808,187.0,13258.1002,"measured: median ± 3 robust SD, widened to the 1st–99th percentile",measured in the corpus
img:endpoint,Fluorescence level against Cq,Fluorescence,end_fluorescence,,QuantStudio-format (.eds),0,0,384,384,1.54568,1.84773,3.10633,9.03925,9.3045,2.69396,0.0,9.16384,"measured: median ± 3 robust SD, widened to the 1st–99th percentile",measured in the corpus
img:endpoint,Fluorescence level against Cq,Fluorescence,background,,LightCycler-format (.ixo),48,158,0,206,178.625,240.125,279.25,1620.442,2174.17459,469.32906,178.625,2174.17459,"measured: median ± 3 robust SD, widened to the 1st–99th percentile",measured in the corpus
img:endpoint,Fluorescence level against Cq,Fluorescence,background,,QuantStudio-format (.eds),0,0,384,384,0.37096,0.47412,0.92302,1.34247,1.395,0.28276,0.19655,1.64948,"measured: median ± 3 robust SD, widened to the 1st–99th percentile",measured in the corpus
img:endpoint,Fluorescence level against Cq,Fluorescence,amplitude,,LightCycler-format (.ixo),48,158,0,206,5.375,11.99122,10069.25,10915.25,11274.0,4269.05064,7.0,100.0,"measured: median ± 3 robust SD, widened to the 1st–99th percentile",measured in the corpus
img:endpoint,Fluorescence level against Cq,Fluorescence,amplitude,,QuantStudio-format (.eds),0,0,384,384,1.17472,1.3671,2.11279,8.14018,8.38004,2.65586,0.06832,8.27077,"measured: median ± 3 robust SD, widened to the 1st–99th percentile",measured in the corpus
img:endpoint,Fluorescence level against Cq,Fluorescence,outcome,,all sources,48,158,384,590,,,,,,,,,categorical — allowed values: Not interpreted (590),measured in the corpus
img:ic,Internal control / reference Cq per sample (inhibition),Results,value,,both,0,0,0,0,,,,,,,0.0,100.0,"theoretical range, generic",invented within the theoretical limit
img:lc_thermal,Block temperature trace (LightCycler temperature log),Run history,seconds,,LightCycler-format (.ixo),3353,3444,0,6797,0.166,225.393,2144.433,5251.2766,5838.516,1504.02753,0.0,120.0,"measured: median ± 3 robust SD, widened to the 1st–99th percentile",measured in the corpus
img:lc_thermal,Block temperature trace (LightCycler temperature log),Run history,block_C,,LightCycler-format (.ixo),3353,3444,0,6797,26.16,59.38,71.9,95.09,100.68,14.56742,18.57088,100.0,"measured: median ± 3 robust SD, widened to the 1st–99th percentile",measured in the corpus
img:levels,Background and plateau fluorescence per channel,Fluorescence,channel,,all sources,49,80,384,513,,,,,,,,,categorical — allowed values: x4-m4 (96); x1-m1 (96); x2-m2 (96); x3-m3 (96); 483-533 (80); 465-510 (34),measured in the corpus
img:levels,Background and plateau fluorescence per channel,Fluorescence,well,,all sources,49,80,384,513,,,,,,,,,categorical — allowed values: A01 (6); B01 (6); D01 (6); E01 (6); G01 (6); G09 (6),measured in the corpus
img:levels,Background and plateau fluorescence per channel,Fluorescence,sample,,all sources,49,80,384,513,,,,,,,,,categorical — allowed values: SAMPLE-033 (384); SAMPLE-020 (8); SAMPLE-021 (8); SAMPLE-022 (8); SAMPLE-023 (8); SAMPLE-024 (8),measured in the corpus
img:levels,Background and plateau fluorescence per channel,Fluorescence,outside_analyses,,all sources,49,80,384,513,,,,,,,,,categorical — allowed values: yes (2),measured in the corpus
img:levels,Background and plateau fluorescence per channel,Fluorescence,background,,LightCycler-format (.ixo),49,80,0,129,178.625,241.525,286.0,1793.8469,2174.17459,548.69873,178.625,2174.17459,"measured: median ± 3 robust SD, widened to the 1st–99th percentile",measured in the corpus
img:levels,Background and plateau fluorescence per channel,Fluorescence,background,,QuantStudio-format (.eds),0,0,384,384,0.37096,0.47412,0.92302,1.34247,1.395,0.28276,0.19655,1.64948,"measured: median ± 3 robust SD, widened to the 1st–99th percentile",measured in the corpus
img:levels,Background and plateau fluorescence per channel,Fluorescence,end_fluorescence,,LightCycler-format (.ixo),49,80,0,129,180.0,1008.4818,10055.0,11187.8,11536.0,4270.53096,189.24,14680.712,"measured: median ± 3 robust SD, widened to the 1st–99th percentile",measured in the corpus
img:levels,Background and plateau fluorescence per channel,Fluorescence,end_fluorescence,,QuantStudio-format (.eds),0,0,384,384,1.54568,1.84773,3.10633,9.03925,9.3045,2.69396,0.0,9.16384,"measured: median ± 3 robust SD, widened to the 1st–99th percentile",measured in the corpus
img:levels,Background and plateau fluorescence per channel,Fluorescence,amplitude,,LightCycler-format (.ixo),49,80,0,129,5.375,11.24181,9773.125,10874.775,11274.0,4711.33918,7.31075,100.0,"measured: median ± 3 robust SD, widened to the 1st–99th percentile",measured in the corpus
img:levels,Background and plateau fluorescence per channel,Fluorescence,amplitude,,QuantStudio-format (.eds),0,0,384,384,1.17472,1.3671,2.11279,8.14018,8.38004,2.65586,0.06832,8.27077,"measured: median ± 3 robust SD, widened to the 1st–99th percentile",measured in the corpus
img:outcomes,SOP outcomes per target,Results,value,,both,0,0,0,0,,,,,,,0.0,100.0,"theoretical range, generic",invented within the theoretical limit
img:plate,Plate heat map,Plate,well,,all sources,96,384,96,576,,,,,,,,,categorical — allowed values: A01 (3); A02 (3); A03 (3); A04 (3); A05 (3); A06 (3),measured in the corpus
img:plate,Plate heat map,Plate,sample,,all sources,96,384,96,576,,,,,,,,,categorical — allowed values: SAMPLE-033 (96); SAMPLE-021 (9); SAMPLE-022 (9); SAMPLE-023 (9); SAMPLE-024 (9); SAMPLE-020 (8),measured in the corpus
img:plate,Plate heat map,Plate,target,,all sources,96,384,96,576,,,,,,,,,categorical — allowed values: TARGET-024 (96); TARGET-005 (79); TARGET-001 (15); TARGET-002 (15); TARGET-003 (10); TARGET-004 (8),measured in the corpus
img:plate,Plate heat map,Plate,cq,,LightCycler-format (.ixo),20,76,0,96,12.642,15.22175,20.6525,33.5445,35.252,6.06437,5.08742,36.21758,"measured: median ± 3 robust SD, widened to the 1st–99th percentile",measured in the corpus
img:plate,Plate heat map,Plate,cq,,QuantStudio-format (.eds),0,0,96,96,16.631,16.86875,16.9755,17.1475,17.237,0.0912,16.78202,17.218,"measured: median ± 3 robust SD, widened to the 1st–99th percentile",measured in the corpus
img:plate,Plate heat map,Plate,outcome,,all sources,96,384,96,576,,,,,,,,,categorical — allowed values: ,measured in the corpus
img:plate,Plate heat map,Plate,status,,all sources,96,384,96,576,,,,,,,,,"categorical — allowed values: Named, no result (351); In analysis (223); Signal, not analysed (2)",measured in the corpus
img:plate,Plate heat map,Plate,end_fluorescence,,LightCycler-format (.ixo),49,80,0,129,180.0,1008.48,10055.0,11187.8,11536.0,4270.53116,189.24,14680.712,"measured: median ± 3 robust SD, widened to the 1st–99th percentile",measured in the corpus
img:plate,Plate heat map,Plate,end_fluorescence,,QuantStudio-format (.eds),0,0,96,96,1.54568,1.81873,1.90603,2.01467,2.07227,0.07664,1.62778,2.12806,"measured: median ± 3 robust SD, widened to the 1st–99th percentile",measured in the corpus
img:plate,Plate heat map,Plate,background,,LightCycler-format (.ixo),49,80,0,129,178.625,241.525,286.0,1793.846,2174.17,548.69844,178.625,2174.17,"measured: median ± 3 robust SD, widened to the 1st–99th percentile",measured in the corpus
img:plate,Plate heat map,Plate,background,,QuantStudio-format (.eds),0,0,96,96,0.37096,0.4646,0.48413,0.49941,0.50796,0.01692,0.41026,0.51655,"measured: median ± 3 robust SD, widened to the 1st–99th percentile",measured in the corpus
img:plate,Plate heat map,Plate,amplitude,,LightCycler-format (.ixo),49,80,0,129,5.375,11.24186,9773.13,10874.76,11274.0,4711.34463,7.31075,100.0,"measured: median ± 3 robust SD, widened to the 1st–99th percentile",measured in the corpus
img:plate,Plate heat map,Plate,amplitude,,QuantStudio-format (.eds),0,0,96,96,1.17472,1.34268,1.42372,1.51694,1.57415,0.06373,1.21753,1.62105,"measured: median ± 3 robust SD, widened to the 1st–99th percentile",measured in the corpus
img:plate,Plate heat map,Plate,flags,,all sources,96,384,96,576,,,,,,,,,categorical — allowed values: ,measured in the corpus
img:recalc,Stored Ct against the Ct re-derived on this page,Run history,well,,all sources,0,0,384,384,,,,,,,,,categorical — allowed values: A01 (4); A02 (4); A03 (4); A04 (4); A05 (4); A06 (4),measured in the corpus
img:recalc,Stored Ct against the Ct re-derived on this page,Run history,sample,,all sources,0,0,384,384,,,,,,,,,categorical — allowed values: SAMPLE-033 (384),measured in the corpus
img:recalc,Stored Ct against the Ct re-derived on this page,Run history,target,,all sources,0,0,384,384,,,,,,,,,categorical — allowed values: TARGET-006 (96); TARGET-007 (96); TARGET-008 (96); TARGET-009 (96),measured in the corpus
img:recalc,Stored Ct against the Ct re-derived on this page,Run history,stored_ct,,all sources,0,0,384,384,,,,,,,,,categorical — allowed values: 17.13536 (1); 28.635874 (1); 24.446917 (1); 21.741442 (1); 17.04153 (1); 28.664549 (1),measured in the corpus
img:recalc,Stored Ct against the Ct re-derived on this page,Run history,stored_ct,,QuantStudio-format (.eds),0,0,384,384,16.6312,16.91812,22.96626,28.77119,28.97742,4.25971,6.92826,39.00426,"measured: median ± 3 robust SD, widened to the 1st–99th percentile",measured in the corpus
img:recalc,Stored Ct against the Ct re-derived on this page,Run history,rederived_ct,,all sources,0,0,384,384,,,,,,,,,categorical — allowed values: 17.13654244694273 (1); 28.60810847374181 (1); 24.414666190774703 (1); 21.710650268757217 (1); 17.056993543326985 (1); 28.63809770366376 (1),measured in the corpus
img:recalc,Stored Ct against the Ct re-derived on this page,Run history,rederived_ct,,QuantStudio-format (.eds),0,0,384,384,16.57934,16.90168,22.95714,28.74912,28.97794,4.25084,6.91817,38.99611,"measured: median ± 3 robust SD, widened to the 1st–99th percentile",measured in the corpus
img:recalc,Stored Ct against the Ct re-derived on this page,Run history,difference,,all sources,0,0,384,384,,,,,,,,,categorical — allowed values: -0.0011824469427317297 (1); 0.02776552625818951 (1); 0.032250809225295995 (1); 0.03079173124278256 (1); -0.015463543326983853 (1); 0.02645129633624066 (1),measured in the corpus
img:recalc,Stored Ct against the Ct re-derived on this page,Run history,difference,,QuantStudio-format (.eds),0,0,384,384,-0.05035,-0.02413,0.02421,0.04259,0.05227,0.01996,0.0,0.06802,"measured: median ± 3 robust SD, widened to the 1st–99th percentile",measured in the corpus
img:recalc,Stored Ct against the Ct re-derived on this page,Run history,threshold,,all sources,0,0,384,384,,,,,,,,,categorical — allowed values: 0.13445529553506763 (96); 0.9021844381089397 (96); 0.24430951635377451 (96); 0.24027337228429582 (96),measured in the corpus
img:recalc,Stored Ct against the Ct re-derived on this page,Run history,threshold,,QuantStudio-format (.eds),0,0,384,384,0.13446,0.13446,0.24229,0.90218,0.90218,0.30451,0.0,0.90218,"measured: median ± 3 robust SD, widened to the 1st–99th percentile",measured in the corpus
img:repsd,Replicate spread — mean Cq against SD,Results,value,,both,0,0,0,0,,,,,,,0.0,100.0,"theoretical range, generic",invented within the theoretical limit
img:stdcurve,Standard curve with residuals and SOP limits,Results,target,,all sources,0,70,0,70,,,,,,,,,categorical — allowed values: TARGET-005 (70),measured in the corpus
img:stdcurve,Standard curve with residuals and SOP limits,Results,well,,all sources,0,70,0,70,,,,,,,,,categorical — allowed values: F09 (2); F10 (2); F11 (2); F12 (2); F13 (2); F14 (2),measured in the corpus
img:stdcurve,Standard curve with residuals and SOP limits,Results,sample,,all sources,0,70,0,70,,,,,,,,,categorical — allowed values: SAMPLE-026 (10); SAMPLE-027 (10); SAMPLE-028 (10); SAMPLE-029 (10); SAMPLE-030 (10); SAMPLE-031 (10),measured in the corpus
img:stdcurve,Standard curve with residuals and SOP limits,Results,quantity,,LightCycler-format (.ixo),0,70,0,70,1.0,1.0,1000.0,1000000.0,1000000.0,345115.75746,0.0,100.0,"measured: median ± 3 robust SD, widened to the 1st–99th percentile",measured in the corpus
img:stdcurve,Standard curve with residuals and SOP limits,Results,log10_quantity,,LightCycler-format (.ixo),0,70,0,70,0.0,0.0,3.0,6.0,6.0,2.0,0.0,11.8956,"measured: median ± 3 robust SD, widened to the 1st–99th percentile",measured in the corpus
img:stdcurve,Standard curve with residuals and SOP limits,Results,cq,,LightCycler-format (.ixo),0,70,0,70,9.3891,9.59788,21.27977,33.35963,35.25244,7.25488,5.0,45.0,"measured: median ± 3 robust SD, widened to the 1st–99th percentile",measured in the corpus
img:stdcurve,Standard curve with residuals and SOP limits,Results,fitted,,LightCycler-format (.ixo),0,70,0,70,10.98034,10.98034,21.57195,32.16355,32.16355,7.06107,0.0,52.97818,"measured: median ± 3 robust SD, widened to the 1st–99th percentile",measured in the corpus
img:stdcurve,Standard curve with residuals and SOP limits,Results,residual,,LightCycler-format (.ixo),0,70,0,70,-2.37117,-2.04564,0.36309,1.97606,3.08888,1.6657,0.0,7.97113,"measured: median ± 3 robust SD, widened to the 1st–99th percentile",measured in the corpus
img:stdcurve,Standard curve with residuals and SOP limits,Results,slope,,LightCycler-format (.ixo),0,70,0,70,-3.53053,-3.53053,-3.53053,-3.53053,-3.53053,0.0,-3.53053,-3.53053,"measured, every value identical across 70 readings",measured in the corpus
img:stdcurve,Standard curve with residuals and SOP limits,Results,intercept,,LightCycler-format (.ixo),0,70,0,70,32.16355,32.16355,32.16355,32.16355,32.16355,0.0,32.16355,32.16355,"measured, every value identical across 70 readings",measured in the corpus
img:stdcurve,Standard curve with residuals and SOP limits,Results,r2,,LightCycler-format (.ixo),0,70,0,70,0.94728,0.94728,0.94728,0.94728,0.94728,0.0,0.94728,0.94728,"measured, every value identical across 70 readings",measured in the corpus
img:stdcurve,Standard curve with residuals and SOP limits,Results,efficiency_percent,,LightCycler-format (.ixo),0,70,0,70,91.97435,91.97435,91.97435,91.97435,91.97435,0.0,91.97435,91.97435,"measured, every value identical across 70 readings",measured in the corpus
img:temperature,"Block, cover and zone temperature (QuantStudio log)",Run history,time,,all sources,0,0,1988,1988,,,,,,,,,categorical — allowed values: 2015-04-07 06:16 (60); 2015-04-07 06:17 (60); 2015-04-07 06:18 (60); 2015-04-07 06:19 (60); 2015-04-07 06:20 (60); 2015-04-07 06:21 (60),measured in the corpus
img:temperature,"Block, cover and zone temperature (QuantStudio log)",Run history,minutes,,all sources,0,0,1988,1988,,,,,,,,,categorical — allowed values: 0 (1); 0.017 (1); 0.033 (1); 0.05 (1); 0.067 (1); 0.083 (1),measured in the corpus
img:temperature,"Block, cover and zone temperature (QuantStudio log)",Run history,minutes,,QuantStudio-format (.eds),0,0,1988,1988,0.0,1.65595,16.5585,31.46105,33.117,9.56478,0.0,53.40185,"measured: median ± 3 robust SD, widened to the 1st–99th percentile",measured in the corpus
img:temperature,"Block, cover and zone temperature (QuantStudio log)",Run history,block_C,,all sources,0,0,1988,1988,,,,,,,,,categorical — allowed values: 60 (500); 60.1 (91); 60.199999999999996 (59); 60.300000000000004 (46); 94.8 (24); 25 (20),measured in the corpus
img:temperature,"Block, cover and zone temperature (QuantStudio log)",Run history,block_C,,QuantStudio-format (.eds),0,0,1988,1988,24.95,60.0,62.34167,94.46667,95.0,14.41971,25.0,94.921,"measured: median ± 3 robust SD, widened to the 1st–99th percentile",measured in the corpus
img:temperature,"Block, cover and zone temperature (QuantStudio log)",Run history,cover_C,,all sources,0,0,1988,1988,,,,,,,,,categorical — allowed values: 105 (1451); 105.1 (303); 104.9 (142); 105.2 (58); 104.2 (7); 104.7 (5),measured in the corpus
img:temperature,"Block, cover and zone temperature (QuantStudio log)",Run history,cover_C,,QuantStudio-format (.eds),0,0,1988,1988,104.1,104.9,105.0,105.1,105.3,0.09571,104.1,105.3,"measured, every value identical across 1988 readings",measured in the corpus
img:temperature,"Block, cover and zone temperature (QuantStudio log)",Run history,heatsink_C,,all sources,0,0,1988,1988,,,,,,,,,categorical — allowed values: 45.7 (85); 45.8 (85); 46.3 (81); 45.9 (73); 46.2 (73); 44.1 (71),measured in the corpus
img:temperature,"Block, cover and zone temperature (QuantStudio log)",Run history,heatsink_C,,QuantStudio-format (.eds),0,0,1988,1988,29.6,35.4,44.9,46.3,52.0,3.41294,30.287,48.90302,"measured: median ± 3 robust SD, widened to the 1st–99th percentile",measured in the corpus
img:temperature,"Block, cover and zone temperature (QuantStudio log)",Run history,zone_spread_C,,all sources,0,0,1988,1988,,,,,,,,,categorical — allowed values: 0 (798); 0.5 (173); 0.29999999999999716 (140); 0.20000000000000284 (135); 0.10000000000000142 (124); 0.3999999999999915 (104),measured in the corpus
img:temperature,"Block, cover and zone temperature (QuantStudio log)",Run history,zone_spread_C,,QuantStudio-format (.eds),0,0,1988,1988,0.0,0.0,0.1,0.6,1.1,0.22116,0.0,0.7,"measured: median ± 3 robust SD, widened to the 1st–99th percentile",measured in the corpus
img:timeline,"Run timeline — created, run, analysis, last change",Run history,event,,all sources,13,11,15,39,,,,,,,,,categorical — allowed values: Experiment created (3); Run started (3); Run ended (3); Run created (2); Experiment last modified (2); Analysis created — Abs Quant/2nd Derivative Max for 35S (1),measured in the corpus
img:timeline,"Run timeline — created, run, analysis, last change",Run history,time,,all sources,13,11,15,39,,,,,,,,,categorical — allowed values: 2021-10-04 12:41 (3); 2021-10-04 12:42 (3); 2021-10-04 10:56 (2); 2021-10-04 12:35 (2); 2007-09-26 14:57 (2); 2015-04-06 03:52 (2),measured in the corpus
img:timeline,"Run timeline — created, run, analysis, last change",Run history,hours_from_run_start,,LightCycler-format (.ixo),13,11,0,24,-1.579,-0.012,1.748,20582.97305,58758.376,13907.14435,0.0,168.0,"measured: median ± 3 robust SD, widened to the 1st–99th percentile",measured in the corpus
img:timeline,"Run timeline — created, run, analysis, last change",Run history,hours_from_run_start,,QuantStudio-format (.eds),0,0,15,15,-291.993,-106.0646,0.0,4295.0646,4296.039,1908.12516,0.0,168.0,measured on only 15 values: observed range,measured in the corpus
img:timeline,"Run timeline — created, run, analysis, last change",Run history,kind,,all sources,13,11,15,39,,,,,,,,,categorical — allowed values: analysis (14); run (10); calibration (8); file (4); edit (3),measured in the corpus
img:timeline,"Run timeline — created, run, analysis, last change",Run history,read_from,,all sources,13,11,15,39,,,,,,,,,categorical — allowed values: analysis Created (7); analysis LastModified (7); experiment Created (3); run StartTime (3); run EndTime (3); run Created (2),measured in the corpus
img:unanalysed,Signal in wells that are not in any analysis,Plate,well,,all sources,45,45,0,90,,,,,,,,,categorical — allowed values: G08 (45); P12 (45),measured in the corpus
img:unanalysed,Signal in wells that are not in any analysis,Plate,sample,,all sources,45,45,0,90,,,,,,,,,categorical — allowed values: SAMPLE-161 (45); SAMPLE-025 (45),measured in the corpus
img:unanalysed,Signal in wells that are not in any analysis,Plate,channel,,all sources,45,45,0,90,,,,,,,,,categorical — allowed values: 465-510 (45); 483-533 (45),measured in the corpus
img:unanalysed,Signal in wells that are not in any analysis,Plate,cycle,,LightCycler-format (.ixo),45,45,0,90,1.0,3.0,23.0,43.0,45.0,12.98717,5.0,45.0,"measured: median ± 3 robust SD, widened to the 1st–99th percentile",measured in the corpus
img:unanalysed,Signal in wells that are not in any analysis,Plate,fluorescence,,LightCycler-format (.ixo),45,45,0,90,194.0,195.0,1592.97528,5906.35,7482.0,1799.97792,0.0,7786.42683,"measured: median ± 3 robust SD, widened to the 1st–99th percentile",measured in the corpus
img:unanalysed,Signal in wells that are not in any analysis,Plate,finding,,all sources,45,45,0,90,,,,,,,,,categorical — allowed values: FAM has a rising curve that belongs to no analysis (no stored result of any kind at this position) (45); OTHER-565 (45),measured in the corpus
img:x_accept,Run acceptance grid,Across runs,experiment,,all sources,36,10,8,54,,,,,,,,,categorical — allowed values: RUN-001 (6); RUN-002 (6); RUN-026 (6); RUN-003 (6); RUN-012 (6); RUN-013 (6),measured in the corpus
img:x_accept,Run acceptance grid,Across runs,criterion,,all sources,36,10,8,54,,,,,,,,,categorical — allowed values: Method applicability (24); Profile is a review scaffold (6); Container integrity (6); SC sample identifier format (6); Control result (6); Edited within the allowed window (6),measured in the corpus
img:x_accept,Run acceptance grid,Across runs,status,,all sources,36,10,8,54,,,,,,,,,categorical — allowed values: n/a (38); pass (12); review (4),measured in the corpus
img:x_accept,Run acceptance grid,Across runs,evidence,,all sources,36,10,8,54,,,,,,,,,categorical — allowed values: Informational: laboratory approval and assay-specific sample interpretation are not configured. (4); container checksum matches (4); 3 control result(s) accepted | 3 control result(s) accepted | 3 control result(s) accepted | 2 control result(s) accepted | 1 control result(s) accepted | 1 control result(s) accepted | 1 control result(s) accepted | 1 control result(s) accepted (2); 7 sample name(s) do not match ^d+s*GMd{2}(?:|_) (2); OTHER-567 (1); 6 sample name(s) do not match ^d+s*GMd{2}(?:|_) (1),measured in the corpus
img:x_control,Control Cq across runs with SOP range,Across runs,experiment,,all sources,13,0,0,13,,,,,,,,,categorical — allowed values: RUN-013 (4); RUN-002 (3); RUN-003 (3); RUN-012 (3),measured in the corpus
img:x_control,Control Cq across runs with SOP range,Across runs,sample,,all sources,13,0,0,13,,,,,,,,,categorical — allowed values: SAMPLE-007 (13),measured in the corpus
img:x_control,Control Cq across runs with SOP range,Across runs,target,,all sources,13,0,0,13,,,,,,,,,categorical — allowed values: TARGET-001 (4); TARGET-002 (4); TARGET-003 (3); TARGET-004 (2),measured in the corpus
img:x_control,Control Cq across runs with SOP range,Across runs,cq_mean,,all sources,13,0,0,13,,,,,,,,,categorical — allowed values: nan (13),measured in the corpus
img:x_control,Control Cq across runs with SOP range,Across runs,detected,,LightCycler-format (.ixo),13,0,0,13,0.0,0.0,0.0,0.0,0.0,0.0,0.0,0.0,"measured, every value identical across 13 readings",measured in the corpus
img:x_control,Control Cq across runs with SOP range,Across runs,n,,LightCycler-format (.ixo),13,0,0,13,1.0,1.0,1.0,1.0,1.0,0.0,1.0,1.0,"measured, every value identical across 13 readings",measured in the corpus
img:x_control,Control Cq across runs with SOP range,Across runs,outcome,,all sources,13,0,0,13,,,,,,,,,categorical — allowed values: Control pass (13),measured in the corpus
img:x_control_age,Control extract age versus Cq,Across runs,value,,both,0,0,0,0,,,,,,,0.0,100.0,"theoretical range, generic",invented within the theoretical limit
img:x_control_batches,Control extraction batches,Across runs,value,,both,0,0,0,0,,,,,,,0.0,100.0,"theoretical range, generic",invented within the theoretical limit
img:x_control_thermal,Control Cq versus cooling rate,Across runs,value,,both,0,0,0,0,,,,,,,0.0,100.0,"theoretical range, generic",invented within the theoretical limit
img:x_delay,Hours from run end to the last recorded change,Across runs,experiment,,all sources,6,10,7,23,,,,,,,,,categorical — allowed values: RUN-001 (1); RUN-002 (1); RUN-026 (1); RUN-003 (1); RUN-012 (1); RUN-013 (1),measured in the corpus
img:x_delay,Hours from run end to the last recorded change,Across runs,run_end,,all sources,6,10,7,23,,,,,,,,,categorical — allowed values: 2021-10-04 12:34 (1); 2022-09-29 12:09 (1); 2025-03-18 09:15 (1); 2025-03-18 13:21 (1); 2025-08-18 12:29 (1); 2025-11-07 09:50 (1),measured in the corpus
img:x_delay,Hours from run end to the last recorded change,Across runs,last_change,,all sources,6,10,7,23,,,,,,,,,categorical — allowed values: 2012-02-21 17:47 (4); 2026-07-28 14:45 (4); 2015-04-17 16:09 (2); 2021-10-04 12:44 (1); 2022-09-29 15:04 (1); 2025-03-18 10:55 (1),measured in the corpus
img:x_delay,Hours from run end to the last recorded change,Across runs,hours,,LightCycler-format (.ixo),6,10,0,16,0.16988,0.2733,38740.49739,173482.10822,179924.5433,68474.54235,0.16988,168.0,measured on only 16 values: observed range,measured in the corpus
img:x_delay,Hours from run end to the last recorded change,Across runs,hours,,QuantStudio-format (.eds),0,0,7,7,182.83333,197.27642,817.18944,83686.86856,100261.23806,35782.47341,182.83333,100261.23806,measured on only 7 values: observed range,measured in the corpus
img:x_duration,Run duration and instrument use,Across runs,experiment,,all sources,6,10,7,23,,,,,,,,,categorical — allowed values: RUN-001 (1); RUN-002 (1); RUN-026 (1); RUN-003 (1); RUN-012 (1); RUN-013 (1),measured in the corpus
img:x_duration,Run duration and instrument use,Across runs,instrument,,LightCycler-format (.ixo),6,8,0,14,506.0,506.0,14650.0,34695.0,34695.0,15842.42709,506.0,34695.0,measured on only 14 values: observed range,measured in the corpus
img:x_duration,Run duration and instrument use,Across runs,software,,all sources,6,10,7,23,,,,,,,,,categorical — allowed values: LCS480 1.5.1.62 (4); LCS480 1.5.0.39 (3); OTHER-038 (3); LCS480 1.4.9.76 (2); OTHER-041 (2); HTC1 0.5.1.53 (1),measured in the corpus
img:x_duration,Run duration and instrument use,Across runs,run_start,,all sources,6,10,7,23,,,,,,,,,categorical — allowed values: 2021-10-04 10:57 (1); 2022-09-29 10:31 (1); 2025-03-18 08:22 (1); 2025-03-18 11:44 (1); 2025-08-18 10:52 (1); 2025-11-07 08:11 (1),measured in the corpus
img:x_duration,Run duration and instrument use,Across runs,minutes,,LightCycler-format (.ixo),6,10,0,16,1.76613,40.37728,70.85495,98.16217,99.47368,23.88575,1.76613,99.47368,measured on only 16 values: observed range,measured in the corpus
img:x_duration,Run duration and instrument use,Across runs,minutes,,QuantStudio-format (.eds),0,0,7,7,8.88333,16.15333,34.25,44.05333,46.23333,10.82155,8.88333,46.23333,measured on only 7 values: observed range,measured in the corpus
img:x_findings,Forensic findings by area (Pareto),Across runs,area,,all sources,5,7,8,20,,,,,,,,,categorical — allowed values: Stored call (3); Detection format (2); Analysis membership (2); Timeline (2); Assay controls (2); SOP: SC screening — SOP-06 laboratory default (1),measured in the corpus
img:x_findings,Forensic findings by area (Pareto),Across runs,errors,,LightCycler-format (.ixo),5,7,0,12,0.0,0.0,0.0,5.15,9.0,2.48328,0.0,9.0,"measured, every value identical across 12 readings",measured in the corpus
img:x_findings,Forensic findings by area (Pareto),Across runs,errors,,QuantStudio-format (.eds),0,0,8,8,0.0,0.0,0.0,0.65,1.0,0.33072,0.0,1.0,"measured, every value identical across 8 readings",measured in the corpus
img:x_findings,Forensic findings by area (Pareto),Across runs,reviews,,LightCycler-format (.ixo),5,7,0,12,0.0,0.0,2.0,9.9,11.0,3.59301,0.0,11.0,measured on only 12 values: observed range,measured in the corpus
img:x_findings,Forensic findings by area (Pareto),Across runs,reviews,,QuantStudio-format (.eds),0,0,8,8,1.0,1.0,3.5,7.0,7.0,2.27761,1.0,7.0,measured on only 8 values: observed range,measured in the corpus
img:x_outcomes,SOP outcomes per run,Across runs,experiment,,all sources,15,0,0,15,,,,,,,,,categorical — allowed values: RUN-002 (4); RUN-003 (4); RUN-013 (4); RUN-012 (3),measured in the corpus
img:x_outcomes,SOP outcomes per run,Across runs,outcome,,all sources,15,0,0,15,,,,,,,,,categorical — allowed values: Positive (4); Negative (4); Control pass (4); Repeat (3),measured in the corpus
img:x_outcomes,SOP outcomes per run,Across runs,count,,LightCycler-format (.ixo),15,0,0,15,1.0,1.7,9.0,17.7,24.0,6.09699,1.0,24.0,measured on only 15 values: observed range,measured in the corpus
img:x_signal,Background and plateau fluorescence across runs,Across runs,experiment,,all sources,10,8,11,29,,,,,,,,,categorical — allowed values: RUN-011 (4); RUN-001 (2); RUN-002 (2); RUN-003 (2); RUN-012 (2); RUN-013 (2),measured in the corpus
img:x_signal,Background and plateau fluorescence across runs,Across runs,channel,,all sources,10,8,11,29,,,,,,,,,categorical — allowed values: 465-510 (8); x1-m1 (7); 533-580 (6); 483-533 (2); x2-m2 (2); 523-568 (1),measured in the corpus
img:x_signal,Background and plateau fluorescence across runs,Across runs,median_background,,LightCycler-format (.ixo),10,8,0,18,269.875,987.96137,1730.69138,2070.12727,2151.875,431.72337,269.875,2151.875,measured on only 18 values: observed range,measured in the corpus
img:x_signal,Background and plateau fluorescence across runs,Across runs,median_background,,QuantStudio-format (.eds),0,0,11,11,0.48433,0.60337,0.94176,2013609.72381,4027218.0375,1157743.49938,0.48433,100.0,measured on only 11 values: observed range,measured in the corpus
img:x_signal,Background and plateau fluorescence across runs,Across runs,median_end,,LightCycler-format (.ixo),10,8,0,18,1196.32727,1224.32902,3132.4967,10984.3,13145.0,3151.46365,1196.32727,13145.0,measured on only 18 values: observed range,measured in the corpus
img:x_signal,Background and plateau fluorescence across runs,Across runs,median_end,,QuantStudio-format (.eds),0,0,11,11,1.90835,1.94805,4.24074,21005.88963,41998.273,12072.0154,1.90835,100.0,measured on only 11 values: observed range,measured in the corpus
img:x_signal,Background and plateau fluorescence across runs,Across runs,wells,,LightCycler-format (.ixo),10,8,0,18,14.0,14.0,36.0,79.75,84.0,19.4638,14.0,84.0,measured on only 18 values: observed range,measured in the corpus
img:x_signal,Background and plateau fluorescence across runs,Across runs,wells,,QuantStudio-format (.eds),0,0,11,11,15.0,33.0,96.0,319.0,350.0,95.90741,15.0,350.0,"measured, every value identical across 11 readings",measured in the corpus
img:x_timeline,Runs on a calendar — run time and last change,Across runs,experiment,,all sources,6,10,7,23,,,,,,,,,categorical — allowed values: RUN-001 (1); RUN-002 (1); RUN-026 (1); RUN-003 (1); RUN-012 (1); RUN-013 (1),measured in the corpus
img:x_timeline,Runs on a calendar — run time and last change,Across runs,created,,all sources,6,10,7,23,,,,,,,,,categorical — allowed values: 2007-10-18 08:38 (2); 2007-10-18 11:38 (2); 2007-10-18 08:39 (2); 2021-10-04 10:56 (1); 2022-09-29 10:28 (1); 2025-03-18 08:21 (1),measured in the corpus
img:x_timeline,Runs on a calendar — run time and last change,Across runs,run_start,,all sources,6,10,7,23,,,,,,,,,categorical — allowed values: 2021-10-04 10:57 (1); 2022-09-29 10:31 (1); 2025-03-18 08:22 (1); 2025-03-18 11:44 (1); 2025-08-18 10:52 (1); 2025-11-07 08:11 (1),measured in the corpus
img:x_timeline,Runs on a calendar — run time and last change,Across runs,run_end,,all sources,6,10,7,23,,,,,,,,,categorical — allowed values: 2021-10-04 12:34 (1); 2022-09-29 12:09 (1); 2025-03-18 09:15 (1); 2025-03-18 13:21 (1); 2025-08-18 12:29 (1); 2025-11-07 09:50 (1),measured in the corpus
img:x_timeline,Runs on a calendar — run time and last change,Across runs,last_change,,all sources,6,10,7,23,,,,,,,,,categorical — allowed values: 2012-02-21 17:47 (4); 2026-07-28 14:45 (4); 2015-04-17 16:09 (2); 2021-10-04 12:44 (1); 2022-09-29 15:04 (1); 2025-03-18 10:55 (1),measured in the corpus
img:x_timeline,Runs on a calendar — run time and last change,Across runs,hours_to_last_change,,LightCycler-format (.ixo),6,10,0,16,0.16988,0.2733,38740.49739,173482.10822,179924.5433,68474.54235,0.16988,168.0,measured on only 16 values: observed range,measured in the corpus
img:x_timeline,Runs on a calendar — run time and last change,Across runs,hours_to_last_change,,QuantStudio-format (.eds),0,0,7,7,182.83333,197.27642,817.18944,83686.86856,100261.23806,35782.47341,182.83333,100261.23806,measured on only 7 values: observed range,measured in the corpus
img:x_timeline,Runs on a calendar — run time and last change,Across runs,run_minutes,,LightCycler-format (.ixo),6,10,0,16,1.76613,40.37728,70.85495,98.16217,99.47368,23.88575,1.76613,99.47368,measured on only 16 values: observed range,measured in the corpus
img:x_timeline,Runs on a calendar — run time and last change,Across runs,run_minutes,,QuantStudio-format (.eds),0,0,7,7,8.88333,16.15333,34.25,44.05333,46.23333,10.82155,8.88333,46.23333,measured on only 7 values: observed range,measured in the corpus
rec:instrument_records,,,run,,LightCycler-format (.ixo),400,780,0,1180,1.0,1.0,5.0,9.0,10.0,2.73668,0.0,18.3434,"measured: median ± 3 robust SD, widened to the 1st–99th percentile",measured in the corpus
rec:instrument_records,,,run,,QuantStudio-format (.eds),0,0,4000,4000,1.0,1.0,1.0,2.0,2.0,0.32987,1.0,2.0,"measured, every value identical across 4000 readings",measured in the corpus
rec:instrument_records,,,experiment,,all sources,400,794,4000,5194,,,,,,,,,categorical — allowed values: RUN-011 (3503); RUN-007 (497); RUN-015 (218); RUN-004 (112); RUN-016 (78); RUN-010 (75),measured in the corpus
rec:instrument_records,,,table,,all sources,400,794,4000,5194,,,,,,,,,categorical — allowed values: temperature_trace (1988); archive_entries (1282); metadata (562); well_baselines (472); statistics (372); program (101),measured in the corpus
rec:instrument_records,,,field,,all sources,400,794,4000,5194,,,,,,,,,categorical — allowed values: name (18); UID (18); Created (18); CreatedByName (18); LastModified (18); LastModifiedByName (18),measured in the corpus
rec:instrument_records,,,value,,LightCycler-format (.ixo),36,60,0,96,0.0,0.0,22.0,4627562.5,17423571.0,2448902.5799,0.0,100.0,"measured: median ± 3 robust SD, widened to the 1st–99th percentile",measured in the corpus
rec:instrument_records,,,value,,QuantStudio-format (.eds),0,0,26,26,1.0,1.025,82.0,1675222.0,2376494.0,614099.74069,0.0,100.0,"measured: median ± 3 robust SD, widened to the 1st–99th percentile",measured in the corpus
rec:instrument_records,,,check,,all sources,400,794,4000,5194,,,,,,,,,categorical — allowed values: None (23); SHA-256 of the file (18); Trailing checksum (stored) (16); Trailing checksum (recomputed) (16); Verdict (16); Method (16),measured in the corpus
rec:instrument_records,,,result,,all sources,400,794,4000,5194,,,,,,,,,"categorical — allowed values: None (23); container checksum matches (16); MD5 of the object stream including its CRLF, four byte-swapped 32-bit words (16); $6078ABA9-C56CA628-E9AF0E25-DD8B9BC5 (2); $AABFBECC-AAD0B056-855BB715-E346CFAF (2); $21EB913F-84E56ECC-E194D48F-13C84812 (2)",measured in the corpus
rec:instrument_records,,,program,,LightCycler-format (.ixo),30,65,0,95,1.0,1.0,2.0,4.0,4.0,0.81713,0.0,6.4478,"measured: median ± 3 robust SD, widened to the 1st–99th percentile",measured in the corpus
rec:instrument_records,,,program,,QuantStudio-format (.eds),0,0,6,6,1.0,1.0,2.0,2.0,2.0,0.4714,1.0,2.0,"measured, every value identical across 6 readings",measured in the corpus
rec:instrument_records,,,name,,all sources,400,794,4000,5194,,,,,,,,,categorical — allowed values: SAMPLE-552 (23); SAMPLE-539 (18); SAMPLE-554 (18); SAMPLE-543 (16); SAMPLE-541 (13); SAMPLE-538 (7),measured in the corpus
rec:instrument_records,,,cycles,,LightCycler-format (.ixo),30,65,0,95,1.0,1.0,1.0,45.0,45.0,21.66824,1.0,45.0,"measured, every value identical across 95 readings",measured in the corpus
rec:instrument_records,,,cycles,,QuantStudio-format (.eds),0,0,6,6,1.0,1.0,40.0,40.0,40.0,18.38478,1.0,40.0,"measured, every value identical across 6 readings",measured in the corpus
rec:instrument_records,,,analysis_mode,,all sources,400,794,4000,5194,,,,,,,,,categorical — allowed values: None (57); Quantification (49); Melting Curves (15); Color Compensation (3),measured in the corpus
rec:instrument_records,,,segment,,LightCycler-format (.ixo),30,65,0,95,1.0,1.0,1.0,3.0,4.0,0.83907,1.0,4.0,"measured, every value identical across 95 readings",measured in the corpus
rec:instrument_records,,,segment,,QuantStudio-format (.eds),0,0,6,6,1.0,1.0,1.0,2.0,2.0,0.4714,1.0,2.0,"measured, every value identical across 6 readings",measured in the corpus
rec:instrument_records,,,target,,LightCycler-format (.ixo),30,65,0,95,40.0,40.0,72.0,95.0,95.0,21.34389,0.0,100.0,"measured: median ± 3 robust SD, widened to the 1st–99th percentile",measured in the corpus
rec:instrument_records,,,target,,QuantStudio-format (.eds),0,0,6,6,60.0,60.0,95.0,95.0,95.0,16.49916,60.0,95.0,"measured, every value identical across 6 readings",measured in the corpus
rec:instrument_records,,,target_2,,LightCycler-format (.ixo),30,65,0,95,0.0,0.0,0.0,0.0,53.0,5.40899,0.0,53.0,"measured, every value identical across 95 readings",measured in the corpus
rec:instrument_records,,,hold,,LightCycler-format (.ixo),30,65,0,95,0.0,1.0,15.0,600.0,600.0,196.85024,0.0,100.0,"measured: median ± 3 robust SD, widened to the 1st–99th percentile",measured in the corpus
rec:instrument_records,,,hold,,QuantStudio-format (.eds),0,0,6,6,1.0,1.0,20.0,20.0,20.0,8.95669,1.0,20.0,"measured, every value identical across 6 readings",measured in the corpus
rec:instrument_records,,,slope,,LightCycler-format (.ixo),47,95,0,142,-3.48472,-3.42253,2.2,4.8,4.8,2.44381,-4.5,-2.8,"measured: median ± 3 robust SD, widened to the 1st–99th percentile",measured in the corpus
rec:instrument_records,,,slope,,QuantStudio-format (.eds),0,0,8,8,-3.4895,-3.4895,2.99,3.48,3.48,2.88232,-3.4895,-2.8,measured on only 8 values: observed range,measured in the corpus
rec:instrument_records,,,step_size,,LightCycler-format (.ixo),30,65,0,95,0.0,0.0,0.0,0.0,0.5,0.05103,0.0,0.5,"measured, every value identical across 95 readings",measured in the corpus
rec:instrument_records,,,step_delay,,LightCycler-format (.ixo),30,65,0,95,0.0,0.0,0.0,0.0,1.0,0.10206,0.0,1.0,"measured, every value identical across 95 readings",measured in the corpus
rec:instrument_records,,,acquisition_mode,,LightCycler-format (.ixo),30,65,0,95,0.0,0.0,0.0,2.0,2.0,0.57424,0.0,2.0,"measured, every value identical across 95 readings",measured in the corpus
rec:instrument_records,,,acquisitions_per_degree,,all sources,400,794,4000,5194,,,,,,,,,categorical — allowed values: None (23),measured in the corpus
rec:instrument_records,,,active,,all sources,400,794,4000,5194,,,,,,,,,categorical — allowed values: yes (35); None (23); no (3),measured in the corpus
rec:instrument_records,,,excitation,,LightCycler-format (.ixo),12,19,0,31,440.0,457.5,483.0,586.5,618.0,44.66073,440.0,618.0,"measured: median ± 3 robust SD, widened to the 1st–99th percentile",measured in the corpus
rec:instrument_records,,,emission,,LightCycler-format (.ixo),12,19,0,31,488.0,505.0,533.0,650.0,670.0,50.40481,377.327,400.0,"measured: median ± 3 robust SD, widened to the 1st–99th percentile",measured in the corpus
rec:instrument_records,,,integration_time,,LightCycler-format (.ixo),12,19,0,31,250.0,250.0,250.0,250.0,250.0,0.0,250.0,250.0,"measured, every value identical across 31 readings",measured in the corpus
rec:instrument_records,,,max_integration,,LightCycler-format (.ixo),12,19,0,31,1000.0,1000.0,2000.0,2000.0,3000.0,505.94797,1000.0,3000.0,"measured, every value identical across 31 readings",measured in the corpus
rec:instrument_records,,,melt_factor,,LightCycler-format (.ixo),12,19,0,31,1.0,1.0,1.0,1.2,1.2,0.06705,1.0,1.2,"measured, every value identical across 31 readings",measured in the corpus
rec:instrument_records,,,quant_factor,,LightCycler-format (.ixo),12,19,0,31,5.0,7.5,10.0,15.0,30.0,4.16242,5.0,30.0,"measured, every value identical across 31 readings",measured in the corpus
rec:instrument_records,,,id,,all sources,400,794,4000,5194,,,,,,,,,categorical — allowed values: None (23); 113437 (2); 189483 (2); 123602 (2); 196955 (2); com.apldbio.sds.platform.algorithm.conditioning.module (1),measured in the corpus
rec:instrument_records,,,id,,QuantStudio-format (.eds),0,0,8,8,113437.0,113437.0,156542.5,196955.0,196955.0,37615.13759,113437.0,196955.0,measured on only 8 values: observed range,measured in the corpus
rec:instrument_records,,,for_analysis,,all sources,400,794,4000,5194,,,,,,,,,categorical — allowed values: true (70); None (23),measured in the corpus
rec:instrument_records,,,for_report,,all sources,400,794,4000,5194,,,,,,,,,categorical — allowed values: true (58); None (23); false (12),measured in the corpus
rec:instrument_records,,,use_all_samples,,all sources,400,794,4000,5194,,,,,,,,,categorical — allowed values: false (52); None (23); true (18),measured in the corpus
rec:instrument_records,,,positions,,all sources,400,794,4000,5194,,,,,,,,,categorical — allowed values: None (23); A01 A02 A03 A04 A05 A06 A07 A08 A09 A10 A11 A12 B01 B02 B03 B04 B05 B06 B07 B08 B09 B10 B11 B12 C01 C02 C03 C04 C05 C06 C07 C08 C09 C10 C11 C12 D01 D02 D03 D04 D05 D06 D07 D08 D09 D10 D11 D12 E01 E02 E03 E04 E05 E06 E07 E08 E09 E10 E11 E12 F01 F02 F03 F04 F05 F06 F07 F08 F09 F10 F11 F12 G01 G02 G03 G04 G05 G06 G07 G08 G09 G10 G11 G12 H01 H02 H03 H04 H05 H06 H07 H08 H09 H10 H11 H12 (13); A01 A02 A03 A04 A05 A06 A07 A08 A09 A10 A11 A12 B01 B02 B03 B04 B05 B06 B07 B08 B09 B10 B11 B12 C01 C02 C03 C04 C05 C06 C07 C08 C09 C10 C11 C12 E05 E06 E07 F05 F06 F07 (6); A01 A02 A03 A04 A05 A06 A07 A08 A09 A10 A11 A12 A13 A14 A15 A16 A17 A18 A19 A20 A21 A22 A23 A24 B01 B02 B03 B04 B05 B06 B07 B08 B09 B10 B11 B12 B13 B14 B15 B16 B17 B18 B19 B20 B21 B22 B23 B24 C01 C02 C03 C04 C05 C06 C07 C08 C09 C10 C11 C12 C13 C14 C15 C16 C17 C18 C19 C20 C21 C22 C23 C24 D01 D02 D03 D04 D05 D06 D07 D08 D09 D10 D11 D12 D13 D14 D15 D16 D17 D18 D19 D20 D21 D22 D23 D24 E01 E02 E03 E04 E05 E06 E07 E08 E09 E10 E11 E12 E13 E14 E15 E16 E17 E18 E19 E20 E21 E22 E23 E24 F01 F02 F03 F04 F05 F06 F07 F08 F09 F10 F11 F12 F13 F14 F15 F16 F17 F18 F19 F20 F21 F22 F23 F24 G01 G02 G03 G04 G05 G06 G07 G08 G09 G10 G11 G12 G13 G14 G15 G16 G17 G18 G19 G20 G21 G22 G23 G24 H01 H02 H03 H04 H05 H06 H07 H08 H09 H10 H11 H12 H13 H14 H15 H16 H17 H18 H19 H20 H21 H22 H23 H24 I01 I02 I03 I04 I05 I06 I07 I08 I09 I10 I11 I12 I13 I14 I15 I16 I17 I18 I19 I20 I21 I22 I23 I24 J01 J02 J03 J04 J05 J06 J07 J08 J09 J10 J11 J12 J13 J14 J15 J16 J17 J18 J19 J20 J21 J22 J23 J24 K01 K02 K03 K04 K05 K06 K07 K08 K09 K10 K11 K12 K13 K14 K15 K16 K17 K18 K19 K20 K21 K22 K23 K24 L01 L02 L03 L04 L05 L06 L07 L08 L09 L10 L11 L12 L13 L14 L15 L16 L17 L18 L19 L20 L21 L22 L23 L24 M01 M02 M03 M04 M05 M06 M07 M08 M09 M10 M11 M12 M13 M14 M15 M16 M17 M18 M19 M20 M21 M22 M23 M24 N01 N02 N03 N04 N05 N06 N07 N08 N09 N10 N11 N12 N13 N14 N15 N16 N17 N18 N19 N20 N21 N22 N23 N24 O01 O02 O03 O04 O05 O06 O07 O08 O09 O10 O11 O12 O13 O14 O15 O16 O17 O18 O19 O20 O21 O22 O23 O24 P01 P02 P03 P04 P05 P06 P07 P08 P09 P10 P11 P12 P13 P14 P15 P16 P17 P18 P19 P20 P21 P22 P23 P24 (5); G01 G02 G03 G04 G05 G06 G07 G09 G10 G12 (2); A01 A02 A03 A04 A05 A06 A07 A08 A09 A10 A11 A12 B01 B02 B03 B04 B05 B10 B12 (2),measured in the corpus
rec:instrument_records,,,short_name,,all sources,400,794,4000,5194,,,,,,,,,"categorical — allowed values: None (23); Abs Quant/2nd Der (22); Rel Quant (7); Endpoint Genotyping (4); Advanced Rel Quant all-to-mean, E=2 (4); Advanced Rel Quant all-to-mean, ext Standards (4)",measured in the corpus
rec:instrument_records,,,kind,,all sources,400,794,4000,5194,,,,,,,,,categorical — allowed values: Absolute Quantification (47); None (23); Relative Quantification (7); Standard curve (5); Endpoint Genotyping (4); Gene Scanning (3),measured in the corpus
rec:instrument_records,,,class,,all sources,400,794,4000,5194,,,,,,,,,categorical — allowed values: Legacy Absolute Quantification Analysis (40); None (23); FitPointsAnalysis (7); Rel. Quant. Analysis (7); OTHER-630 (5); EndPtGenotyping (4),measured in the corpus
rec:instrument_records,,,uid,,all sources,400,794,4000,5194,,,,,,,,,categorical — allowed values: None (23); ADE4960779A34665A6326E6CB1E9A302 (1); 8CA0E7986D29469CB22DC685380443E2 (1); 7CA4ADF233F8448696AFA677F6D49B57 (1); 7E927F41248144C7B5AE8CB9657FF5A1 (1); F785E63B4F8E4404B22A88E1B4391C02 (1),measured in the corpus
rec:instrument_records,,,subset,,all sources,400,794,4000,5194,,,,,,,,,categorical — allowed values: OTHER-603 (23); OTHER-598 (5); OTHER-599 (5); OTHER-620 (5); OTHER-621 (5); OTHER-622 (5),measured in the corpus
rec:instrument_records,,,calculation_state,,all sources,400,794,4000,5194,,,,,,,,,categorical — allowed values: analysed (71); None (23); not analysed (1),measured in the corpus
rec:instrument_records,,,channel_index,,LightCycler-format (.ixo),17,50,0,67,0.0,0.0,0.0,1.0,2.0,0.45123,0.0,2.0,"measured, every value identical across 67 readings",measured in the corpus
rec:instrument_records,,,channel_index,,QuantStudio-format (.eds),0,0,5,5,0.0,0.0,0.0,0.0,0.0,0.0,0.0,0.0,"measured, every value identical across 5 readings",measured in the corpus
rec:instrument_records,,,channel_name,,all sources,400,794,4000,5194,,,,,,,,,categorical — allowed values: FAM (44); None (23); HEX / Yellow555 (6); YELLOW (5); OTHER-035 (3); OTHER-036 (3),measured in the corpus
rec:instrument_records,,,filter,,all sources,400,794,4000,5194,,,,,,,,,categorical — allowed values: 465-510 (42); None (23); 533-580 (11); 483-533 (8); 483-640 (4); 523-568 (1),measured in the corpus
rec:instrument_records,,,created,,all sources,400,794,4000,5194,,,,,,,,,categorical — allowed values: None (23); 2015-03-26T02:15:28+00:00 (4); 2007-08-24T12:19:20.703 (3); 2007-08-24T12:22:57.906 (2); 2021-10-04T12:35:33.281 (1); 2021-10-04T12:35:48.468 (1),measured in the corpus
rec:instrument_records,,,modified,,all sources,400,794,4000,5194,,,,,,,,,categorical — allowed values: None (23); 2008-01-31T11:34:55.781 (2); 2008-01-31T11:33:15.437 (2); 2021-10-04T12:41:46.562 (1); 2021-10-04T12:41:51.093 (1); 2021-10-04T12:42:00.031 (1),measured in the corpus
rec:instrument_records,,,created_by,,all sources,400,794,4000,5194,,,,,,,,,categorical — allowed values: None (23); OTHER-034 (17); System Admin (17); OTHER-052 (9),measured in the corpus
rec:instrument_records,,,modified_by,,all sources,400,794,4000,5194,,,,,,,,,categorical — allowed values: System Admin (24); None (23); OTHER-034 (17); OTHER-052 (2),measured in the corpus
rec:instrument_records,,,results,,LightCycler-format (.ixo),17,50,0,67,0.0,0.0,21.0,179.6,228.0,50.62293,0.0,100.0,"measured: median ± 3 robust SD, widened to the 1st–99th percentile",measured in the corpus
rec:instrument_records,,,results,,QuantStudio-format (.eds),0,0,5,5,88.0,89.6,96.0,96.0,96.0,3.2,88.0,96.0,"measured, every value identical across 5 readings",measured in the corpus
rec:instrument_records,,,standard_curve_source,,all sources,400,794,4000,5194,,,,,,,,,categorical — allowed values: assumed efficiency (33); None (23); external (8); in-run (6); analysis_result.txt Std Curve Results (1),measured in the corpus
rec:instrument_records,,,intercept,,LightCycler-format (.ixo),17,30,0,47,0.0,0.0,0.0,32.75367,40.50263,12.0608,0.0,40.50263,"measured, every value identical across 47 readings",measured in the corpus
rec:instrument_records,,,efficiency,,LightCycler-format (.ixo),17,30,0,47,0.0,1.93674,2.0,2.00152,6466.02107,932.79623,0.0,6466.02107,"measured, every value identical across 47 readings",measured in the corpus
rec:instrument_records,,,fit_error,,LightCycler-format (.ixo),17,30,0,47,0.0,0.0,0.0,0.05577,0.15629,0.03166,0.0,0.15629,"measured, every value identical across 47 readings",measured in the corpus
rec:instrument_records,,,colour_compensation,,all sources,400,794,4000,5194,,,,,,,,,categorical — allowed values: not applied (59); None (23); applied (13),measured in the corpus
rec:instrument_records,,,analysis,,all sources,400,794,4000,5194,,,,,,,,,categorical — allowed values: Abs Quant/2nd Derivative Max for 35S (35); Abs Quant/2nd Derivative Max for T-NOS (35); Subordinate for Target 1\465-510\Samples+Calibrator (28); Subordinate for Target 2\465-510\Samples+Calibrator (28); Subordinate for Reference 1\465-510\Samples+Calibrator (28); Subordinate for Reference 2\465-510\Samples+Calibrator (28),measured in the corpus
rec:instrument_records,,,sample,,all sources,400,794,4000,5194,,,,,,,,,categorical — allowed values: SAMPLE-033 (388); SAMPLE-025 (28); SAMPLE-552 (23); SAMPLE-082 (20); SAMPLE-083 (20); SAMPLE-084 (20),measured in the corpus
rec:instrument_records,,,sample,,QuantStudio-format (.eds),0,0,90,90,10.0,10.0,550000.0,10000000000.0,10000000000.0,2977657166.30079,0.0,100.0,"measured: median ± 3 robust SD, widened to the 1st–99th percentile",measured in the corpus
rec:instrument_records,,,wells,,all sources,400,794,4000,5194,,,,,,,,,"categorical — allowed values: None (23); A1, B1, C1 (9); A2, B2, C2 (9); A3, B3, C3 (9); A4, B4, C4 (9); A5, B5, C5 (9)",measured in the corpus
rec:instrument_records,,,n,,LightCycler-format (.ixo),105,252,0,357,2.0,2.0,3.0,5.0,8.0,1.07987,2.0,8.0,"measured, every value identical across 357 readings",measured in the corpus
rec:instrument_records,,,n,,QuantStudio-format (.eds),0,0,15,15,1.0,5.2,8.0,96.0,96.0,39.27419,1.0,96.0,"measured, every value identical across 15 readings",measured in the corpus
rec:instrument_records,,,cq_mean,,LightCycler-format (.ixo),105,252,0,357,0.0,0.0,23.12099,33.65696,40.0,11.20812,0.0,47.23626,"measured: median ± 3 robust SD, widened to the 1st–99th percentile",measured in the corpus
rec:instrument_records,,,cq_mean,,QuantStudio-format (.eds),0,0,14,14,5.89146,7.76237,22.20207,34.7071,37.17341,8.81209,5.89146,37.17341,measured on only 14 values: observed range,measured in the corpus
rec:instrument_records,,,cq_sd,,LightCycler-format (.ixo),105,252,0,357,0.0,0.0,0.05752,0.51255,1.58006,0.2024,0.0,1.58006,"measured: median ± 3 robust SD, widened to the 1st–99th percentile",measured in the corpus
rec:instrument_records,,,cq_sd,,QuantStudio-format (.eds),0,0,14,14,0.00838,0.01145,0.0492,0.32431,0.57678,0.14137,0.00838,0.57678,measured on only 14 values: observed range,measured in the corpus
rec:instrument_records,,,concentration_mean,,LightCycler-format (.ixo),105,252,0,357,0.0,0.0,0.0,5980.60177,989622.14488,90846.62999,0.0,989622.14488,"measured, every value identical across 357 readings",measured in the corpus
rec:instrument_records,,,concentration_sd,,LightCycler-format (.ixo),105,252,0,357,0.0,0.0,0.0,188.22052,59792.8921,4161.94291,0.0,59792.8921,"measured, every value identical across 357 readings",measured in the corpus
rec:instrument_records,,,method,,all sources,400,794,4000,5194,,,,,,,,,categorical — allowed values: qsMean (357); None (23); stored Ct Mean / Ct SD (15),measured in the corpus
rec:instrument_records,,,file,,all sources,400,794,4000,5194,,,,,,,,,categorical — allowed values: RUN-069 (2); RUN-070 (2); RUN-071 (2); RUN-072 (2),measured in the corpus
rec:instrument_records,,,calibration,,all sources,400,794,4000,5194,,,,,,,,,categorical — allowed values: UniformityCalibration (2); ROICalibration (2); PureDyeCalibration (2); BackgroundCalibration (2),measured in the corpus
rec:instrument_records,,,performed,,all sources,400,794,4000,5194,,,,,,,,,categorical — allowed values: 2015-04-06 03:52:14 UTC+0 (1); 2015-04-06 03:52:13 UTC+0 (1); 2015-04-06 06:17:22 UTC+0 (1); 2015-04-06 04:53:52 UTC+0 (1); 2015-04-06 04:48:46 UTC+0 (1); 2015-04-06 05:09:56 UTC+0 (1),measured in the corpus
rec:instrument_records,,,expires,,all sources,400,794,4000,5194,,,,,,,,,categorical — allowed values: 2015-10-03 03:52:14 UTC+0 (1); 2015-10-03 03:52:13 UTC+0 (1); 2015-10-03 06:17:22 UTC+0 (1); 2015-10-03 04:53:52 UTC+0 (1); 2015-10-03 04:48:46 UTC+0 (1); 2015-10-03 05:09:56 UTC+0 (1),measured in the corpus
rec:instrument_records,,,status_on_run_date,,all sources,400,794,4000,5194,,,,,,,,,categorical — allowed values: valid (8),measured in the corpus
rec:instrument_records,,,operator,,all sources,400,794,4000,5194,,,,,,,,,categorical — allowed values: PERSON-004 (8),measured in the corpus
rec:instrument_records,,,version,,all sources,400,794,4000,5194,,,,,,,,,categorical — allowed values: 1.0.5 (8); 1.1.0 (5); 3.0.3 (2); 3.0.2 (1); 4.1.1.4 (1); 1.0.0 (1),measured in the corpus
rec:instrument_records,,,module,,all sources,400,794,4000,5194,,,,,,,,,categorical — allowed values: Data Conditioning Module (1); Paragon Preprocessing Module (1); Primary Analysis Module (1); ruo (1); SDS Platform Core Module (1); Paragon Instrument Service Module (1),measured in the corpus
rec:instrument_records,,,reporter,,all sources,400,794,4000,5194,,,,,,,,,categorical — allowed values: FAM (1),measured in the corpus
rec:instrument_records,,,quencher,,all sources,400,794,4000,5194,,,,,,,,,categorical — allowed values: NFQ-MGB (1),measured in the corpus
rec:instrument_records,,,threshold,,all sources,400,794,4000,5194,,,,,,,,,categorical — allowed values: 0.24430951635377451 (1); 0.24027337228429582 (1); 0.9021844381089397 (1); 0.13445529553506763 (1); 0.4514958099509217 (1),measured in the corpus
rec:instrument_records,,,threshold,,QuantStudio-format (.eds),0,0,5,5,0.13446,0.15562,0.24431,0.81205,0.90218,0.27385,0.13446,0.90218,measured on only 5 values: observed range,measured in the corpus
rec:instrument_records,,,automatic_threshold,,all sources,400,794,4000,5194,,,,,,,,,categorical — allowed values: true (5),measured in the corpus
rec:instrument_records,,,automatic_baseline,,all sources,400,794,4000,5194,,,,,,,,,categorical — allowed values: true (5),measured in the corpus
rec:instrument_records,,,baseline_start,,all sources,400,794,4000,5194,,,,,,,,,categorical — allowed values: 3 (5),measured in the corpus
rec:instrument_records,,,baseline_start,,QuantStudio-format (.eds),0,0,5,5,3.0,3.0,3.0,3.0,3.0,0.0,3.0,3.0,"measured, every value identical across 5 readings",measured in the corpus
rec:instrument_records,,,baseline_end,,all sources,400,794,4000,5194,,,,,,,,,categorical — allowed values: 15 (5),measured in the corpus
rec:instrument_records,,,baseline_end,,QuantStudio-format (.eds),0,0,5,5,15.0,15.0,15.0,15.0,15.0,0.0,15.0,15.0,"measured, every value identical across 5 readings",measured in the corpus
rec:instrument_records,,,confidence,,all sources,400,794,4000,5194,,,,,,,,,categorical — allowed values: 99 (5),measured in the corpus
rec:instrument_records,,,confidence,,QuantStudio-format (.eds),0,0,5,5,99.0,99.0,99.0,99.0,99.0,0.0,99.0,99.0,"measured, every value identical across 5 readings",measured in the corpus
rec:instrument_records,,,setting,,all sources,400,794,4000,5194,,,,,,,,,categorical — allowed values: SignalSmoothing (2); Algorithm (2); StepNum (2); StageNum (2); ObjectName (2); PointNum (2),measured in the corpus
rec:instrument_records,,,source,,all sources,400,794,4000,5194,,,,,,,,,categorical — allowed values: IDataSelectSettings (8); ISignalSmoothingSettings (2); IAlgorithmSelectSettings (2),measured in the corpus
rec:instrument_records,,,code,,all sources,400,794,4000,5194,,,,,,,,,categorical — allowed values: NHC (2); BPR (2); DRNMIN (2); FOS (2); CRTAMPLITUDE (2); CRTNOISE (2),measured in the corpus
rec:instrument_records,,,description,,all sources,400,794,4000,5194,,,,,,,,,categorical — allowed values: (meaning not documented in the file) (4); Amplification in negative control (2); Bad passive reference signal (2); Detection of minimum ΔRn (2); Fluorescence off-scale (2); High standard deviation in replicate group (2),measured in the corpus
rec:instrument_records,,,name_confirmed,,all sources,400,794,4000,5194,,,,,,,,,categorical — allowed values: inferred (32); yes (6),measured in the corpus
rec:instrument_records,,,criteria,,all sources,400,794,4000,5194,,,,,,,,,categorical — allowed values: true (18); LESS_THAN 35.0 (2); GREATER_THAN 0.6 (2); EQUAL_TO 0.2 (2); GREATER_THAN 0.5 (2); LESS_THAN 0.8 (2),measured in the corpus
rec:instrument_records,,,enabled,,all sources,400,794,4000,5194,,,,,,,,,categorical — allowed values: true (32); false (6),measured in the corpus
rec:instrument_records,,,auto_omit,,all sources,400,794,4000,5194,,,,,,,,,categorical — allowed values: false (38),measured in the corpus
rec:instrument_records,,,wells_flagged,,all sources,400,794,4000,5194,,,,,,,,,categorical — allowed values: A3 C3 D3 E3 F3 G3 H3 (1); B3 (1),measured in the corpus
rec:instrument_records,,,section,,all sources,400,794,4000,5194,,,,,,,,,categorical — allowed values: Sample Setup (2); Raw Data (2); Amplification Data (2); Multicomponent Data (2); Results (2); MeltCurve Data (2),measured in the corpus
rec:instrument_records,,,type,,all sources,400,794,4000,5194,,,,,,,,,categorical — allowed values: plate_setup (2); raw_spectra (2); amplification_data (2); multi_component (2); analysis_result (2); melt_curve (2),measured in the corpus
rec:instrument_records,,,omitted,,all sources,400,794,4000,5194,,,,,,,,,categorical — allowed values: true (10); false (4),measured in the corpus
rec:instrument_records,,,skip_empty_wells,,all sources,400,794,4000,5194,,,,,,,,,categorical — allowed values: true (14),measured in the corpus
rec:instrument_records,,,columns,,all sources,400,794,4000,5194,,,,,,,,,categorical — allowed values: Well | Well Position | Sample Name | Sample Color | Biogroup Name | Biogroup Color | Target Name | Target Color | Task | Reporter | Quencher | Quantity | Comments (2); Well | Well Position | Cycle | Filter 1 | Filter 2 | Filter 3 | Filter 4 | Filter 5 | Filter 6 | Filter 7 | Filter 8 (2); Well | Well Position | Reading | Temperature | Fluorescence | Derivative (2); Reagent Type | Reagent Name | Reagent Part Number | Reagent Lot Number | Reagent Expiration Date (2); Well | Cycle | Target Name | Rn | Delta Rn (1); Well | Well Position | Cycle | VIC | ABY | FAM | JUN | MUSTANG PURPLE (1),measured in the corpus
rec:instrument_records,,,well,,all sources,400,794,4000,5194,,,,,,,,,categorical — allowed values: A1 (5); A3 (5); A4 (5); A5 (5); A6 (5); A7 (5),measured in the corpus
rec:instrument_records,,,automatic,,all sources,400,794,4000,5194,,,,,,,,,categorical — allowed values: true (472),measured in the corpus
rec:instrument_records,,,start,,all sources,400,794,4000,5194,,,,,,,,,categorical — allowed values: 3 (472),measured in the corpus
rec:instrument_records,,,start,,QuantStudio-format (.eds),0,0,472,472,3.0,3.0,3.0,3.0,3.0,0.0,3.0,3.0,"measured, every value identical across 472 readings",measured in the corpus
rec:instrument_records,,,end,,all sources,400,794,4000,5194,,,,,,,,,categorical — allowed values: 12 (82); 16 (69); 20 (59); 18 (58); 21 (42); 17 (35),measured in the corpus
rec:instrument_records,,,end,,QuantStudio-format (.eds),0,0,472,472,3.0,8.1,17.0,24.0,39.0,5.52615,3.0,39.0,"measured: median ± 3 robust SD, widened to the 1st–99th percentile",measured in the corpus
rec:instrument_records,,,entry,,all sources,400,794,4000,5194,,,,,,,,,categorical — allowed values: apldbio/sds/Manifest.mf (2); apldbio/sds/analysis_protocol.xml (2); apldbio/sds/experiment.xml (2); apldbio/sds/plate_setup.ini (2); apldbio/sds/messages.log (2); apldbio/sds/calibrations/uniformity.ini (2),measured in the corpus
rec:instrument_records,,,bytes,,all sources,400,794,4000,5194,,,,,,,,,categorical — allowed values: 2057 (184); 2055 (144); 4125 (124); 4124 (108); 2059 (97); 2053 (96),measured in the corpus
rec:instrument_records,,,bytes,,QuantStudio-format (.eds),0,0,1282,1282,60.0,2051.0,4122.0,4222.0,1641503.0,70940.96906,60.0,1641503.0,"measured: median ± 3 robust SD, widened to the 1st–99th percentile",measured in the corpus
rec:instrument_records,,,compressed,,all sources,400,794,4000,5194,,,,,,,,,categorical — allowed values: 589 (96); 590 (92); 592 (88); 591 (72); 593 (65); 588 (60),measured in the corpus
rec:instrument_records,,,compressed,,QuantStudio-format (.eds),0,0,1282,1282,60.0,587.0,1725.0,1855.95,230238.0,11825.30101,60.0,230238.0,"measured: median ± 3 robust SD, widened to the 1st–99th percentile",measured in the corpus
rec:instrument_records,,,zip_date,,all sources,400,794,4000,5194,,,,,,,,,categorical — allowed values: 2026-09-16 21:11 (299); 2015-04-07 14:30 (48); 2015-04-07 14:18 (48); 2015-04-07 14:45 (48); 2015-04-07 14:41 (48); 2015-04-07 14:22 (48),measured in the corpus
rec:instrument_records,,,crc32,,all sources,400,794,4000,5194,,,,,,,,,categorical — allowed values: f095912a (1); 105fbad0 (1); ef17d1ce (1); 68f6336e (1); dafbbb00 (1); 5db0394e (1),measured in the corpus
rec:instrument_records,,,crc32,,QuantStudio-format (.eds),0,0,28,28,761139.0,6366389.45,59165728.5,4.234424999999991e+44,8.8183e+87,1.636472532469782e+87,0.0,100.0,"measured: median ± 3 robust SD, widened to the 1st–99th percentile",measured in the corpus
rec:instrument_records,,,crc_valid,,all sources,400,794,4000,5194,,,,,,,,,categorical — allowed values: yes (1282),measured in the corpus
rec:instrument_records,,,time,,all sources,400,794,4000,5194,,,,,,,,,categorical — allowed values: 2015-04-07 06:15:04 UTC+0 (3); 2015-04-07 06:15:05 UTC+0 (2); 2015-04-07 06:15:17 UTC+0 (2); 2015-04-07 06:15:59 UTC+0 (2); 2015-04-07 06:47:34 UTC+0 (2); 2015-04-07 06:48:11 UTC+0 (2),measured in the corpus
rec:instrument_records,,,event,,all sources,400,794,4000,5194,,,,,,,,,"categorical — allowed values: Starting ""ES251_S1F5_FRMP_L01R01_10uL_07Apr15_1415"" (1); Setting sample volume to 10.0 microlitres (1); Stage PRERUN (1); Stage 1 (1); Stage 2 (1); Stage POSTRun (1)",measured in the corpus
rec:instrument_records,,,minutes,,all sources,400,794,4000,5194,,,,,,,,,categorical — allowed values: 0.000 (1); 0.017 (1); 0.033 (1); 0.050 (1); 0.067 (1); 0.083 (1),measured in the corpus
rec:instrument_records,,,minutes,,QuantStudio-format (.eds),0,0,1988,1988,0.0,1.65595,16.5585,31.46105,33.117,9.56478,0.0,53.40185,"measured: median ± 3 robust SD, widened to the 1st–99th percentile",measured in the corpus
rec:instrument_records,,,sample_mean_C,,all sources,400,794,4000,5194,,,,,,,,,categorical — allowed values: 60 (500); 60.1 (91); 60.199999999999996 (59); 60.300000000000004 (46); 94.8 (24); 25 (20),measured in the corpus
rec:instrument_records,,,sample_mean_C,,QuantStudio-format (.eds),0,0,1988,1988,24.95,60.0,62.34167,94.46667,95.0,14.41971,25.0,94.921,"measured: median ± 3 robust SD, widened to the 1st–99th percentile",measured in the corpus
rec:instrument_records,,,cover_C,,all sources,400,794,4000,5194,,,,,,,,,categorical — allowed values: 105 (1451); 105.1 (303); 104.9 (142); 105.2 (58); 104.2 (7); 104.7 (5),measured in the corpus
rec:instrument_records,,,cover_C,,QuantStudio-format (.eds),0,0,1988,1988,104.1,104.9,105.0,105.1,105.3,0.09571,104.1,105.3,"measured, every value identical across 1988 readings",measured in the corpus
rec:instrument_records,,,heatsink_C,,all sources,400,794,4000,5194,,,,,,,,,categorical — allowed values: 45.7 (85); 45.8 (85); 46.3 (81); 45.9 (73); 46.2 (73); 44.1 (71),measured in the corpus
rec:instrument_records,,,heatsink_C,,QuantStudio-format (.eds),0,0,1988,1988,29.6,35.4,44.9,46.3,52.0,3.41294,30.287,48.90302,"measured: median ± 3 robust SD, widened to the 1st–99th percentile",measured in the corpus
rec:instrument_records,,,zone_spread_C,,all sources,400,794,4000,5194,,,,,,,,,categorical — allowed values: 0 (798); 0.5 (173); 0.29999999999999716 (140); 0.20000000000000284 (135); 0.10000000000000142 (124); 0.3999999999999915 (104),measured in the corpus
rec:instrument_records,,,zone_spread_C,,QuantStudio-format (.eds),0,0,1988,1988,0.0,0.0,0.1,0.6,1.1,0.22116,0.0,0.7,"measured: median ± 3 robust SD, widened to the 1st–99th percentile",measured in the corpus
rec:instrument_records,,,y_intercept,,all sources,400,794,4000,5194,,,,,,,,,categorical — allowed values: 40.362 (1),measured in the corpus
rec:instrument_records,,,r2,,all sources,400,794,4000,5194,,,,,,,,,categorical — allowed values: 0.9993 (1),measured in the corpus
rec:instrument_records,,,efficiency_percent_derived,,all sources,400,794,4000,5194,,,,,,,,,categorical — allowed values: 93.4523 (1),measured in the corpus
rec:instrument_records,,,unlabelled_field_4,,all sources,400,794,4000,5194,,,,,,,,,categorical — allowed values: 2549.1282 (1),measured in the corpus
rec:instrument_records,,,unlabelled_field_6,,all sources,400,794,4000,5194,,,,,,,,,categorical — allowed values: 0.010190594 (1),measured in the corpus
rec:instrument_records,,,points,,all sources,400,794,4000,5194,,,,,,,,,categorical — allowed values: 79 (1),measured in the corpus
rec:instrument_records,,,log10_quantity,,all sources,400,794,4000,5194,,,,,,,,,categorical — allowed values: 1 2 3 4 5 6 7 8 9 10 2 3 4 5 6 7 8 9 10 1 2 3 4 5 6 7 8 9 10 1 2 3 4 5 6 7 8 9 10 1 2 3 4 5 6 7 8 9 10 1 2 3 4 5 6 7 8 9 10 1 2 3 4 5 6 7 8 9 10 1 2 3 4 5 6 7 8 9 10 (1),measured in the corpus
rec:instrument_records,,,ct,,all sources,400,794,4000,5194,,,,,,,,,categorical — allowed values: 38.027767 33.055626 29.710485 26.331663 22.801188 19.42531 15.78561 12.356027 8.753391 5.889254 33.562523 29.729683 26.370232 22.8422 19.43457 15.832936 12.323047 8.772063 5.8986263 36.7062 33.223446 29.820162 26.313011 22.825987 19.439482 15.825923 12.377646 8.784971 5.873152 36.66052 33.493393 29.783691 26.3579 22.8494 19.434067 15.832307 12.291602 8.788462 5.885425 36.7401 33.315598 29.78007 26.331152 22.830906 19.439945 15.7491255 12.295048 8.773792 5.9041333 37.101425 33.51726 29.73546 26.376144 22.842058 19.429533 15.804478 12.336436 8.761336 5.8592725 37.04578 33.28414 29.774029 26.355852 22.810957 19.444698 15.773862 12.265434 8.770616 5.952176 37.93207 33.580696 29.899002 26.341074 22.852768 19.451548 15.764316 12.355268 8.753628 5.8696656 (1),measured in the corpus
rec:instrument_records,,,level,,all sources,400,794,4000,5194,,,,,,,,,categorical — allowed values: ,measured in the corpus
rec:instrument_records,,,message,,all sources,400,794,4000,5194,,,,,,,,,categorical — allowed values: ,measured in the corpus
