run,instrument,synthetic_date,bg_median|465-510,bg_median|533-580,chan_switch,cool_rate,cycle_sd,exposure|465-510,exposure|533-580,heat_rate,hold_temp|mean,hold_temp|n,hold_temp|sd,invalid_acq|bad,invalid_acq|n,lamp_drift|465-510,lamp_drift|533-580,lamp_ref|465-510,lamp_ref|533-580,overshoot,plateau_median|465-510,plateau_median|533-580,run_minutes,settling,templog_late|bad,templog_late|n,transition|60→72 °C,transition|72→40 °C,transition|72→95 °C,transition|95→60 °C
SYNTHETIC_ROCHE_A_0001,LC · ROCHE-DEMO-A,2024-01-01T09:00:00+00:00,2109.1216737139794,973.2553524557478,1039.115143736112,2.438712832671601,17.94280648332088,175.04039589656588,120.55378558676823,4.795760326879137,-0.45318538585001455,45,0.042186137962613446,0,90,-2.062737358059745,-1.4965434551216874,6936.13978363557,12053.098210181322,5.417152173967693,2132.55123207474,813.0446942578589,97.45183466364199,4.557871165396855,0,14159,2.4329836187140876,16.42037311978074,4.897269813810261,15.324825692892652
SYNTHETIC_ROCHE_A_0002,LC · ROCHE-DEMO-A,2024-01-05T09:00:00+00:00,1707.2907507307161,1397.3121752171126,1037.993568172859,2.4766159196055124,25.023480914625953,208.67261188854022,217.01396334303837,4.7770843305543735,-0.425419238538186,45,0.03940379295980745,0,90,-1.5881644262985257,-1.296827131750505,6956.285559692584,12090.721967414753,5.618833046399037,2563.3191729328846,1382.395277457781,97.56519479725789,4.569623739203815,0,14159,2.417125470966442,16.6457112028741,4.861414389629061,15.36869866592555
SYNTHETIC_ROCHE_A_0003,LC · ROCHE-DEMO-A,2024-01-09T09:00:00+00:00,1709.565905613092,1199.8811661303575,1037.6277397478932,2.3628983166136814,28.272932669111203,263.27134947455,214.2482889485069,4.81095775454948,-0.4565178025717873,45,0.040304947751040786,0,90,-1.3605773582983147,-1.0005826841684682,6846.859831915585,11920.498068132954,5.302520682289993,2634.980961940492,1523.205436634681,97.63459839503942,4.434647957791655,0,14159,2.446391498970041,16.014441236908322,4.890613448280809,15.264310464649753
SYNTHETIC_ROCHE_A_0004,LC · ROCHE-DEMO-A,2024-01-13T09:00:00+00:00,1638.0427443475226,1414.224548820273,1044.5804133545146,2.4470316870442845,23.978936837571062,213.21930083549788,222.34146492429645,4.758788053508993,-0.4278785086122737,45,0.038750775894081387,0,90,-2.064267516929701,-1.432937364044305,6954.786647101889,12075.82980136825,5.528288468412416,2291.903087043485,1586.9198448453901,97.60562442537365,4.64362732038648,0,14159,2.4567524541927317,16.764752455717158,4.880184248120395,15.352377329662293
SYNTHETIC_ROCHE_A_0005,LC · ROCHE-DEMO-A,2024-01-17T09:00:00+00:00,1517.210055651088,1708.6013332753791,1045.4948466252888,2.353609329635736,26.391069017775212,209.01593437178335,251.4602361680015,4.7963723254321105,-0.44191468700997466,45,0.038557536723864264,0,90,-2.070258710191404,-1.8259606770181238,6734.276830867876,11748.000225380882,5.273937689259394,2290.833653078712,1309.2964886889004,97.60622470877634,4.453833588092044,0,14159,2.439705900750072,16.10620995624923,4.896495401023451,15.293249585320353
SYNTHETIC_ROCHE_A_0006,LC · ROCHE-DEMO-A,2024-01-21T09:00:00+00:00,1797.154489961878,970.3342023797484,1039.8467194333339,2.4251666950426602,6.962260096504653,193.58324467852958,150.76490000036517,4.82286507245745,-0.4610657138544975,45,0.04232236910713424,0,90,-0.6001047866747262,-0.32240832877855113,7241.306580823835,12545.609199606377,5.4038221658040095,2930.357807169248,1644.306200329686,97.52072307751803,4.320216142892328,0,14159,2.4422838031378786,16.08092535960069,4.851537022822745,15.30131472580581
SYNTHETIC_ROCHE_A_0007,LC · ROCHE-DEMO-A,2024-01-25T09:00:00+00:00,1728.6730052158457,1558.9896068532894,1040.5069155445333,2.3632107476763746,40.7046041838247,268.01017833146545,266.81566585076126,4.784479471636336,-0.43860125296652064,45,0.03806445313512032,0,90,-1.6255589008537403,-1.400521870676,6695.49494558947,11681.726955068401,5.304020977281213,2662.0442862138166,1371.3882899033094,97.6625925750236,4.541771812913144,0,14159,2.4497391921256724,16.002095726870674,4.905127120307187,15.315027752549113
SYNTHETIC_ROCHE_A_0008,LC · ROCHE-DEMO-A,2024-01-29T09:00:00+00:00,1629.1128756041599,1499.3725379854382,1051.1955944355907,2.4376750788094435,38.28319593973276,329.74249436381683,318.535464327689,4.728801595192761,-0.4372603779241984,45,0.040906418230852164,0,90,-1.3063854990830002,-0.9733493375033,7182.2902547026315,12509.133185405912,5.3470501523374905,2552.5639350015463,1356.2070919297053,97.78866695492329,4.494233088598273,0,14159,2.4578974878004622,16.206197903230844,4.885710396883524,15.29098091485756
SYNTHETIC_ROCHE_A_0009,LC · ROCHE-DEMO-A,2024-02-02T09:00:00+00:00,1680.764271172307,1385.0359593108062,1035.6102993037453,2.416566498412347,26.463342513622962,313.3199664597296,305.40066990650337,4.791984030768827,-0.4406303615594142,45,0.04077989137010632,0,90,-1.323765143169417,-0.9741537840123237,7145.944737270624,12345.58301337599,5.334298900401332,2430.792017530541,1806.18266690657,97.75489767958815,4.488349009196345,0,14159,2.442638112370671,16.06107586919224,4.8418820721391125,15.302236787314172
SYNTHETIC_ROCHE_A_0010,LC · ROCHE-DEMO-A,2024-02-06T09:00:00+00:00,1822.3333254763252,1658.1648458689554,1039.174978447084,2.3585364567627423,32.40356489333459,276.6041902067927,298.7133642090446,4.800085592743369,-0.43984589596608975,45,0.036300840366078994,0,90,-1.2682771238490673,-0.9205347400009016,6813.43195321892,11873.95865147125,5.313347908334294,2627.685668730101,1407.1006282655173,97.72306701507998,4.456782197874975,0,14159,2.443539394598474,15.997792138721746,4.89630080219208,15.258367250471984
SYNTHETIC_ROCHE_A_0011,LC · ROCHE-DEMO-A,2024-02-10T09:00:00+00:00,1654.4409434182946,1304.3441146253513,1032.6963465444144,2.4193994644572863,37.74086985528966,234.35809724403256,202.42260750964954,4.822633639664851,-0.4324026952692509,45,0.036807253517871265,0,90,-1.531065043124117,-1.1417415286066628,6877.549444210889,11969.91860325,5.457405393228381,2541.4069250589923,1622.9184269167963,97.59110798179854,4.4517143485572666,0,14159,2.440512236216906,16.241357617807257,4.936914863195367,15.280110019583908
SYNTHETIC_ROCHE_A_0012,LC · ROCHE-DEMO-A,2024-02-14T09:00:00+00:00,1630.3782433431095,1332.0419350413044,1026.970557034249,2.4506100072998,22.468325672805292,285.7775998444298,265.9827259350045,4.759720251682116,-0.4173032245843382,45,0.03855840227341477,0,90,-1.891002082444956,-1.3067818309034727,7039.535259558761,12293.978087700025,5.535505442799974,2328.7537800010014,1476.759534154862,97.6729274846373,4.569249172862129,0,14159,2.442451120069942,16.891435953790968,4.896477909537399,15.365268106679668
SYNTHETIC_ROCHE_A_0013,LC · ROCHE-DEMO-A,2024-02-18T09:00:00+00:00,1658.2272553826688,1651.0865785596043,1028.9542173481314,2.4248938630634735,46.13111713677761,334.32570687454063,344.0516082176807,4.7464234795049585,-0.4344484956502783,45,0.03855192024404511,0,90,-1.2820167785559344,-0.9055668048791006,6925.344176720755,12057.789576501069,5.356385766816561,2861.586759238248,1793.9461805502608,97.77418608523244,4.318435551823103,0,14159,2.4277634096161345,16.235554870716285,4.88375377962995,15.31783659837432
SYNTHETIC_ROCHE_A_0014,LC · ROCHE-DEMO-A,2024-02-22T09:00:00+00:00,1502.7507758833342,1234.2334259327033,1031.7883626898292,2.384873571556716,18.62025567304051,228.97696804469243,237.77825704331667,4.780172819830514,-0.42593333323746596,45,0.03436589810878457,0,90,-1.620726983318948,-1.0609991252232056,6823.153933277405,11809.789410302068,5.462061191936281,1839.0833398956395,2083.0429214839037,97.62082056069488,4.567662440225292,0,14159,2.450159264459818,16.681735846970827,4.883511349598665,15.357167753184363
SYNTHETIC_ROCHE_A_0015,LC · ROCHE-DEMO-A,2024-02-26T09:00:00+00:00,1728.409950788713,2014.7148909226412,1037.434940033204,2.369210739039006,14.098700028938703,290.276481247248,347.5342502110733,4.768124029603423,-0.4178237441310042,45,0.03575268858443768,0,90,-1.1005324519471176,-0.8933478188044758,6354.230472665696,11178.556447759514,5.426585936399972,3041.5300037919224,2929.243786871551,97.7558394401151,4.522522068564594,0,14159,2.4642830059057586,16.616948470117432,4.87583296269947,15.342588788761567
SYNTHETIC_ROCHE_A_0016,LC · ROCHE-DEMO-A,2024-03-01T09:00:00+00:00,1598.9929981033772,1839.8987736268311,1031.8872053707655,2.391542055804913,46.36144112016033,366.12626791886396,377.71889232671094,4.722683279159138,-0.4137808758293622,45,0.03796984849832742,0,90,-1.1679813769464458,-0.9605513404608017,6756.501663987322,11841.348934317319,5.375695021585586,2464.4276775206604,1871.1887580917153,97.82608508533612,4.597012952973307,0,14159,2.461747798435597,16.387713943651693,4.884770903745632,15.337363213389285
SYNTHETIC_ROCHE_A_0017,LC · ROCHE-DEMO-A,2024-03-05T09:00:00+00:00,1508.185122458812,1536.2168710367534,1041.2538614502691,2.446812630197487,50.51576721097266,193.50321070977634,206.26403485130035,4.800424069436703,-0.4271837984459801,45,0.03929464177276095,0,90,-1.4864368664593823,-1.259301151702273,6683.061119663898,11698.26776089957,5.538824715305624,2059.212009760764,1344.9034005725684,97.54476717030646,4.697357475863817,0,14159,2.4448902603303195,16.87396730579938,4.86289447790894,15.380071031810509
SYNTHETIC_ROCHE_A_0018,LC · ROCHE-DEMO-A,2024-03-09T09:00:00+00:00,1827.106227663141,1248.219048254787,1038.3639172610972,2.4405657794198876,29.0688663084879,284.9377353184238,223.1350110570281,4.764962193066188,-0.433935218548714,45,0.038297313615452015,0,90,-1.8392297631513586,-1.1672454564825052,7079.158089974199,12264.661229385792,5.47659142279116,2772.4594767640424,1484.429540338229,97.67334932880605,4.657107722258938,0,14159,2.458072461417122,16.44881969372493,4.862509595121246,15.330565054457985
SYNTHETIC_ROCHE_A_0019,LC · ROCHE-DEMO-A,2024-03-13T09:00:00+00:00,1592.4278980066792,2177.708615162702,1038.614237943066,2.4386793593728733,20.713851804750973,352.2088353084548,463.73219804129053,4.715180974558617,-0.41811288369526073,45,0.03690503753965218,0,90,-1.5540660762061114,-1.350874739342422,6693.015226089505,11692.456830809817,5.4605066723394815,2418.4682879369543,2488.0742169319647,97.82975430719624,4.678282044067671,0,14159,2.4446330668919067,16.480611436393446,4.879461251829445,15.340982029945742
SYNTHETIC_ROCHE_A_0020,LC · ROCHE-DEMO-A,2024-03-17T09:00:00+00:00,1609.165172686144,1226.833707191615,1044.9332847188234,2.4367548467759694,12.451254218460221,194.38543431760067,193.9957098705495,4.788488955557261,-0.45022369732105694,45,0.042033612757556904,0,90,-1.1341110986155718,-0.8506147447169292,7100.2847807386615,12290.150498948273,5.470205169624967,2009.5200887303627,1283.1993840732466,97.56122263558271,4.611679919120645,0,14159,2.468354579284391,16.296796958585762,4.887167586693432,15.301310161908702
SYNTHETIC_ROCHE_A_0021,LC · ROCHE-DEMO-A,2024-03-21T09:00:00+00:00,1525.9073035108074,1500.2790700473788,1039.8143292015202,2.3745065370765737,22.31512939176776,230.7219321693504,246.12504885225525,4.798051037442425,-0.4295042356256649,45,0.037077734759462654,0,90,-1.330093699873883,-1.0247506523908683,6704.1284744716795,11686.710476654636,5.239559109181594,2551.4559158775764,1212.547136628204,97.64259835816142,4.532587317727428,0,14159,2.4496399943235416,16.259939536364843,4.949156240981422,15.28107112397608
SYNTHETIC_ROCHE_A_0022,LC · ROCHE-DEMO-A,2024-03-25T09:00:00+00:00,1641.3907630144006,1109.9908924827866,1037.6029170876973,2.400379380084011,31.579453942062102,160.61601898563194,137.5975715228057,4.792253463789435,-0.43704447638073207,45,0.03891353662187065,0,90,-1.4466023892507562,-1.1651932853486733,6615.559325527527,11547.551715109585,5.394251866015511,2388.539426412744,1192.2668783829747,97.44958532420188,4.446024994612522,0,14159,2.4381837878954156,16.551623245895964,4.861217378582727,15.35376459522913
SYNTHETIC_ROCHE_A_0023,LC · ROCHE-DEMO-A,2024-03-29T09:00:00+00:00,1566.1583888565526,1205.831405150512,1031.6212486913712,2.395623783071673,31.218302420009614,215.70917096305536,220.36392897182188,4.833158360109649,-0.4231638769590357,45,0.03987085108149592,0,90,-2.6275824714448928,-1.8060122999437416,6728.285566378444,11712.865936106797,5.446357692753058,2322.686243287159,1662.6392250795425,97.615507836541,4.337813118240987,0,14159,2.4237983385299464,16.40576402052063,4.88770720072017,15.328334382418333
SYNTHETIC_ROCHE_A_0024,LC · ROCHE-DEMO-A,2024-04-02T09:00:00+00:00,1898.1691472115297,1589.2178679226927,1041.262858110283,2.433118608074337,23.549962115846597,207.8745808194737,264.4809108735477,4.757202457828022,-0.4439515118686674,45,0.039325852864661545,0,90,-2.0919815789997154,-1.5208435156555604,6976.984530840828,12121.481162522827,5.2911154651413055,2118.631167611601,1435.881377794279,97.65406944860422,4.553185236835323,0,14159,2.4589388133400414,16.1335148747672,4.918740475680014,15.270759575944552
SYNTHETIC_ROCHE_A_0025,LC · ROCHE-DEMO-A,2024-04-06T09:00:00+00:00,1893.785960476878,1847.3358007468437,1038.1590694391264,2.4243461466014917,26.444569696346385,304.2619158006671,318.72142392342266,4.763602401846227,-0.43067495983489,45,0.03855938164999756,0,90,-0.8793634463013901,-0.6197834004200763,7021.395064500061,12234.78676738096,5.513862670940709,2607.998927677728,2130.947109499956,97.72427822445205,4.366647895020206,0,14159,2.449892424760918,16.366774724659315,4.886765070045109,15.317948085449384
SYNTHETIC_ROCHE_A_0026,LC · ROCHE-DEMO-A,2024-04-10T09:00:00+00:00,1649.4831042982325,2074.831405224033,1040.1152683378882,2.4018786288672747,46.987796336581695,332.485330714599,373.7043208272644,4.770642353401439,-0.43098231933705267,45,0.038509882087595954,0,90,-2.026867334785358,-1.449858116085751,6702.645522979334,11702.741326492474,5.337145728478795,3004.622007626971,2551.0802330440874,97.80026804749595,4.540814651026056,0,14159,2.455550724046645,16.341898612897182,4.895357800459314,15.32700079409219
SYNTHETIC_ROCHE_A_0027,LC · ROCHE-DEMO-A,2024-04-14T09:00:00+00:00,1448.0139304228674,1570.1420119634683,1033.0264679676934,2.412512400661799,32.39721895240037,209.11146990605098,247.78869937927755,4.7350770385018475,-0.4170242038879986,45,0.03765639288387661,0,90,-2.5540458448961143,-2.113088788346403,6701.90712500274,11655.6230349994,5.495977650299727,2070.153877900846,1229.92048931252,97.62130629560446,4.714056089811192,0,14159,2.452566000761409,16.65389342292087,4.914530057771222,15.368728766173586
SYNTHETIC_ROCHE_A_0028,LC · ROCHE-DEMO-A,2024-04-18T09:00:00+00:00,1693.1777084085354,1803.9430004870915,1038.3536820366946,2.3955119393348547,45.85198268044736,292.3475865633122,334.69942805923625,4.765756498697927,-0.42496490566793566,45,0.035731092312374216,0,90,-3.039168494384747,-2.6297675715547957,6883.280237830004,11966.482073349414,5.366841792494148,2217.476159241223,1628.3330395212115,97.74662457709104,4.674762006326006,0,14159,2.457714682258954,16.400999249330624,4.92196544754785,15.288341214999758
SYNTHETIC_ROCHE_A_0029,LC · ROCHE-DEMO-A,2024-04-22T09:00:00+00:00,1531.7044246612852,1064.781984463613,1042.1280013898051,2.374221973442345,61.19095414685363,304.3590384465023,241.24093198429898,4.8007114998909985,-0.4311150771965558,45,0.03893372551105656,0,90,-2.045627453565896,-1.5744189553837433,6739.797802353388,11749.194909681324,5.352087859388769,1966.7033837251072,1194.4312378778966,97.66228408422802,4.595240252204011,0,14159,2.4497134787406387,16.434768066190145,4.931832695012679,15.327044849418332
SYNTHETIC_ROCHE_A_0030,LC · ROCHE-DEMO-A,2024-04-26T09:00:00+00:00,1737.2934784147305,785.9829242051286,1039.9812616883773,2.4032588172995126,23.978450519609943,247.5102608933358,147.4556446391177,4.807587322530949,-0.44069838711158243,45,0.0378883109160195,0,90,-1.2998128796428428,-0.986059822428466,7209.853365996222,12421.134426956909,5.486891310872539,2545.7288886376,1231.783751400801,97.54294242853369,4.583997071838321,0,14159,2.435836266846696,16.47618731493998,4.852847552579194,15.34523490079118
SYNTHETIC_ROCHE_A_0031,LC · ROCHE-DEMO-A,2024-04-30T09:00:00+00:00,1622.691853259458,1278.5630153637567,1037.2472944704084,2.404342567244323,37.09676821053385,276.3679342681836,250.38538391312443,4.789262477554134,-0.4205278492670616,45,0.03712889526710294,0,90,-1.950013493012663,-1.5393593431803443,6810.513257359728,11879.379814574839,5.424784390221939,2254.2379168650027,2242.347039337151,97.65512048253305,4.606554605468934,0,14159,2.4408093864088594,16.335538144090656,4.892628853315703,15.305561260326584
SYNTHETIC_ROCHE_A_0032,LC · ROCHE-DEMO-A,2024-05-04T09:00:00+00:00,1696.974224410242,1672.735526442589,1041.2815671983478,2.3333941400244362,33.044006371548875,285.10095845321484,269.9089418651772,4.777987754125916,-0.43860842084432383,45,0.0386905441116471,0,90,-1.7293239940348415,-1.3937011604881648,6871.616329936376,11939.680583944735,5.297049357292107,3106.328453283238,1474.6461480699015,97.68286488160366,4.609097047265261,0,14159,2.4357867454365967,16.343233801522782,4.922755142307184,15.257081500914655
SYNTHETIC_ROCHE_A_0033,LC · ROCHE-DEMO-A,2024-05-08T09:00:00+00:00,1823.0086051948617,1958.973775017976,1038.5297899786476,2.3665037100277964,13.344458160796105,354.56170713848917,375.39545713601865,4.782631388892146,-0.4370613019356209,45,0.04045192381775032,0,90,-3.033212981694235,-1.874488682723685,7034.516004485554,12194.964899897732,5.338622072920789,2639.7966982068615,1258.8651302111837,97.86483444730759,4.304821835767239,0,14159,2.422226404083643,16.36061825118689,4.935515109266027,15.266134110042561
SYNTHETIC_ROCHE_A_0034,LC · ROCHE-DEMO-A,2024-05-12T09:00:00+00:00,1906.8210589227926,1714.9210330949907,1035.2684106907334,2.3879982855448345,30.259843598963116,268.8975033950411,316.59228612325194,4.791855701429397,-0.4376177454168994,45,0.03703484971397698,0,90,-3.1533938111225153,-2.194146597712562,7060.451513955119,12204.82072911505,5.335637535261645,2627.593167836415,2170.1503658380716,97.72037240320932,4.388502696467067,0,14159,2.4408553183655872,16.207599308970387,4.908268652426429,15.263992349830094
SYNTHETIC_ROCHE_A_0035,LC · ROCHE-DEMO-A,2024-05-16T09:00:00+00:00,2023.045839186884,1381.2121554702,1044.0410559060188,2.4442960087324,27.913717174105912,230.1518482076739,235.36826844893602,4.755918472625596,-0.4748546289316615,45,0.04346704352872036,0,90,-1.9619938992789805,-1.3911470003828885,7455.792653675713,12819.810637659028,5.3114380262914525,2537.950330074453,1618.6680722829083,97.64275460211883,4.6420157502465536,0,14159,2.4528208942542156,15.802330376296972,4.88706004345157,15.227453749387642
SYNTHETIC_ROCHE_A_0036,LC · ROCHE-DEMO-A,2024-05-20T09:00:00+00:00,1714.718699160336,1362.1092722533947,1040.8235077174897,2.3767777524854665,28.522369056772625,253.9927762911236,249.93677375150892,4.782049116071121,-0.4544582829555067,45,0.04107881761981969,0,90,-2.117851871589694,-1.5308810522873237,6900.142733910442,11972.427996674485,5.255616525599216,2386.6647611881544,1089.2039363659715,97.6702442510905,4.618869375453976,0,14159,2.43694620469547,15.845610210811007,4.90747590711072,15.243518952617144
SYNTHETIC_ROCHE_A_0037,LC · ROCHE-DEMO-A,2024-05-24T09:00:00+00:00,1603.3242060578586,1497.0326494187616,1040.6864335807868,2.3656421602439455,18.373842008756817,259.5109042673706,273.17705434075407,4.819106363446595,-0.4187786455546414,45,0.03549082025812817,0,90,-1.809173151259693,-1.346446374775913,6596.609048167479,11539.501567979878,5.398205287302267,2436.5707456307764,1665.8271336755338,97.66429925366855,4.340324306922545,0,14159,2.431044187299779,16.66262313954194,4.886563508129834,15.353406957668707
SYNTHETIC_ROCHE_A_0038,LC · ROCHE-DEMO-A,2024-05-28T09:00:00+00:00,1603.7610360347935,2429.8537061987377,1036.7772265964688,2.3600686498988015,22.104722925036977,302.08111905085383,422.1125602261926,4.770852584959173,-0.41226209872404374,45,0.036967836507354156,0,90,-1.6293183262925446,-1.401130704655211,6252.623979317095,10987.957557878755,5.403501272083966,2491.9107324740667,2372.4225288001867,97.78372458393099,4.3772379789295,0,14159,2.4690636074259333,16.49228830152142,4.898546127297971,15.365698172087779
SYNTHETIC_ROCHE_A_0039,LC · ROCHE-DEMO-A,2024-06-01T09:00:00+00:00,1648.32521947301,1645.527362256679,1030.8738981655088,2.457980503553505,51.140465723084496,329.87787652661444,349.35277247645075,4.732862234174113,-0.4146659083495203,45,0.035358685177039974,0,90,-1.9114361926469585,-1.451802635028955,6774.226782800988,11845.21177768967,5.389334778730869,2602.20254744853,1441.5965483277967,97.79056173885122,4.304272803648683,0,14159,2.4396959165938834,16.37098383031814,4.926312072971463,15.312666255946617
SYNTHETIC_ROCHE_A_0040,LC · ROCHE-DEMO-A,2024-06-05T09:00:00+00:00,1359.8659402263745,1706.9370491209786,1040.2390360329557,2.3877862729807022,38.76868735997281,300.0728890411876,317.93985116572117,4.728841737256504,-0.43021979443418745,45,0.037339554269756464,0,90,-2.1029331439624803,-1.5997541362450276,6574.203867463656,11465.556428749453,5.220525469230405,1997.54785045955,2140.9436554434155,97.74282019746944,4.4738680266053885,0,14159,2.458540344768958,16.41948617729332,4.911897553906308,15.30575650358574
SYNTHETIC_ROCHE_A_0041,LC · ROCHE-DEMO-A,2024-06-09T09:00:00+00:00,1721.2869076312427,1929.5551613837908,1045.973771988862,2.412006130128561,32.330393033278156,327.9293892859166,367.1231272273148,4.749701324772411,-0.43425549856836554,45,0.03930289506769013,0,90,-1.8144286031004384,-1.6366393134386872,6619.643383156573,11513.658072754426,5.281210073268952,2343.0046946000502,2119.7139739315066,97.78980831600934,4.357430073438885,0,14159,2.4516438002232097,15.964718670205396,4.929614749202524,15.273853300971066
SYNTHETIC_ROCHE_A_0042,LC · ROCHE-DEMO-A,2024-06-13T09:00:00+00:00,1495.276978879312,1632.1576643086544,1034.7259971018357,2.443241383723644,24.414385842178024,263.48156957159017,307.95579821065894,4.7918135339401955,-0.43475188744994936,45,0.039105028916984065,0,90,-1.7093741090016916,-1.3805294193236883,6712.3793264187525,11701.321996642295,5.440303953158389,2421.757581196465,2471.6029381335316,97.70851165347456,4.319832095557851,0,14159,2.439396941821346,16.19789119144771,4.897236565697763,15.314810045727125
SYNTHETIC_ROCHE_A_0043,LC · ROCHE-DEMO-A,2024-06-17T09:00:00+00:00,1639.527701800772,1162.0357270717452,1046.3410680707057,2.3798590395640127,38.85939237720388,338.43626996762697,268.93344097633184,4.761540448543996,-0.4048721997675654,45,0.03633646987964787,0,90,-0.6278852516597764,-0.49256319901063605,6833.746962012305,11980.160292350647,5.473452534949998,2221.6739246214283,1808.8986574325095,97.70135838316617,4.367956903897145,0,14159,2.4408774943522085,16.677260873563128,4.874943998254444,15.402065506062826
SYNTHETIC_ROCHE_A_0044,LC · ROCHE-DEMO-A,2024-06-21T09:00:00+00:00,1517.342167444225,1415.285506069651,1044.9701327481225,2.46068566022331,23.01693710980475,262.2483696679622,253.62805263460828,4.7569143540829115,-0.43333706664011606,45,0.036446743368688216,0,90,-2.3056861889803932,-1.6605186683676916,7032.582492495401,12225.53765836503,5.389590552713301,2472.2782331655553,1448.4232548993823,97.67816923094689,4.569180731250647,0,14159,2.4524418998358755,16.518623684183552,4.882862578783929,15.339992950411506
SYNTHETIC_ROCHE_A_0045,LC · ROCHE-DEMO-A,2024-06-25T09:00:00+00:00,1562.0004774902118,1998.6704618984345,1042.8558906898259,2.420866806205894,48.24883830520029,314.5209691228663,404.72283283548836,4.768573398490839,-0.409225722905301,45,0.036324371605395936,0,90,-1.3703204024657287,-1.1572084892959147,6654.293115870786,11623.870160396124,5.434806435020502,2190.6401213933595,2138.9417488434615,97.82680517789133,4.25316409520833,0,14159,2.4547186640411707,16.342363921473144,4.882591549814677,15.338182214257998
SYNTHETIC_ROCHE_A_0046,LC · ROCHE-DEMO-A,2024-06-29T09:00:00+00:00,1915.2381700647331,1542.9746177602312,1027.878158497101,2.3434713606033375,24.378374634440764,344.9436075913465,282.7055408407354,4.80160960696995,-0.4411432854767928,45,0.040685534091932124,0,90,-1.743544547640173,-1.2032825008167007,6909.49111746942,12005.158943415148,5.426016994774934,2614.8786555392558,1391.2617074847092,97.76598466383788,4.421624666773736,0,14159,2.4455057334086336,16.124569234524483,4.886203036024793,15.288854261392636
SYNTHETIC_ROCHE_A_0047,LC · ROCHE-DEMO-A,2024-07-03T09:00:00+00:00,1897.917629774568,1147.1083199604655,1037.5698138691564,2.4173764404716365,43.867566966530845,297.50991324627444,211.52773583068992,4.815810790492327,-0.45073600596076857,45,0.038033556154140995,0,90,-1.7331827461848581,-1.220921154757139,7013.482381336315,12136.229473325031,5.388567549514552,2914.6868253225775,1465.6230298988687,97.64000232194488,4.4368424908480755,0,14159,2.4428711856670877,16.08290721420087,4.911187814961133,15.270285082335246
SYNTHETIC_ROCHE_A_0048,LC · ROCHE-DEMO-A,2024-07-07T09:00:00+00:00,1649.1877160463162,1567.1762509230373,1037.1936019211812,2.438958773231445,20.794637126226306,237.0164431990975,267.38000880123656,4.737034031403709,-0.43455520207294446,45,0.039189846991474125,0,90,-1.6085681799161247,-1.131479765124085,6958.22300704178,12037.851648688798,5.390120028605935,2014.6725023040253,1049.5112717647833,97.66007072803559,4.505882726244225,0,14159,2.4480206964396864,16.39385333736905,4.929702452351032,15.295368009195872
SYNTHETIC_ROCHE_A_0049,LC · ROCHE-DEMO-A,2024-07-11T09:00:00+00:00,1560.784644396191,1395.7202508168473,1027.8835827127575,2.43777788792076,23.135442712254388,218.5636233713032,242.33856028388894,4.763535452437325,-0.4341862125094861,45,0.038308597551880555,0,90,-2.207583275929652,-1.5565754141653827,7106.515328671794,12272.976713865033,5.475895339861823,2160.824940016547,1244.4906741909072,97.63485131332816,4.5560916445413,0,14159,2.43199331828633,16.275845807169397,4.913818450158532,15.272769631711316
SYNTHETIC_ROCHE_A_0050,LC · ROCHE-DEMO-A,2024-07-15T09:00:00+00:00,1837.0141018063396,1361.1895548794585,1031.0697639384446,2.3871937864103665,20.44442656667356,339.419378703818,264.68420656542196,4.801239187990621,-0.44954443342211087,45,0.042426260729958004,0,90,-1.8634316246813807,-1.3121163361455341,7079.438286172983,12255.733697805987,5.271816744103887,2843.805332495563,1439.6274149011076,97.7370114604606,4.255118467650885,0,14159,2.4239777329896617,15.880158808073244,4.924565552399877,15.230826703592552
SYNTHETIC_ROCHE_A_0051,LC · ROCHE-DEMO-A,2024-07-19T09:00:00+00:00,1805.6411987624288,2003.535679735751,1039.766222132244,2.4178211383420307,64.78432467898685,252.40657388268082,311.86669590916415,4.7640452846347126,-0.42520768690955035,45,0.03627946047548793,0,90,-1.437040972285604,-1.0343755346101127,6753.746401813027,11758.639975128643,5.43012814541216,2255.029478670048,1951.7798337485456,97.691785117067,4.580649169032377,0,14159,2.4640993461011935,16.661725269457893,4.907557519359802,15.349998868831776
SYNTHETIC_ROCHE_A_0052,LC · ROCHE-DEMO-A,2024-07-23T09:00:00+00:00,1578.2068769765433,1717.0048799650936,1034.3397926369216,2.4329509058395677,34.92423600652663,182.09493621385997,256.2454568060589,4.782558499993728,-0.4286040814218263,45,0.03742587122291093,0,90,-2.2754243909865277,-1.7332844876864415,6602.333037759413,11507.242002024817,5.3568884021759,1906.3224407503621,1723.3693405686276,97.60486805792463,4.34868415033095,0,14159,2.4366836722639094,16.391596622840712,4.895866036846178,15.317715170087627
SYNTHETIC_ROCHE_A_0053,LC · ROCHE-DEMO-A,2024-07-27T09:00:00+00:00,1677.4116316062925,2107.5153664716236,1039.4864208985325,2.4527233096982965,57.75199981750132,350.67457305915985,419.0750089853383,4.710570523126336,-0.4084699035611943,45,0.03598723724225025,0,90,-1.566847483768618,-1.419570532239308,6951.769743776787,12112.834733545735,5.510913038599468,2589.9606095572167,2018.614297013912,97.80662374413708,4.607921493972279,0,14159,2.463654444685755,16.880708440959857,4.903923607786094,15.372808949777081
SYNTHETIC_ROCHE_A_0054,LC · ROCHE-DEMO-A,2024-07-31T09:00:00+00:00,1730.4011499104236,1272.4545970312993,1039.2741210126105,2.4464594643119515,19.976889060141062,255.56159572928846,238.17798450959987,4.739996678759013,-0.4480173930522991,45,0.041920179764188964,0,90,-1.3226187614943452,-0.9560982283031791,7672.067920492449,13146.787322585446,5.43048903303851,2321.851188477387,1090.0715776536267,97.6719268136773,4.5506547509115745,0,14159,2.454290984176021,16.37270155200198,4.85696184638188,15.323515372283957
SYNTHETIC_ROCHE_A_0055,LC · ROCHE-DEMO-A,2024-08-04T09:00:00+00:00,1726.0661653845316,1096.2989623837518,1029.8074434113266,2.3577520821106797,11.350558644248286,255.28304087882873,202.03494533798832,4.792014835416283,-0.4419913558823839,45,0.041481738635119045,0,90,-1.385784988787926,-0.9700410216521762,6885.211737785194,12010.606002609768,5.369447943026192,2671.6109733909184,1692.9063333632218,97.59830579245796,4.5975941434029926,0,14159,2.435195201232957,16.320146517016234,4.8853806020159904,15.29965979045965
SYNTHETIC_ROCHE_A_0056,LC · ROCHE-DEMO-A,2024-08-08T09:00:00+00:00,1759.4590650096077,1506.640403713538,1041.2648835450125,2.3927707658652344,38.09573727726547,350.25259733196407,334.6995435290988,4.756767841194754,-0.4029771900629101,45,0.032537222609122396,0,90,-0.8966051479262979,-0.6308649003044755,6781.722411023919,11853.446628043166,5.497613134988914,3046.1669491272855,2302.037868470835,97.78242934021891,4.356228398336567,0,14159,2.456456560601817,16.542467025288605,4.907352900396724,15.332566410199892
SYNTHETIC_ROCHE_A_0057,LC · ROCHE-DEMO-A,2024-08-12T09:00:00+00:00,1563.0906651674325,1233.816641848056,1039.3280925103238,2.4528437100956904,34.938244605989965,223.41526808294125,201.8191703075244,4.757543419706304,-0.413188540870361,45,0.03540876385553243,0,90,-2.154911646656646,-1.7725295760047892,7000.992890751432,12130.630938264525,5.537838753388797,2153.412177849731,1229.7586100996261,97.59128891864434,4.635265896947363,0,14159,2.447310299703821,16.672498429715944,4.8501673707861555,15.3760151608483
SYNTHETIC_ROCHE_A_0058,LC · ROCHE-DEMO-A,2024-08-16T09:00:00+00:00,1619.4603549688647,1419.3217524619824,1040.2491065202048,2.3920940958264962,11.171368719912133,328.5184890767754,311.8840254548198,4.7969689329903344,-0.43535435138855705,45,0.037939635270811865,0,90,-1.3675642864193622,-0.9841663401873704,6922.708424511985,12001.290202762613,5.284713760755645,2705.1607137261276,1512.3053955794987,97.77020063823922,4.270503485410116,0,14159,2.4414787962201756,16.20044152536099,4.889405103495018,15.309372803882283
SYNTHETIC_ROCHE_A_0059,LC · ROCHE-DEMO-A,2024-08-20T09:00:00+00:00,1782.7186684944845,1300.6115809393411,1040.5418768075695,2.3058708539576918,16.961727777157016,288.8252098319887,277.8966076741316,4.836167782106393,-0.46364873207734614,45,0.038674109537766566,0,90,-1.5989428026093995,-1.0773320725007827,6761.825280745928,11722.883111531624,5.206851257878163,2834.887518186302,2176.383520785134,97.74382122290436,4.330663368944658,0,14159,2.4368726920156125,15.60328643521579,4.8994248145701755,15.223989559458648
SYNTHETIC_ROCHE_A_0060,LC · ROCHE-DEMO-A,2024-08-24T09:00:00+00:00,1725.7977064377753,1478.1397303205554,1032.4922531015184,2.3576035845739054,47.9534869354593,291.485787491402,250.1812428047095,4.7671109498753825,-0.4301396943329064,45,0.041739355436580874,0,90,-2.6675397001363974,-2.079887039644123,6873.794843705278,11943.785343356318,5.291102390727417,2547.506615486406,1157.6094064935692,97.66945985419913,4.4769313102561314,0,14159,2.4416726067146093,16.193630375598488,4.913192877639757,15.306760735815903
SYNTHETIC_ROCHE_A_0061,LC · ROCHE-DEMO-A,2024-08-28T09:00:00+00:00,1678.184068885332,2198.571372120888,1039.4280953931261,2.3875805369778487,21.01784362241841,220.37588717865262,335.41391837968706,4.784622050191985,-0.424488223788077,45,0.035907509985185916,0,90,-2.1155223433845265,-1.741377297212348,6349.303909871403,11117.746125838958,5.39383712074216,2498.613744693897,2458.5476807418368,97.6935826558985,4.587095205840939,0,14159,2.441790525504327,16.34659541233936,4.928059424223692,15.304062239303207
SYNTHETIC_ROCHE_A_0062,LC · ROCHE-DEMO-A,2024-09-01T09:00:00+00:00,1457.2922633695382,1521.1110268165246,1038.9851732656152,2.385853226693679,28.385894710157633,193.24286155273523,212.18146127619752,4.774632909644047,-0.41820006565503665,45,0.03590685589361853,0,90,-2.927678649507922,-2.4735650871669965,6414.457951181544,11278.257425751899,5.4227344071451355,2128.2551217370437,1454.3147470836893,97.57868848814611,4.594382031235004,0,14159,2.4488964552543946,16.56537249018452,4.880663723844162,15.355442494266079
SYNTHETIC_ROCHE_A_0063,LC · ROCHE-DEMO-A,2024-09-05T09:00:00+00:00,1699.6981231861043,1043.3200755688774,1044.8008667866372,2.427918050869507,28.687364170992822,257.6030432805738,207.05235347525723,4.7655372465003385,-0.4467717838669452,45,0.041557985449164066,0,90,-1.5466784372006983,-1.0999025568335674,7207.5730376946,12451.353569778776,5.416495371608077,2084.587976506494,1183.3692706524344,97.61880381163492,4.326778877233043,0,14159,2.454459241714078,16.162004416558922,4.876402857628393,15.304178257016492
SYNTHETIC_ROCHE_A_0064,LC · ROCHE-DEMO-A,2024-09-09T09:00:00+00:00,1477.8586577783192,2299.950538800433,1045.2830890951207,2.5077885671800177,75.74803883470655,354.541047343416,501.5510128612154,4.775271837514652,-0.40627662828019356,45,0.03552974146147295,0,90,-2.8058965357599415,-2.247030862944382,6800.493214850074,11864.150161125366,5.542571026138215,2373.043959078411,3338.931531498641,97.8791417489377,4.43304073182194,0,14159,2.445939131902351,16.83370597083043,4.861392005150258,15.371368360857872
SYNTHETIC_ROCHE_A_0065,LC · ROCHE-DEMO-A,2024-09-13T09:00:00+00:00,1604.0854806994653,1184.8249775155841,1043.3239940752264,2.4625627053807744,30.546643169251364,248.68368984242105,204.5413480844512,4.763954158848654,-0.4198966194452233,45,0.0382839496110384,0,90,-1.4752614309457341,-1.0786454657118003,6867.270244951083,11968.845812196665,5.3995407042470696,2169.401309688869,1568.6506262684693,97.63665687162681,4.460064721615254,0,14159,2.4707185463411245,16.886140179620035,4.838516313229105,15.417330025350854
SYNTHETIC_ROCHE_A_0066,LC · ROCHE-DEMO-A,2024-09-17T09:00:00+00:00,1697.3196257856084,1974.3947081984727,1041.0428029786997,2.4118135023393465,26.131355230527692,252.2294472619177,309.2329811365533,4.769913453932375,-0.43656223985276205,45,0.03526945659806503,0,90,-1.8569076688540052,-1.4493399018850124,6609.819491628021,11556.142013713288,5.345220712874359,2732.684532361747,1553.3099662971272,97.70403409126233,4.538822821851899,0,14159,2.4464936916097013,16.09679446859854,4.8966579500939185,15.303809197337916
SYNTHETIC_ROCHE_A_0067,LC · ROCHE-DEMO-A,2024-09-21T09:00:00+00:00,1448.090984845039,1765.2120637036733,1048.9155952214335,2.4110256361549736,28.442631368942255,215.3764565594749,289.6427924794523,4.748390973701809,-0.4201256880838993,45,0.035571210982467204,0,90,-2.0674196845192365,-1.7534160259503337,6548.364071768285,11466.805721773722,5.421936552946366,2306.911346503046,1443.3420358978392,97.65320193767053,4.609294442429139,0,14159,2.4530787988059166,16.445409456570804,4.877176149963956,15.328656622316494
SYNTHETIC_ROCHE_A_0068,LC · ROCHE-DEMO-A,2024-09-25T09:00:00+00:00,1699.864835752077,1574.2592214968038,1035.5049162132711,2.3571330964242394,22.551361406867546,229.72640249142998,274.1798317890385,4.787934233476505,-0.44971638828903365,45,0.041192769619395796,0,90,-2.0382891316074527,-1.632899903557386,6884.3193725611245,11958.795323097367,5.241944903973577,2145.624727302385,1268.9599701631919,97.67570752129456,4.438135858244496,0,14159,2.4358715277991427,16.052847521348667,4.902948690562643,15.281725672718842
SYNTHETIC_ROCHE_A_0069,LC · ROCHE-DEMO-A,2024-09-29T09:00:00+00:00,1469.2161391009308,1447.6924486705573,1038.6319661277116,2.3943559132587295,65.80195730243366,260.6385604838594,307.41629173336844,4.759397501480248,-0.41094149203134595,45,0.03379989480172505,0,90,-2.2145691478944727,-1.7347144764106692,6767.666439716976,11789.618841850011,5.460727719012789,2046.7549735336447,1728.9867874396336,97.71492539009827,4.408618815465268,0,14159,2.437375512845079,16.644368755214224,4.899136602425133,15.36739484247143
SYNTHETIC_ROCHE_A_0070,LC · ROCHE-DEMO-A,2024-10-03T09:00:00+00:00,1645.6543344173833,1483.1371415592737,1028.350284300683,2.4033849684660225,38.57268366929016,256.22529031964666,275.6845214058609,4.783949123371102,-0.42801659895976996,45,0.03887133717701466,0,90,-1.0301910828163687,-0.72643243481155,6784.827535667405,11817.382232884363,5.3859936314586045,2336.642889985399,1587.8221338394953,97.66716243600608,4.46878408925467,0,14159,2.4532673575831914,16.410697717770386,4.958464409678502,15.295267619684061
SYNTHETIC_ROCHE_A_0071,LC · ROCHE-DEMO-A,2024-10-07T09:00:00+00:00,1558.1490260059684,1465.2256963422533,1040.0002426155568,2.390051762312575,25.13379766410976,209.32225924110733,219.783034289,4.773312943505484,-0.43065180117446783,45,0.03929089323187329,0,90,-1.7183795257864034,-1.1457841957112473,6671.308973934328,11613.915670254044,5.493065770295496,2167.202756897284,1578.2565524523536,97.57911709404758,4.584761785862528,0,14159,2.435551264805486,16.716798492719406,4.879253144100701,15.366057462299281
SYNTHETIC_ROCHE_A_0072,LC · ROCHE-DEMO-A,2024-10-11T09:00:00+00:00,1585.7311096798794,1638.2113110845182,1034.2566713780109,2.4574112182407712,25.573325528611985,296.7721391905891,288.8297014558581,4.751419001382098,-0.42364672453756563,45,0.04000506642795609,0,90,-1.65581951402001,-1.3363979952011233,7056.5176530851,12311.742792434581,5.505036362665314,2555.4802684420843,1944.8342156937856,97.71384117370928,4.498349246349261,0,14159,2.4490410084466068,16.58317524857694,4.875799238462891,15.364446649171189
SYNTHETIC_ROCHE_A_0073,LC · ROCHE-DEMO-A,2024-10-15T09:00:00+00:00,1554.0142228966522,1476.4612830193794,1034.4214001217176,2.409305068655983,79.48751286865631,258.4451655525689,239.9827076944465,4.7477980430024935,-0.4077177145736361,45,0.03355543926573954,0,90,-2.295031340884904,-1.8967165461727995,6398.888171432276,11167.2906007759,5.3756839391701625,2173.543230961275,1898.3055108257365,97.64905310183956,4.588649469913526,0,14159,2.452257156477907,16.634648293281135,4.909478210303044,15.36626959455305
SYNTHETIC_ROCHE_A_0074,LC · ROCHE-DEMO-A,2024-10-19T09:00:00+00:00,1721.4615505950064,2048.569178357585,1033.5889235806465,2.449185034808497,84.79991529162265,291.5195231084804,365.4778985317275,4.781989451161294,-0.4237924283466814,45,0.038650632067612566,0,90,-2.2256868254404245,-1.578348413608232,6937.342988106848,12038.397730304452,5.421551085971657,2568.1216517853645,1910.617725126073,97.79283128660188,4.472923663154875,0,14159,2.4582786423133407,16.353996635930546,4.88346216905979,15.348200954848508
SYNTHETIC_ROCHE_A_0075,LC · ROCHE-DEMO-A,2024-10-23T09:00:00+00:00,1545.0778930104457,1603.11824280791,1044.952028081406,2.3535366325196683,22.330519034104004,369.1066405768537,306.62835803562905,4.77045228610445,-0.4256337165762883,45,0.03763036541961716,0,90,-1.0780580474158301,-0.8117192080503641,6290.490242120029,11044.550147638394,5.285585277543094,2687.1144272566503,2057.1620644490886,97.74373010690663,4.44676289521084,0,14159,2.4356333098916982,16.286641131499156,4.920532802846195,15.289403069836865
SYNTHETIC_ROCHE_A_0076,LC · ROCHE-DEMO-A,2024-10-27T09:00:00+00:00,1990.7005516748616,1427.870408949175,1050.5616498879876,2.434952225371528,21.481120100108807,166.4393486107976,174.82718412132044,4.77722736719948,-0.43201775742651083,45,0.03561140676068193,0,90,-2.2636972173073477,-1.668278365672586,7398.089962429889,12749.179794354619,5.466116197707482,2112.6171988886763,985.1021992391114,97.54751996502682,4.5432624537956965,0,14159,2.461180652828166,16.677115919634574,4.865479032998661,15.370456514960505
SYNTHETIC_ROCHE_A_0077,LC · ROCHE-DEMO-A,2024-10-31T09:00:00+00:00,1699.9057486964005,1384.1830059096203,1043.9897381878336,2.3164276316596104,17.34609237540417,329.51244720111663,260.0504685632671,4.809945082663429,-0.43191846235442743,45,0.03896742594491274,0,90,-2.0800170978499875,-1.4700647191750549,6770.517772317435,11765.329740606814,5.331945762018869,2849.3744594155614,1528.0878756558814,97.6881227126778,4.2891702194205115,0,14159,2.424989911038411,16.35830486589112,4.90505632974825,15.294807163605128
SYNTHETIC_ROCHE_A_0078,LC · ROCHE-DEMO-A,2024-11-04T09:00:00+00:00,1785.925298274396,1482.4871731342625,1041.3823878833284,2.3917747562589735,36.07010241803138,252.74942381081635,236.73453931615936,4.782749213978164,-0.43298082441982805,45,0.03612618898557044,0,90,-1.667771202889954,-1.2503932265561057,6907.653046231539,11998.822905278588,5.4803361817816585,2317.2332154027768,1155.6327136202783,97.65669086015917,4.718179089571175,0,14159,2.4632217421587,16.460917309284177,4.890110820091996,15.330031422507354
SYNTHETIC_ROCHE_A_0079,LC · ROCHE-DEMO-A,2024-11-08T09:00:00+00:00,1607.3693648641188,1171.360819913685,1046.5375142048292,2.3484995353448883,25.232717841535628,263.96372534922193,208.74204070231366,4.807383199011795,-0.4455449738515224,45,0.03803463831326672,0,90,-1.3649706307489322,-1.1537491889224232,6914.799405633208,12040.478280143363,5.280383884942655,2989.425352448435,1093.9721578708231,97.6179516834931,4.375432931523996,0,14159,2.431543925165804,15.976644355940618,4.88823692892932,15.264786992015509
SYNTHETIC_ROCHE_A_0080,LC · ROCHE-DEMO-A,2024-11-12T09:00:00+00:00,1675.3402482986482,1897.7301679159218,1039.850305168006,2.3649996566831097,60.94722392232777,346.07193717560494,381.44289641896495,4.803746683470992,-0.43931605066862106,45,0.03909627690301592,0,90,-1.3921288702919026,-0.9637121856595461,6256.11690400094,10936.39046880066,5.29235312707304,2460.7491295358896,3012.613846276482,97.8145474545442,4.3467331258629,0,14159,2.452050890918034,15.952731483800775,4.901264038879228,15.266389072690433
SYNTHETIC_ROCHE_A_0081,LC · ROCHE-DEMO-A,2024-11-16T09:00:00+00:00,1672.0806696921916,1386.6701491019423,1038.5259102304676,2.4407662898065468,31.20377492663299,274.33902138834,284.78491372488327,4.756957826661022,-0.4193145783949562,45,0.037005811534346914,0,90,-1.8813011626169933,-1.45518272395656,7051.178889113807,12234.142505674401,5.592854583301034,2487.483745104413,1522.0444775810672,97.66904216671035,4.501037805096178,0,14159,2.4400517314199783,16.63877508513265,4.87641034315242,15.371343166780555
SYNTHETIC_ROCHE_A_0082,LC · ROCHE-DEMO-A,2024-11-20T09:00:00+00:00,1624.0939103387168,2146.2695598999867,1039.4549427019583,2.468549050302871,42.94923518500275,311.0748908662979,382.5129653899966,4.730305923655692,-0.3893103488278206,45,0.03343780703705818,0,90,-1.1747733594562138,-0.9203738773641614,6550.595078808687,11502.429148056386,5.634683351682357,2481.2245805382727,1514.1765631925539,97.76187007782937,4.474043491492188,0,14159,2.4418490192771753,17.379175872324936,4.900970529189082,15.450499278423049
SYNTHETIC_ROCHE_A_0083,LC · ROCHE-DEMO-A,2024-11-24T09:00:00+00:00,1911.9046284766825,1567.7378358847166,1043.1828654389467,2.4643904755712724,23.381459489040438,318.5770240405267,277.21310054893786,4.741947972636581,-0.44016597473025326,45,0.04046047253414922,0,90,-1.4670509881678648,-1.0279430705085697,6915.180991588542,12025.989687904392,5.460264606886591,2693.3650795856934,1330.8883745353182,97.74940822906682,4.623515575095572,0,14159,2.449251682972816,16.426653665949203,4.905137911805507,15.310322557675615
SYNTHETIC_ROCHE_A_0084,LC · ROCHE-DEMO-A,2024-11-28T09:00:00+00:00,1716.6528676386513,1859.2910643697694,1033.1187034368304,2.41747590525282,29.74437947386536,269.2780308300067,311.47079185233207,4.789059845897848,-0.442240770573058,45,0.040077565800086,0,90,-1.783063430965059,-1.2939899648106414,6730.9055924324,11690.50991246105,5.4378712664826265,2277.887146719041,2398.6086244239755,97.71564792254446,4.55637070252064,0,14159,2.4562073167908967,16.231877889775244,4.879335937582828,15.290068118365962
SYNTHETIC_ROCHE_A_0085,LC · ROCHE-DEMO-A,2024-12-02T09:00:00+00:00,1886.352743603296,1360.802455868977,1042.049338167763,2.413728878684884,12.61363933475204,292.326207206302,260.1378185921107,4.744413351503502,-0.43505232352948564,45,0.039406201729696506,0,90,-1.325926182789507,-0.8831827843103289,7027.181563596576,12168.31707266744,5.490752635077159,2187.3441062330726,1619.7817162577535,97.69342448870998,4.792028054317366,0,14159,2.4756133750114158,16.665875797730205,4.904130251464409,15.327056450647643
SYNTHETIC_ROCHE_A_0086,LC · ROCHE-DEMO-A,2024-12-06T09:00:00+00:00,1704.0209242734845,1375.3060360115967,1039.2870567509256,2.420606313938087,32.79240996866852,250.02800925918206,217.5619061193515,4.793642136927767,-0.4315224664834737,45,0.03661700584107543,0,90,-1.2330467294054366,-1.015846901331477,6632.957803703572,11566.987708369375,5.43958513492179,2283.5680350478374,1555.2152559001768,97.62506223324897,4.415968899861319,0,14159,2.4199934176340308,16.54753736239857,4.896401046194442,15.34808572711496
SYNTHETIC_ROCHE_A_0087,LC · ROCHE-DEMO-A,2024-12-10T09:00:00+00:00,1832.0574211587777,2219.5375609783414,1051.8167103793344,2.48078163053348,46.36487776920181,301.9398295126979,371.3424102084894,4.766906468907945,-0.4387153791004851,45,0.03750008197479161,0,90,-1.4023311703698496,-1.0624401319119643,7321.632663050958,12673.921952195884,5.409185801544357,2248.229320690121,1921.6947036821075,97.79582338289063,4.4096706233652485,0,14159,2.4600320867790906,16.159973602262063,4.844352108888711,15.309404813246264
SYNTHETIC_ROCHE_A_0088,LC · ROCHE-DEMO-A,2024-12-14T09:00:00+00:00,1647.2977732868073,1515.323714178782,1042.3577185824531,2.4006610893285245,24.215678384410413,277.2129748265776,262.3855964507681,4.803190629509752,-0.44347361362668203,45,0.03852017839676806,0,90,-2.227290240549374,-1.622114653157011,7068.150923075723,12231.68197693082,5.403412935224318,2745.4177173086587,1462.6996769740467,97.70898802584242,4.533171191410097,0,14159,2.4390539271492138,16.02379966785324,4.895200341602959,15.292053201222199
SYNTHETIC_ROCHE_A_0089,LC · ROCHE-DEMO-A,2024-12-18T09:00:00+00:00,1458.5710447840029,1670.4522703366324,1040.790196121017,2.4522393034804275,28.89218416383058,223.4321633299339,282.7902622191111,4.7468668558384195,-0.4264595606183115,45,0.035186957999259645,0,90,-2.0133076827591676,-1.5425182313501058,6809.023074187008,11826.635634539452,5.390464444036456,2115.9506350370802,1715.3585734068556,97.67661623358907,4.693654273284364,0,14159,2.475271581138291,16.484649371042646,4.895004075261297,15.330987565259406
SYNTHETIC_ROCHE_A_0090,LC · ROCHE-DEMO-A,2024-12-22T09:00:00+00:00,1720.8553950382839,1628.986177724092,1032.7571314965473,2.387568657837132,21.959065540359028,270.80750302259963,285.8414847691106,4.807252217671445,-0.4230335761884354,45,0.03582631450319338,0,90,-1.7429682880960844,-1.3399760851662859,6375.230407996338,11160.262646204963,5.378371087477833,2485.6215999164197,2141.357142002876,97.70631457551862,4.410739481994594,0,14159,2.461919192640248,16.488729211932796,4.873521827293235,15.330785255909056
SYNTHETIC_ROCHE_A_0091,LC · ROCHE-DEMO-A,2024-12-26T09:00:00+00:00,1692.25391680588,1568.2289337149086,1048.5800078941259,2.4062819026000346,43.41052437717279,269.27861903491896,279.43487038932267,4.777032561448448,-0.4295119239995028,45,0.038943357378056306,0,90,-2.132636825215025,-1.5393737185901981,6631.1942016999155,11524.26252193195,5.4367884598179534,2267.8019110284204,1510.8452102350018,97.6963200049372,4.555289761994054,0,14159,2.4431804429311814,16.630015213110998,4.880725430265618,15.344891646836032
SYNTHETIC_ROCHE_A_0092,LC · ROCHE-DEMO-A,2024-12-30T09:00:00+00:00,1598.1722153599244,1413.7448081421803,1041.0658032307913,2.4177404864823346,31.256059332605737,341.31650703240155,307.0210217728186,4.75273946351573,-0.42401947126479306,45,0.039164188324820264,0,90,-1.32683692383627,-0.8575889064595542,7234.51619826447,12507.20781091533,5.387066790111683,2215.308057718153,1833.9620630853008,97.74283238021933,4.383990803328483,0,14159,2.4508203260573884,16.535434764125366,4.845105714998242,15.371678472122365
SYNTHETIC_ROCHE_A_0093,LC · ROCHE-DEMO-A,2025-01-03T09:00:00+00:00,1658.4528760116066,1380.6324948054469,1033.2873497982314,2.375001747044191,20.930187562154945,283.63758899349153,262.1373420632136,4.79912487357947,-0.4445256449234755,45,0.04056227621928775,0,90,-1.8486326655674743,-1.3161634253601133,6722.731885427733,11755.074852342083,5.290506295818689,2512.622612715654,1939.240487971567,97.6984750329354,4.534589742520882,0,14159,2.45502608843613,16.160118992785005,4.900610318115185,15.26875654646999
SYNTHETIC_ROCHE_A_0094,LC · ROCHE-DEMO-A,2025-01-07T09:00:00+00:00,1596.0858237389575,1524.3329940713797,1036.1449160109175,2.3597953195299652,25.02039089725945,278.07243623350786,258.58096125596626,4.76369961085526,-0.4322770375328125,45,0.03764770696772816,0,90,-1.3404499608767713,-1.1081191094327483,6684.064243341829,11669.974700315097,5.371064355074676,2299.141669765322,1430.5856245608445,97.6988378882623,4.565766173634014,0,14159,2.452246734650344,16.30704689034527,4.900843585124742,15.319530747389937
SYNTHETIC_ROCHE_A_0095,LC · ROCHE-DEMO-A,2025-01-11T09:00:00+00:00,1548.6386724969636,1887.430536651043,1038.8344103271907,2.4765404490263143,21.136746190136105,250.1243445167249,343.1304190847968,4.776253580476162,-0.4046190573122011,45,0.034759613263680524,0,90,-1.9522019601073688,-1.484219005260592,6652.175700440243,11638.341308047455,5.633778277822251,2142.191891338155,2572.572291962838,97.70091017313396,4.506150695675727,0,14159,2.4417085336261333,16.98702151819553,4.88205365458624,15.39301849623309
SYNTHETIC_ROCHE_A_0096,LC · ROCHE-DEMO-A,2025-01-15T09:00:00+00:00,1673.434335728741,2011.5617505024682,1041.9520272114153,2.50524895407701,36.58208127107268,239.64032648627372,331.2412417556233,4.753856491607387,-0.40933282255607895,45,0.03590537995986919,0,90,-2.909785679180815,-2.19536596783818,6759.851979889661,11777.615119350261,5.562582958815147,2361.6784397930755,1665.728583781131,97.72986074838556,4.392695799345641,0,14159,2.4472398039943877,16.799037856809363,4.913989663661143,15.355750851489685
SYNTHETIC_ROCHE_A_0097,LC · ROCHE-DEMO-A,2025-01-19T09:00:00+00:00,1647.9602159604844,1954.9340791216991,1033.1203192197463,2.424986399929515,35.50519321488897,345.42786074857366,405.80920417187724,4.7245599486553065,-0.4330984173212175,45,0.04244014941425517,0,90,-2.1007878207206163,-1.620769920119125,7280.470192024801,12566.517554296302,5.4261155098591045,2541.5165291670296,1272.0947615635148,97.81721980023009,4.806340775009881,0,14159,2.4437386524852145,16.228317517224976,4.92914902626607,15.268663823249078
SYNTHETIC_ROCHE_A_0098,LC · ROCHE-DEMO-A,2025-01-23T09:00:00+00:00,1747.2886056936245,2195.458333334214,1042.158339710823,2.3911374476915497,36.14533480021184,326.55051749468186,384.47547130316764,4.784063297248409,-0.42358789751439024,45,0.03472505673400541,0,90,-2.695821610509743,-1.9941303065812033,6599.400446996319,11512.650222840035,5.38751363067099,2587.789985888619,2302.339116286194,97.76672436781882,4.3378717974348575,0,14159,2.4439624532373445,16.467532102419618,4.922357584659648,15.324800043584304
SYNTHETIC_ROCHE_A_0099,LC · ROCHE-DEMO-A,2025-01-27T09:00:00+00:00,1555.2194997401734,1955.4301374633858,1044.9511470666328,2.455814494194785,49.9850239151453,278.42725066008325,384.3278654332218,4.745133101922361,-0.42204966159993607,45,0.03748642801473494,0,90,-2.1920222559957656,-1.8079419969922719,6806.702292764577,11835.000074626552,5.45717870594496,2070.125480402675,1894.306212983086,97.762652442845,4.518260013953398,0,14159,2.4454725856389223,16.654162505912947,4.898942563311075,15.357731628570093
SYNTHETIC_ROCHE_A_0100,LC · ROCHE-DEMO-A,2025-01-31T09:00:00+00:00,1621.2798107003478,1258.5051712562151,1044.7021105596339,2.4137733003375885,27.29046688717151,235.10149765446548,231.7053461927379,4.786492524076812,-0.4443697036775481,45,0.03898426319600129,0,90,-1.8593106266134964,-1.315411436677741,7186.398436558142,12394.658859908575,5.396752251914785,2376.324281523434,1314.667695344574,97.65376251331729,4.336930649103552,0,14159,2.430110020077617,16.156217178275025,4.894324814110717,15.28953289087579
SYNTHETIC_ROCHE_A_0101,LC · ROCHE-DEMO-A,2025-02-04T09:00:00+00:00,1771.5427896826786,1256.0559989189871,1038.1730581881395,2.4431502097005007,18.41545224191904,242.0219012218917,240.7714047574285,4.754676818325513,-0.4283538213561994,45,0.03724752604857936,0,90,-2.0969267989998412,-1.8045332702965498,7013.981423597324,12204.989246339315,5.503965186931659,2054.4640031570198,931.3914167526659,97.62609886983103,4.766708414414883,0,14159,2.4550236782199684,16.714961667792426,4.885893404072525,15.365111910162938
SYNTHETIC_ROCHE_A_0102,LC · ROCHE-DEMO-A,2025-02-08T09:00:00+00:00,1715.9196135711106,1486.6527649386915,1032.8589090729458,2.4510861263731574,77.52950365808653,311.9083091803868,280.8457831721436,4.768003595730088,-0.42348231582381246,45,0.0353848534675979,0,90,-1.4873493278145333,-1.1097308107448463,6933.690790884375,12024.050742639316,5.487539663036598,2506.89653996116,1751.461268707829,97.7144485224869,4.495415088303896,0,14159,2.4309868078286265,16.469067783991893,4.925633946668594,15.308261747183952
SYNTHETIC_ROCHE_A_0103,LC · ROCHE-DEMO-A,2025-02-12T09:00:00+00:00,1607.728095630915,1337.2514918639224,1039.3059560973206,2.340415150363187,22.901916098576017,306.27221639614777,313.50175679440713,4.751087073763493,-0.4021683270877805,45,0.036228335655018616,0,90,-1.4903613358897694,-1.2416271870068956,6918.060113538153,12068.71183133727,5.531183725506974,2311.9011482426076,1302.931563507767,97.69912911261903,4.44317035292804,0,14159,2.4357551879348396,16.796340376108233,4.94315346298456,15.344698214887948
SYNTHETIC_ROCHE_A_0104,LC · ROCHE-DEMO-A,2025-02-16T09:00:00+00:00,1573.318198238127,2027.1509001997474,1035.9915692957827,2.338432041231239,33.54181567477169,239.13672081323014,314.29697496921506,4.796330571830088,-0.4232899421228977,45,0.03678292205660434,0,90,-1.755907945506097,-1.489706888152688,6522.177462148196,11415.946254376062,5.374798480602124,2444.698246217154,2122.688065914677,97.66372645746887,4.608270662515193,0,14159,2.455747831911837,16.540174447958467,4.892796116501402,15.369278885654474
SYNTHETIC_ROCHE_A_0105,LC · ROCHE-DEMO-A,2025-02-20T09:00:00+00:00,1800.6061347174689,1562.820465521318,1042.5732467518503,2.3989586625672072,32.27599552418975,249.94805172752845,255.64845614497858,4.759868964844201,-0.4320060858662319,45,0.03698933781202924,0,90,-2.2945860136710228,-1.8419566797223275,6825.162456530401,11875.003372438474,5.439192044503091,2440.9386972655,1646.1632385111877,97.63930189776404,4.517333890691426,0,14159,2.429533940121058,16.276602563366314,4.879626406401765,15.291272183858624
SYNTHETIC_ROCHE_A_0106,LC · ROCHE-DEMO-A,2025-02-24T09:00:00+00:00,1590.0389282455067,1495.2487489358405,1043.2645580430888,2.3951578076580597,65.36960554511303,269.2334672142931,284.79643699039184,4.785018359034715,-0.43419185209863576,45,0.039904947051741683,0,90,-0.7656960396768622,-0.6055380364081278,6769.3184782052185,11807.323267543046,5.438070576900744,2283.1774292052396,1314.450867346583,97.66372394498546,4.558868308689751,0,14159,2.450157107049363,16.411479481714387,4.857053702269362,15.348845163481442
SYNTHETIC_ROCHE_A_0107,LC · ROCHE-DEMO-A,2025-02-28T09:00:00+00:00,1682.9265751646712,2470.039666974479,1034.7067663329528,2.373764748304652,32.18332478089558,334.46494101625774,419.5726062834094,4.794385055063204,-0.4165926062385688,45,0.03757746487486552,0,90,-1.7753881143459052,-1.2511623782462762,6517.971297921902,11362.70465832084,5.364176209093015,2986.731926569276,2801.870184541272,97.81302584446793,4.37673913208805,0,14159,2.4363359873154793,16.46519326172982,4.908797448046094,15.321727624699996
SYNTHETIC_ROCHE_A_0108,LC · ROCHE-DEMO-A,2025-03-04T09:00:00+00:00,1882.8611642245567,2068.1391277052485,1041.4532147130017,2.4864259740130343,43.27803363783,343.3202186095528,386.3599583826784,4.7501748317660795,-0.42431088375734344,45,0.038120511305291475,0,90,-1.2486278273736442,-0.9884954900356653,6780.933680168587,11845.031370452005,5.556001172808039,2539.548040884458,2521.2337322683843,97.79706026524609,4.621817799312446,0,14159,2.4618986899710493,16.5193804737156,4.8792993743109925,15.31581466263988
SYNTHETIC_ROCHE_A_0109,LC · ROCHE-DEMO-A,2025-03-08T09:00:00+00:00,1823.8229351692291,1240.19298921487,1028.1999850874881,2.363010940205532,28.667697553826017,300.85617551826283,231.76201139915705,4.833399558163263,-0.4409251797800192,45,0.039950245960454434,0,90,-1.269740883860812,-0.9948703224755276,6936.247474530637,12022.077891496232,5.319421283485525,2900.2366102549827,2247.846681588193,97.67464336844499,4.454017850606277,0,14159,2.4296257682338243,16.188710287293237,4.904615723043324,15.28902337121313
SYNTHETIC_ROCHE_A_0110,LC · ROCHE-DEMO-A,2025-03-12T09:00:00+00:00,1914.8795215288299,1445.3312199718355,1048.0574410737886,2.4158035517610066,48.06603394737627,406.4720451093236,362.558107957393,4.754899903892804,-0.446136495812391,45,0.038625902909109694,0,90,-0.7081280258433565,-0.38711776492400224,7238.290077665328,12476.592275455803,5.3629601525494115,2551.978983016373,2296.339188881317,97.83722251689169,4.5115695864829615,0,14159,2.4690123953880714,15.971035577600087,4.886456403504767,15.291503093603353
SYNTHETIC_ROCHE_A_0111,LC · ROCHE-DEMO-A,2025-03-16T09:00:00+00:00,1584.539859161365,1235.1379914075171,1042.986291381529,2.404483493062296,21.21901256551393,183.87987864700406,182.9800339483523,4.742927715750611,-0.42717759785223186,45,0.0378708325503427,0,90,-2.161851801560128,-1.6407359573634217,6823.914078185793,11826.671710760831,5.365275505584622,2192.0212342492705,1236.5024776495989,97.52674018694974,4.587884739257609,0,14159,2.4474847546493956,16.76784395587108,4.887936924513617,15.366365318764071
SYNTHETIC_ROCHE_A_0112,LC · ROCHE-DEMO-A,2025-03-20T09:00:00+00:00,1720.4736723292247,1227.9609435458372,1037.5904446661625,2.359791076055719,29.265925468471302,220.34747742541447,196.68703305711227,4.788048475626713,-0.44294220369642057,45,0.03915502373116652,0,90,-1.682273614782488,-1.3468727692540163,6324.27260708114,11137.117139261822,5.311422043730468,2299.488263544362,1432.537265585566,97.57061843321566,4.619700379211729,0,14159,2.4552197005781564,16.233227569345264,4.925095348186249,15.288516001921632
SYNTHETIC_ROCHE_A_0113,LC · ROCHE-DEMO-A,2025-03-24T09:00:00+00:00,1623.364039086533,1623.585671761353,1038.4507837432832,2.429134286387853,35.4563563637496,226.47604986185297,277.1748874365221,4.787177217009074,-0.4211898139959077,45,0.03466100122746528,0,90,-2.6570865511074917,-2.0348768355292606,6516.2361952507,11390.836682896737,5.408269484483379,1881.8642691850382,1946.0198753588854,97.64374732781587,4.508760166898035,0,14159,2.460475908436566,16.73519389136922,4.956581455906228,15.327297168544149
SYNTHETIC_ROCHE_A_0114,LC · ROCHE-DEMO-A,2025-03-28T09:00:00+00:00,1572.504291137828,1409.1861731343781,1031.4462946159076,2.4025176512867437,20.959234103845308,219.86814169511564,273.557725155274,4.766003153559959,-0.41306895898194396,45,0.036241779891335105,0,90,-1.5927784716481967,-1.2999455643329063,7169.051835797989,12426.304445041796,5.519172203225505,1913.752150038528,1237.641763695958,97.63258082531907,4.5453468171628835,0,14159,2.439470092943278,16.632393579993344,4.900854197327235,15.338644385103237
SYNTHETIC_ROCHE_A_0115,LC · ROCHE-DEMO-A,2025-04-01T09:00:00+00:00,1813.9280486035382,2318.764097724722,1044.1494753127313,2.4739112175124913,25.985073110235057,299.4821060661683,391.41002151930894,4.776077320504912,-0.405655181817757,45,0.034582094391761145,0,90,-2.3656290061550402,-1.8677447483650607,7050.489753912483,12256.582016599536,5.610951861853117,2392.946064417557,1954.036499275036,97.77660788472097,4.378249829813428,0,14159,2.438750250556534,16.858582954518077,4.9025497989814575,15.376259898547296
SYNTHETIC_ROCHE_A_0116,LC · ROCHE-DEMO-A,2025-04-05T09:00:00+00:00,1411.5290204744927,1554.3665595115108,1039.1652504427075,2.425782958726414,27.028661929946715,207.8592611812743,259.2823753445193,4.762974053722306,-0.41487429545369414,45,0.034967215672116594,0,90,-1.8786949154868315,-1.5457999559906588,6780.911728467395,11865.996542523537,5.505072878142495,2053.097328663718,1211.9921596013062,97.60411767438642,4.5150147074214955,0,14159,2.428749220620113,16.78822557010351,4.878751496204848,15.383236059737705
SYNTHETIC_ROCHE_A_0117,LC · ROCHE-DEMO-A,2025-04-09T09:00:00+00:00,1584.602647393714,2816.478616048726,1043.22050429254,2.437991056202334,41.46433989215096,331.7364055383799,485.2596691684109,4.72468613406352,-0.418629198452222,45,0.03720392345622898,0,90,-1.1460054379156335,-1.107357643274654,6555.625886864148,11465.757934374426,5.445314232174904,2876.4580451157985,3072.6144708198985,97.84142234100314,4.681992875278874,0,14159,2.451090258716049,16.391034908917447,4.888846314942777,15.29492273692627
SYNTHETIC_ROCHE_A_0118,LC · ROCHE-DEMO-A,2025-04-13T09:00:00+00:00,1767.5002229370318,1412.5044494185738,1036.3070537254548,2.4753132966043103,22.053602763160292,285.28545091649113,245.23655191600568,4.771580694117975,-0.4482978870612128,45,0.04226319826114688,0,90,-1.9400798272053363,-1.373629030342381,7139.894277920266,12329.600425900591,5.333068961621838,2703.6833544522588,1477.8752814789882,97.71830212246793,4.559836027585522,0,14159,2.4476246013444434,16.142258238802608,4.9010389639892376,15.295964640080783
SYNTHETIC_ROCHE_A_0119,LC · ROCHE-DEMO-A,2025-04-17T09:00:00+00:00,1864.9446561204074,1341.7390476623837,1030.2512807682895,2.3784915453022384,46.483313684488,282.5369515756571,227.82766317223513,4.802343405841493,-0.42779042042299203,45,0.038433827848871054,0,90,-2.5108071560893164,-1.9021686221553726,7050.203740393644,12197.312833490858,5.480039488086834,2851.0483379986053,1218.2864405891144,97.6603662802009,4.526552973073455,0,14159,2.4367006153527213,16.504850018235963,4.863198907236001,15.338403290443654
SYNTHETIC_ROCHE_A_0120,LC · ROCHE-DEMO-A,2025-04-21T09:00:00+00:00,1638.7929265579533,1845.2423058114252,1036.4360132255492,2.404324447762049,13.097538423630317,225.25089701143634,272.38916204562247,4.784124108780475,-0.44334833626569475,45,0.039141468598330585,0,90,-2.2845480961312457,-1.7707580508020428,6792.215103645632,11822.47105597905,5.265115225860524,2694.6276677836267,1900.771378408363,97.66140225055165,4.471736435270755,0,14159,2.4647359827727024,16.259396607058843,4.903670304704399,15.294880674180398
SYNTHETIC_ROCHE_A_0121,LC · ROCHE-DEMO-A,2025-04-25T09:00:00+00:00,1848.7336500081929,1534.8045666608787,1038.9785398822103,2.4116762000956586,15.566893169410417,249.3018545610887,243.74126247445108,4.792239663210153,-0.43444161212314264,45,0.038765965695353795,0,90,-1.4971389944976874,-1.2342241605528823,6749.800167731851,11765.55935498747,5.488312407547205,2408.6571309898063,1595.5857348948152,97.63580770668422,4.527316859900557,0,14159,2.4546990810755784,16.330909766863982,4.876471698428044,15.32386527365112
SYNTHETIC_ROCHE_A_0122,LC · ROCHE-DEMO-A,2025-04-29T09:00:00+00:00,1714.1024932118507,1732.844437507529,1040.5628019685057,2.352417229337633,27.81745081727715,281.87869373312935,303.66506481846096,4.785237535368018,-0.4354093939752978,45,0.03711977449833283,0,90,-1.5238409659812893,-1.1065533986473892,6878.780008288787,11952.273355148758,5.433102496510854,2460.8119749187626,1494.0114600687764,97.7082862744541,4.4479746494663335,0,14159,2.4385870464893324,16.332085530426735,4.938362600683591,15.281112052903548
SYNTHETIC_ROCHE_A_0123,LC · ROCHE-DEMO-A,2025-05-03T09:00:00+00:00,1814.4408546329134,1439.6564558264724,1030.7275075958255,2.375503550598553,19.30675366441337,266.8782920651794,280.2529211979505,4.778076826568014,-0.44235835772477217,45,0.04161715645487969,0,90,-2.049047183223028,-1.4837079604893244,6888.872039729307,11939.524899502476,5.350919720129598,2388.963424953814,1470.7145411889735,97.69369487212826,4.51761072258602,0,14159,2.4572197829186004,16.128625468111352,4.9283422350190715,15.259476189454993
SYNTHETIC_ROCHE_A_0124,LC · ROCHE-DEMO-A,2025-05-07T09:00:00+00:00,1927.6676793307356,1445.706098598985,1051.131942019537,2.444569399151414,27.34861445584116,320.674956252176,306.77625179191864,4.7602749497899985,-0.433040990800328,45,0.03932482688861251,0,90,-1.739865430701682,-1.2143211708014199,7181.795116743982,12396.777953005787,5.45360109131129,2245.087854165874,1746.841326189767,97.75565301232389,4.327044400545565,0,14159,2.44262835275176,16.416995282696487,4.876209278804095,15.32209014032211
SYNTHETIC_ROCHE_A_0125,LC · ROCHE-DEMO-A,2025-05-11T09:00:00+00:00,1577.5959119811425,1417.619826772428,1035.1359898265548,2.435714216189496,36.09150425496,229.20121652724663,228.96111869370986,4.807086727537784,-0.4230446023062751,45,0.040913210139129505,0,90,-2.8265981764295667,-2.237789518303824,6700.376596385182,11671.621347962126,5.484922396806831,2353.4036503421567,1643.1645968078658,97.62481452599064,4.426716561487902,0,14159,2.438547490133824,16.543952160155115,4.904529681028184,15.357615041581038
SYNTHETIC_ROCHE_A_0126,LC · ROCHE-DEMO-A,2025-05-15T09:00:00+00:00,1533.4887985759558,974.6307268558365,1042.9151600775815,2.4107669231469924,23.78378266348412,237.8054599801037,164.79242659308213,4.763628660427354,-0.44187111823586106,45,0.0379409692234291,0,90,-1.9409186530868336,-1.5866763781940325,7142.511535318137,12367.844123126215,5.387029364493275,2142.695372015726,1313.571696290407,97.564560142577,4.578732423836944,0,14159,2.439885101339239,16.343811241058287,4.88026104076273,15.298558380526593
SYNTHETIC_ROCHE_A_0127,LC · ROCHE-DEMO-A,2025-05-19T09:00:00+00:00,1644.0567872577217,1351.8174494606003,1043.2521729044167,2.3367719705368057,15.548435802153705,255.8854959519499,232.78252815532787,4.815773457552851,-0.43296610551376197,45,0.0356221093408081,0,90,-1.4158531546323714,-1.1110681359437036,6990.791538877953,12156.38059461573,5.330312158595448,2361.058147183137,2008.5168528249392,97.63284781377634,4.512070019925538,0,14159,2.44262370920583,16.293205218470035,4.881235423557573,15.309836498635551
SYNTHETIC_ROCHE_A_0128,LC · ROCHE-DEMO-A,2025-05-23T09:00:00+00:00,1771.4627896341722,1546.3261856696784,1035.379621662323,2.4681154366995353,20.620611883002123,247.8448502962858,281.0571452383039,4.780553415844779,-0.4149168719134759,45,0.03409226158423671,0,90,-2.4467484547252414,-1.734183923344847,7234.434136865349,12504.387363131751,5.579874813958594,2229.4199387957046,1183.7628299331402,97.6831029372247,4.378476719935566,0,14159,2.449645154218578,16.774278587615196,4.910747538645156,15.369162049165443
SYNTHETIC_ROCHE_A_0129,LC · ROCHE-DEMO-A,2025-05-27T09:00:00+00:00,1845.5405092296305,1414.557769321611,1040.575522608928,2.381815794802547,31.16434188709802,247.01088840615532,220.07544602517845,4.792921816032302,-0.4619309941050295,45,0.039591967921734535,0,90,-2.3914251209627286,-1.5474459814790882,7011.858932918185,12080.630527477002,5.325003370899517,2818.429950407889,1920.851474945317,97.63002054093978,4.610281279957602,0,14159,2.4388393021020605,16.139965608551293,4.940474139617635,15.230910743952478
SYNTHETIC_ROCHE_A_0130,LC · ROCHE-DEMO-A,2025-05-31T09:00:00+00:00,1456.371629973749,2039.773400881356,1033.3066576702943,2.3940051310984423,118.60012848218108,322.5575939444599,427.26845569157985,4.766436195737833,-0.4027902359018082,45,0.03500062776875851,0,90,-2.6230713785601028,-2.11045361634616,6535.016280220895,11447.582802844283,5.49164576522176,2506.499150743612,1589.477177952164,97.8199690427204,4.321958547051838,0,14159,2.443543742631665,16.751712258304515,4.911276726874689,15.398457067974817
SYNTHETIC_ROCHE_B_0001,LC · ROCHE-DEMO-B,2024-01-01T09:00:00+00:00,1617.9808066514424,1181.0763472954357,1043.1817934010446,2.343232365595742,24.180480560844913,251.52159984232665,105.17679886900946,4.8677504049642275,-0.4676000353473313,45,0.039951027989714505,0,90,0.14390855037254685,-1.8440007864929435,7642.909846042988,20521.663399721627,5.375764570140471,2352.4885279457076,1459.7475570581557,94.56340784856418,4.938817821001416,0,14134,2.4155802003781752,17.123076775759188,4.916712266995714,15.372199618505292
SYNTHETIC_ROCHE_B_0002,LC · ROCHE-DEMO-B,2024-01-05T09:00:00+00:00,1672.5097846568817,1386.4429349346492,1052.2518311599454,2.2220946771774086,55.82499402643737,221.44716944563996,122.04277125447715,4.750004322640084,-0.4292590269567097,45,0.03934065399070521,0,90,0.45567034357709896,-1.116804295021983,7331.828180000823,20639.154903523224,4.956838700741458,2565.9383018443887,1293.7803095546271,92.48044912971108,4.625453872107366,0,14134,2.4481209646175772,16.531862758319136,5.002644499514949,15.343054140854171
SYNTHETIC_ROCHE_B_0003,LC · ROCHE-DEMO-B,2024-01-09T09:00:00+00:00,2123.0896082952104,1640.7648511397126,1047.2085894631143,2.3394263907286046,37.94260950076382,247.73570327751642,152.8520795269303,4.7692208305469,-0.48489718800849807,45,0.04632907164815658,0,90,0.14819867897091982,-3.6276331913393056,7733.19343362947,21059.140869094594,5.264259604866512,2974.3888699440054,1549.0513316834163,94.55724968073781,4.842577113259596,0,14134,2.4311814371295974,16.333222485479222,4.954214272117919,15.26651924986529
SYNTHETIC_ROCHE_B_0004,LC · ROCHE-DEMO-B,2024-01-13T09:00:00+00:00,2044.5553363747363,2216.4150312161496,1047.2744835228914,2.525886964607521,22.714081305137388,359.9454857904974,245.1905006921084,4.908543485126144,-0.5869169931443973,45,0.05213642708654274,0,90,0.17099818180813586,-1.5780263752163441,7210.350037226046,20488.74618337044,5.632699577706231,3698.3738787561147,2421.4787476428282,100.24247219304121,5.134557262697384,0,14134,2.3950557394266117,16.298474336013545,4.820606666330085,15.222845675662949
SYNTHETIC_ROCHE_B_0005,LC · ROCHE-DEMO-B,2024-01-17T09:00:00+00:00,1860.6497139335877,1595.9682347946957,1047.8945850651469,2.3383107393706535,32.332476954913844,245.7868675771259,141.6687467417993,4.84391353122235,-0.5487963791059135,45,0.05024851279709485,0,90,0.14959041845064788,-2.792186872576557,7685.7302336735465,20924.854151424992,5.238847800376577,3007.382773106873,1489.6827354216025,104.76041926041749,5.149069908610772,0,14134,2.3943616098194114,16.714404400180747,4.952363008143163,15.288870059758207
SYNTHETIC_ROCHE_B_0006,LC · ROCHE-DEMO-B,2024-01-21T09:00:00+00:00,1542.7229815488577,1420.5711939987148,1048.5605160556122,2.3264037516590106,43.59196220976907,209.22619311375908,125.41151358408706,4.806855249230797,-0.4108050435521149,45,0.03617661342998286,0,90,0.6375685402213562,-4.519332126627098,6751.643730642638,20818.56308581198,5.363650888552459,2498.9110273001197,1493.994721040727,109.05037571548597,4.723494164991748,0,14134,2.4386025445939645,17.172015559868058,4.932854121261593,15.411996773835853
SYNTHETIC_ROCHE_B_0007,LC · ROCHE-DEMO-B,2024-01-25T09:00:00+00:00,1749.8445481960364,1617.9875218768598,1043.853774468281,2.2811673452146337,38.26449764656921,256.52774396460546,143.89623290711444,4.812376874575779,-0.4271715148505977,45,0.03436128021614962,0,90,0.16650885721827086,-1.9511907241137045,7808.401885049264,20660.66331964469,5.131481266805452,2505.26234976188,1904.3026665987934,122.47385869086052,4.534425755074043,0,14134,2.4439314023376513,16.612578115689367,4.928481987838361,15.364484736382003
SYNTHETIC_ROCHE_B_0008,LC · ROCHE-DEMO-B,2024-01-29T09:00:00+00:00,1933.285089611022,1261.0204788141752,1049.7386740273425,2.159284211923676,44.520311621875514,227.2522539122222,108.82986316298826,4.703625667501343,-0.3846783755812396,45,0.035310328978384826,0,90,0.5267416396480886,-3.2198691103180836,6951.697217697082,21057.60667845456,4.856025934427376,2626.4344157739615,1587.6689659493902,94.09126844845808,4.648050658957697,0,14134,2.453500743972499,16.756348539520623,5.043579151706091,15.343803083078171
SYNTHETIC_ROCHE_B_0009,LC · ROCHE-DEMO-B,2024-02-02T09:00:00+00:00,1301.5608434770543,1355.5112313824388,1050.6767226079337,2.237237246178146,24.93982754561271,220.4087706247355,124.67155110226044,4.744387321864041,-0.40517531585319266,45,0.03592496242413823,0,90,0.5765902091729088,-2.2726779850147993,7183.119281602967,20655.255058757462,5.161055704974287,2495.678972618409,1217.573019053263,105.81522406138448,4.838426632463801,0,14134,2.4342048424561007,17.26937137917982,5.000720222344353,15.441601942260462
SYNTHETIC_ROCHE_B_0010,LC · ROCHE-DEMO-B,2024-02-06T09:00:00+00:00,1800.725742274666,1030.6557239432855,1046.3909333355136,2.0618017086201177,58.93745902449803,218.61360575498557,76.21450589091405,4.669874445378056,-0.3088602596909299,45,0.024828995447405473,0,90,0.40669981090075946,-2.5274550598056376,7166.632555370023,20945.203461307476,4.717743048601159,3103.8455399349414,948.7878527350634,108.07165791019095,4.185598711304297,0,14134,2.5101172591924072,16.861617276124736,5.062505364762326,15.440421958847644
SYNTHETIC_ROCHE_B_0011,LC · ROCHE-DEMO-B,2024-02-10T09:00:00+00:00,1814.8877413597588,1374.0580830770105,1038.9933447114236,2.280197408017413,34.58977094665117,243.3521554618711,95.3946861272564,4.784059200412109,-0.38807117918074635,45,0.03209404350014442,0,90,0.5892076365762301,-3.22993921394792,7168.478104564694,20957.978732020805,5.208278990426471,2352.0094324483907,1260.2756306319352,102.10434125726533,4.417045338406896,0,14134,2.463781527152212,16.68211699501096,4.925474711697375,15.395970668977743
SYNTHETIC_ROCHE_B_0012,LC · ROCHE-DEMO-B,2024-02-14T09:00:00+00:00,1602.1663533802507,1358.7737939578399,1051.3433397579881,2.1292135553587825,69.31476170150236,196.58022863086094,109.3153224244423,4.703005827656958,-0.4084487456542486,45,0.032593734093011126,0,90,0.34073047114503957,-3.1148777344660497,7676.08978164521,21242.59433856554,4.692644043885553,2980.4248839131196,1520.454055114183,89.92946732141623,4.367257037723277,0,14134,2.4792164632981875,16.330215778305636,5.039760293043578,15.301079422407426
SYNTHETIC_ROCHE_B_0013,LC · ROCHE-DEMO-B,2024-02-18T09:00:00+00:00,1478.0377594397944,1259.985256555617,1045.5604945047085,2.128656641273835,59.6737627282598,190.06416946869433,100.60134848592631,4.699981928175594,-0.38568554344283734,45,0.029249365766616058,0,90,0.16782723466438282,-2.6559828153987377,7563.979136707805,20988.91135298764,4.788233116808179,2547.0316292754815,1401.6675464228317,116.88702352951749,4.554354764269059,0,14134,2.4787202207155485,16.50838563105058,5.065867536552384,15.343565394548413
SYNTHETIC_ROCHE_B_0014,LC · ROCHE-DEMO-B,2024-02-22T09:00:00+00:00,1550.5024573572202,1113.1353488724692,1048.889963625072,2.0839092384229443,119.27732878518937,167.3094910152707,84.0257110680081,4.675014635003861,-0.359960744702829,45,0.029379906831734567,0,90,0.42572341826389093,-4.392637284655939,7190.682055382951,21268.332978126997,4.7387353465788395,2538.189512274274,1072.5398326826416,89.32168347232533,4.511950636506242,0,14134,2.485973082830159,16.6540005436052,5.0549852820779515,15.42613339718741
SYNTHETIC_ROCHE_B_0015,LC · ROCHE-DEMO-B,2024-02-26T09:00:00+00:00,1705.0698198394853,879.5670731252793,1040.532120348328,2.3471590365707837,18.357598382717757,282.5310488886841,98.4468428561418,4.821875397720797,-0.5017312054128407,45,0.05093778902094944,0,90,0.34083095151975895,-3.690069295403506,7185.644456248296,20889.366814377972,5.330886311583362,2066.0961544889947,1190.2630611773686,114.42896434801033,4.9824988117977,0,14134,2.4102873979252726,16.940128407615568,4.945722597070218,15.34108864419671
SYNTHETIC_ROCHE_B_0016,LC · ROCHE-DEMO-B,2024-03-01T09:00:00+00:00,1579.5373241264638,1368.6198518353103,1052.5568707353377,2.475001948700428,32.88711377944294,266.4354719927098,156.65548955843474,4.921699891120495,-0.4641874793037125,45,0.03526411340810942,0,90,0.07286792647049,-2.0087608535877797,7931.556846180241,20136.374171376803,5.703763739853569,2578.3188248473275,1521.850087177885,101.52476706584464,4.828488685536942,0,14134,2.418024363956453,17.445817022672596,4.8391098523774545,15.477100965303624
SYNTHETIC_ROCHE_B_0017,LC · ROCHE-DEMO-B,2024-03-05T09:00:00+00:00,1617.7713034158207,1154.5819981034572,1047.9622938270006,2.3093064421667293,21.890404363731097,222.19538819325385,106.97928560813266,4.864415905138071,-0.4372352599314612,45,0.0359258730461342,0,90,0.4284460232825754,-1.8140135595644464,6559.783422763979,20486.72900666128,5.297024915661644,3407.7962469020663,1044.7157940478535,88.69514576473242,4.76137992557864,0,14134,2.4293269820168804,17.240875932395635,4.899195698457925,15.44126611501878
SYNTHETIC_ROCHE_B_0018,LC · ROCHE-DEMO-B,2024-03-09T09:00:00+00:00,1695.9882701655565,1046.3066370812003,1045.9964869798116,2.512164101435988,13.254166806024706,203.0772632102151,99.4638947252634,4.950616458109751,-0.5654998670274022,45,0.04955675157892207,0,90,0.15381009274764584,-2.6607127088977003,7010.684217071316,20706.147841865728,5.583348320380955,1824.761322568399,839.8365827344785,115.99180283120855,4.943760973768775,0,14134,2.3861126003827833,16.893916228225077,4.815113718812191,15.348192909869987
SYNTHETIC_ROCHE_B_0019,LC · ROCHE-DEMO-B,2024-03-13T09:00:00+00:00,1650.3973671803399,1008.6369545650493,1054.1932645624208,2.373550420611274,28.235850487488243,267.270486170408,109.95104892315996,4.813431305016778,-0.4441825698498091,45,0.04174510164511526,0,90,0.36933135997847627,-2.5513359061461554,6980.571531733554,20526.935480804106,5.438274496415624,2358.019064584592,935.8843006209214,88.2725324031382,4.9261460212817,0,14134,2.4329091590915355,17.13466528487226,4.910782875746045,15.421489404414618
SYNTHETIC_ROCHE_B_0020,LC · ROCHE-DEMO-B,2024-03-17T09:00:00+00:00,1722.4531929633206,1502.989246778284,1053.9405559648976,2.404749551548129,28.413359967321913,268.43352693327074,127.50223644949006,4.862259007147517,-0.3761519898324562,45,0.030064255328741733,0,90,0.7679966154057668,-3.2622452196243388,6254.10928744132,20642.795143752428,5.550025367393364,2334.895654248793,1250.2266948519139,81.56325850494645,4.616508804766451,0,14134,2.4394628153778912,17.435110773712047,4.855563323500598,15.44381199494497
SYNTHETIC_ROCHE_B_0021,LC · ROCHE-DEMO-B,2024-03-21T09:00:00+00:00,1552.3275941606196,1139.9557448882247,1055.2372711951743,2.266095862744148,23.62193206322754,217.57787972584018,98.75605120076433,4.8319435018371575,-0.4923038698412881,45,0.05068148124194995,0,90,0.5382246202924932,-2.3506362722753966,6805.505342430666,20901.275765062554,5.098255917832006,2980.809199864612,826.6742624153762,94.2076227683533,4.720225804457486,0,14134,2.4238235783208033,16.564383209950165,4.9252534883377885,15.32767562376052
SYNTHETIC_ROCHE_B_0022,LC · ROCHE-DEMO-B,2024-03-25T09:00:00+00:00,2018.268146916033,2447.4585040461693,1041.3732734731016,2.3209415234968325,59.74306168596194,307.41849201355467,209.49999547553364,4.780026391342336,-0.40303490263966124,45,0.03471905882602634,0,90,0.48360070141351735,-3.2551441968070307,6747.655135814418,20722.84414619079,5.293301423593742,2445.65301371988,2857.0918697791835,115.25976697084926,4.585165807735031,0,14134,2.453809259791192,17.054620064619595,4.931404658681919,15.422892907483373
SYNTHETIC_ROCHE_B_0023,LC · ROCHE-DEMO-B,2024-03-29T09:00:00+00:00,1887.4568164112384,1867.5986527335835,1045.5238806292361,2.297644556002942,50.621701512311134,234.24371927767038,155.63626542374146,4.8141471738082675,-0.5077647363602756,45,0.0453510761412974,0,90,0.3967738408793755,-2.6667426604780156,6581.840051322348,20979.78984523467,5.0764590778624,3046.7553435667664,1863.6094285037616,101.61959647036456,4.849911053313052,0,14134,2.4254842741679976,16.577204370293163,4.960100778203478,15.326860664643196
SYNTHETIC_ROCHE_B_0024,LC · ROCHE-DEMO-B,2024-04-02T09:00:00+00:00,1711.5785125038594,1368.7799706302048,1042.8787272629218,2.123503499341782,78.09551305860894,243.29835848384968,130.11133105898068,4.652812531329667,-0.41424408295945453,45,0.03805183222345292,0,90,0.24892076012822098,-2.9358291484688928,7708.231112156258,21178.63570883599,4.772411057803523,1972.2078460567986,1267.8577433613893,96.1427891743707,4.607644677614062,0,14134,2.4795464408195187,16.349508951336485,5.072745043221295,15.300670550115722
SYNTHETIC_ROCHE_B_0025,LC · ROCHE-DEMO-B,2024-04-06T09:00:00+00:00,1607.9874586790074,1470.643644171601,1046.4140905529741,2.1529003689815465,33.296294278844705,275.3966574168381,126.97934513554789,4.7014558660450945,-0.40559247308272606,45,0.03848929199839194,0,90,0.7669067801068054,-3.357464320293122,6640.247649994331,21172.798113278124,4.909798655693831,3004.686009543499,1139.1400134505056,89.69495003955713,4.69196400509566,0,14134,2.4625421462260006,16.713361461603853,5.043727730244156,15.339805616439058
SYNTHETIC_ROCHE_B_0026,LC · ROCHE-DEMO-B,2024-04-10T09:00:00+00:00,1708.1733732715118,1853.2908525008952,1045.4798864364723,2.2534931163209104,87.45926146781166,245.68172680738175,157.18853270693816,4.765921857283796,-0.41240967270489814,45,0.03277072820842588,0,90,0.7002644851260895,-2.491719864108481,7158.0371454957285,20737.97748879737,5.050446903675909,2618.8350764245283,1614.4667165464164,98.12217251109288,4.507693682935933,0,14134,2.462555404808659,16.648344353524223,4.942105462934392,15.40722315817126
SYNTHETIC_ROCHE_B_0027,LC · ROCHE-DEMO-B,2024-04-14T09:00:00+00:00,1862.622827740595,1695.5272882581755,1050.0982484482456,2.4560995256351594,34.54037183959899,223.49687505586735,148.75608265638834,4.9171085464432345,-0.5043246376083363,45,0.04349353215603007,0,90,0.13459833312417407,-2.728516211147076,7232.311665397455,20559.306565023955,5.533900635618762,3094.572970139536,1819.5436084008143,110.19201486988796,4.776454636273256,0,14134,2.407976201895173,16.988733148437753,4.815648526619709,15.409854280628803
SYNTHETIC_ROCHE_B_0028,LC · ROCHE-DEMO-B,2024-04-18T09:00:00+00:00,1763.3328624198848,1451.9526288810648,1046.0336986436814,2.349287889733381,33.028964372292435,233.48132655692976,134.8303976070437,4.809778421598788,-0.4919545591211473,45,0.04556847096609436,0,90,0.16044528496034588,-2.612251692619588,7697.062542043925,20873.84925668382,5.299854975248477,2808.0251492336397,1414.9676488422183,111.77301609534602,5.072086059401498,0,14134,2.405868167907996,16.808803804874103,4.95937035790222,15.332111956814025
SYNTHETIC_ROCHE_B_0029,LC · ROCHE-DEMO-B,2024-04-22T09:00:00+00:00,1503.843134711499,1401.0204076854116,1053.163112108357,2.2567968468676427,36.181355518751644,238.1722896489617,114.08791174275487,4.768737379054902,-0.4573190695437425,45,0.035483949148429735,0,90,0.4988832957133789,-2.670638104468461,6915.427769362763,20991.25730840958,4.957619720149995,2548.6176002688962,1656.9616341082524,108.09777049109593,4.471087788235848,0,14134,2.445303663157132,16.412774092799303,4.9433940422215175,15.309935925258333
SYNTHETIC_ROCHE_B_0030,LC · ROCHE-DEMO-B,2024-04-26T09:00:00+00:00,1970.125350216499,2155.130190334483,1052.1305092463838,2.3973855104898805,26.934108752905242,312.4316649679719,187.4083046577955,4.8458082815616805,-0.45586998857641764,45,0.039468767183234194,0,90,0.42073048544969815,-3.769005100563634,7045.109528376065,20831.02712230621,5.402357534360881,2939.0435064053754,2279.4628299125557,102.35192296734148,4.683132594495585,0,14134,2.432296723004063,16.705015000797477,4.865780424055182,15.345176434513583
SYNTHETIC_ROCHE_B_0031,LC · ROCHE-DEMO-B,2024-04-30T09:00:00+00:00,1652.2778531457327,1181.1584238986427,1050.2802081467153,2.2149890581733525,41.45708014625846,287.07444598842716,110.64449352881655,4.718032362155611,-0.42868079402948556,45,0.034815587375138825,0,90,0.9702349072768789,-3.2354245906050774,6419.220650309902,21194.252977354503,4.968294250467985,2478.217586323657,1343.4522083856275,91.92158635308886,4.813810780213593,0,14134,2.449082774806697,16.532621510743077,5.042154055443125,15.323517438035744
SYNTHETIC_ROCHE_B_0032,LC · ROCHE-DEMO-B,2024-05-04T09:00:00+00:00,1763.211429998859,973.2254963671196,1053.0945459671868,2.3054728642007736,21.49176675706575,184.23640857663028,77.56467016975661,4.821283202797379,-0.42562899256144404,45,0.0390510992904079,0,90,0.3334708776660207,-3.31004400223765,7026.776625089013,20740.398160133336,5.255145929543031,2565.1937191847605,1074.242484162153,104.41923722772913,4.520354626354478,0,14134,2.4399353412508913,17.13949588368826,4.888471277157948,15.4661565342866
SYNTHETIC_ROCHE_B_0033,LC · ROCHE-DEMO-B,2024-05-08T09:00:00+00:00,1731.2506100463404,1189.3307534874425,1047.7517081479034,2.3625716806394683,19.56656972166964,314.0793529760871,150.854437617693,4.822674809832483,-0.4811247798325922,45,0.041197096376324994,0,90,0.25917538896615205,-1.9087867258327498,7311.361263056872,20315.376632842246,5.404075414287481,2580.6375124340175,1151.4705005825313,113.28413006144483,4.999012527804456,0,14134,2.4171608330420478,17.436146804961098,4.905666102964537,15.427474260294169
SYNTHETIC_ROCHE_B_0034,LC · ROCHE-DEMO-B,2024-05-12T09:00:00+00:00,1923.3329943231406,1151.3216763834362,1050.5747616935826,2.2244235769236496,25.498127406276062,224.93880281408437,96.03542269306084,4.77842684281024,-0.4899299532949897,45,0.043791209174496505,0,90,0.13951011242853367,-2.2942046032285255,8096.610621386415,21133.20096610023,4.901652369331403,2920.171494576224,1158.5359921098354,101.01816655641095,4.7755510451360905,0,14134,2.428867646178476,16.188482011618202,4.997254380778819,15.256216924945967
SYNTHETIC_ROCHE_B_0035,LC · ROCHE-DEMO-B,2024-05-16T09:00:00+00:00,1666.9465576278299,1283.7047085082927,1047.9536578219586,2.331037208821577,24.07893185156486,262.00572470321146,129.307203421335,4.825446507307747,-0.4884288308002225,45,0.04281818029205992,0,90,0.33947940829952733,-2.4398493642999237,6684.470147048722,20688.013616422293,5.353195116997735,2437.8710425523727,1344.8266807800937,91.06334278040359,5.016724392421724,0,14134,2.4153713582555545,16.89814027267777,4.921025572280074,15.358478490267938
SYNTHETIC_ROCHE_B_0036,LC · ROCHE-DEMO-B,2024-05-20T09:00:00+00:00,1739.1839326379645,1733.2022869610748,1040.1295078351438,2.270933816814368,53.2869307771748,280.2312961236937,173.50989760243058,4.686071026797704,-0.4213063517720704,45,0.03942693026535391,0,90,0.297458861539754,-2.5452798646228993,7082.969627524256,20704.59656352614,5.108913796048283,2668.82052877774,2072.118708865482,102.8687738171146,4.855277817905152,0,14134,2.4545856403323665,16.81717864618028,5.029997864400779,15.392837574875255
SYNTHETIC_ROCHE_B_0037,LC · ROCHE-DEMO-B,2024-05-24T09:00:00+00:00,1802.833132413495,2749.65986390449,1052.229764348412,2.630366864736423,11.5256708438685,300.0876642029824,297.5320058570383,4.969376908610801,-0.6061364484216847,45,0.053909056989836786,0,90,0.23646105863631364,-2.5648195576691553,7390.554234553564,20438.644487353522,5.8836867394601935,2862.7293662140682,3187.7950969398107,107.19216804321134,5.167620019168642,0,14134,2.37042518908112,16.80414241964689,4.793990262930372,15.284932702651787
SYNTHETIC_ROCHE_B_0038,LC · ROCHE-DEMO-B,2024-05-28T09:00:00+00:00,1620.972383755291,1853.7346945689324,1049.3477121185974,2.406111562336146,29.442855654246824,274.34392791202447,190.4984632313708,4.85306765316165,-0.5278757864353525,45,0.044746823158151504,0,90,0.16837358329597718,-2.8324870769239165,7346.9435597470665,20774.216936357305,5.357944572693334,2890.673084481363,2039.1531510609823,91.32665479306748,5.075448373934915,0,14134,2.4043458814832586,16.724377173099192,4.90320628806537,15.3160331772259
SYNTHETIC_ROCHE_B_0039,LC · ROCHE-DEMO-B,2024-06-01T09:00:00+00:00,1709.269423249754,1594.2284243141607,1048.4382044148733,2.338043493222086,31.906645655378178,255.49459386746923,147.2473049762813,4.818733477278824,-0.45142505837785896,45,0.04349876130261636,0,90,0.1721579733811162,-3.7868521623493896,7416.762661010271,20853.770503590553,5.33134942939414,2596.6954473327205,1333.534637659918,89.78845494051106,4.898438304320216,0,14134,2.4231458909435233,16.954229048418927,4.9222574427634616,15.350449227112943
SYNTHETIC_ROCHE_B_0040,LC · ROCHE-DEMO-B,2024-06-05T09:00:00+00:00,1671.991958424671,1388.861721819547,1049.6821611072107,2.266855092403041,68.49749958468425,239.3362550033019,119.45194636084749,4.789600470639219,-0.3434796847980908,45,0.02729073074805544,0,90,0.49630853613772385,-1.8801693666463926,6758.8216505108685,20293.136290813614,5.24557504611686,2315.701209031535,1586.058623741863,96.2732070635848,4.398583374745137,0,14134,2.46216353377076,17.61521563280708,4.918069467474575,15.527765657879598
SYNTHETIC_ROCHE_B_0041,LC · ROCHE-DEMO-B,2024-06-09T09:00:00+00:00,1808.154643692176,1069.666419800601,1058.9655679245002,2.29072013130192,30.09132537331904,233.61511227316421,101.22927468497882,4.800755555060106,-0.46042434887960343,45,0.039492140642341855,0,90,0.3490176582878004,-3.4179097231355255,7176.782131342309,21143.171729749676,5.113583977076274,3088.8087648283154,1075.8708035733605,101.54880567352404,4.608959024510497,0,14134,2.4415494257285904,16.474539354609135,4.944090684681153,15.293972353366996
SYNTHETIC_ROCHE_B_0042,LC · ROCHE-DEMO-B,2024-06-13T09:00:00+00:00,1541.9120273924132,974.9153383326155,1045.87525366955,2.158727841959314,41.97072906679888,237.3769920240461,89.85495755856468,4.683237857286786,-0.30124239528417446,45,0.021618703636258133,0,90,0.6641633507760669,-2.6911407841676773,7239.901070841724,20669.301011890344,4.927002391128781,1794.4577100981237,959.5755320787165,98.69959171781635,4.377080806175305,0,14134,2.485520944545905,17.32527445265858,5.020187116370449,15.484274428262935
SYNTHETIC_ROCHE_B_0043,LC · ROCHE-DEMO-B,2024-06-17T09:00:00+00:00,1499.9595297007788,1583.3826236196464,1048.3896606363135,2.4124962275101844,21.632804432298926,235.5127208487211,157.57956702882612,4.850548468299235,-0.5417376674610129,45,0.0479979428684809,0,90,0.15998120415909245,-2.832572798368285,7348.012834306544,20830.134179225555,5.418969407957578,2268.7573727164663,1444.3962764141504,92.9742623186088,5.03587041446812,0,14134,2.4060948431823643,16.605568474397792,4.900240502153542,15.289496382432095
SYNTHETIC_ROCHE_B_0044,LC · ROCHE-DEMO-B,2024-06-21T09:00:00+00:00,1891.5149601069352,1654.5996037200543,1049.6357031345183,2.2674827167590346,26.06025894035621,249.7637769867089,153.4591149384037,4.74055056079529,-0.42865519795709944,45,0.04096502458492931,0,90,0.13345629261240521,-2.7311237380966533,7843.643375220982,20734.526783065412,5.196261542067518,3119.3111631318334,1900.1557633477357,103.06927579361958,4.708855826366117,0,14134,2.443769744148119,16.807922565020736,4.977852399069587,15.389052565984464
SYNTHETIC_ROCHE_B_0045,LC · ROCHE-DEMO-B,2024-06-25T09:00:00+00:00,1633.2349652961686,1502.5696105685972,1053.2579052941678,2.4145062764693184,25.26038553022676,273.867171665439,142.2303803331177,4.893839690947484,-0.49787166689016726,45,0.04410001826663698,0,90,0.3392284174390807,-2.1833332473431697,6420.402916484691,20618.950500071078,5.447171637051573,3127.5607750937106,1375.23279902599,88.30964208602352,4.939723871771394,0,14134,2.4042777288819037,17.06804310179946,4.891197744709894,15.374782126513342
SYNTHETIC_ROCHE_B_0046,LC · ROCHE-DEMO-B,2024-06-29T09:00:00+00:00,1678.3675923165101,1268.4767004670475,1046.9082396121246,2.2672792567257285,38.2676159442294,205.88750061704735,104.56057677348237,4.806704856796044,-0.38068884515994555,45,0.03048850024053745,0,90,0.09508974712308557,-2.0350837188021,8119.892268032745,20543.84148524521,5.245157564409071,2808.492715396824,1381.5184896696494,105.29268515989887,4.566192182193639,0,14134,2.4576198708901917,16.92961360557571,4.943337457105469,15.4552448380581
SYNTHETIC_ROCHE_B_0047,LC · ROCHE-DEMO-B,2024-07-03T09:00:00+00:00,1731.4596747421729,1511.246800727686,1048.1216558504084,2.4298413187013383,28.389211446335835,198.17939863462448,112.87289658375937,4.92648066488515,-0.5009072678845782,45,0.04006673886434172,0,90,0.2606329999540392,-2.2563107362615065,7538.345224913931,20586.98155330299,5.459433749466248,2262.6018131141464,1618.6630604353124,103.45400543891976,4.6829187237632866,0,14134,2.4261810609675285,16.61131003108601,4.8306179634691375,15.333383519596381
SYNTHETIC_ROCHE_B_0048,LC · ROCHE-DEMO-B,2024-07-07T09:00:00+00:00,1686.4789174087907,920.0034349081419,1053.1641668834864,2.298160772440046,33.631113620614485,289.0094117999232,95.97347354233568,4.747580790724472,-0.44569811778429785,45,0.04059903390295831,0,90,0.8984453251288003,-1.780179685317075,6462.061613159538,20622.12933646461,5.2247797139149785,2849.7637102787917,1072.5477605359927,83.00016815764621,4.870251346049244,0,14134,2.4305873149481982,16.919919098646385,4.978225528035928,15.387268948172007
SYNTHETIC_ROCHE_B_0049,LC · ROCHE-DEMO-B,2024-07-11T09:00:00+00:00,1729.7216880632957,1182.036722619233,1043.3665120297876,2.208208008235752,47.81856085611523,221.9519261533574,112.51966970724995,4.735075091240068,-0.38819390619150623,45,0.03782654950185765,0,90,-0.006494413716331524,-2.2314694162308024,7502.290206253284,20598.363989528385,5.064711902248428,3298.0992406604105,890.4627101939046,88.7030454816454,4.616300178374097,0,14134,2.461999145751166,17.174141554690774,4.981068001066631,15.46316152103143
SYNTHETIC_ROCHE_B_0050,LC · ROCHE-DEMO-B,2024-07-15T09:00:00+00:00,1670.7308620048334,1195.0765347324302,1040.6564086688682,2.2281385809594094,32.06952532523468,201.4190835287961,96.10721450288055,4.777141660373185,-0.40201652632306956,45,0.03857415718179202,0,90,0.2698120364367096,-3.2702726431887204,7206.844641443797,20893.414194468354,5.120158946695242,2325.2184196741086,1110.218320487108,106.87940164755652,4.613480071088184,0,14134,2.449285621050053,17.16154477188838,4.952781926925552,15.431544761596523
SYNTHETIC_ROCHE_B_0051,LC · ROCHE-DEMO-B,2024-07-19T09:00:00+00:00,1874.5268897992426,1178.8743593888603,1050.444734998123,2.367635602727149,26.604394681996194,227.40487006439184,116.51765802942452,4.839630810328185,-0.4815844611464769,45,0.04618674121802244,0,90,0.17871346537724342,-2.554014148438706,7768.608094991722,20809.040063254517,5.32857399761191,2328.9146460584884,874.279323682873,109.5769951757196,4.810687298727603,0,14134,2.419586405307667,16.689934300087003,4.920508939767346,15.351730920651239
SYNTHETIC_ROCHE_B_0052,LC · ROCHE-DEMO-B,2024-07-23T09:00:00+00:00,2104.9649672451083,1035.5066858740236,1051.784557402599,2.3402362160515446,29.944881862472744,291.03818884953483,102.8889272690089,4.787276411292611,-0.38566547493574993,45,0.030147029408761006,0,90,0.5293320298095521,-3.0014001899908207,6859.671468673521,20773.29003700561,5.290999904320112,2647.0266925681103,1209.7679522400201,89.2831287773434,4.447771883390864,0,14134,2.4506832540063708,16.836889943907064,4.932756294283366,15.3588786111547
SYNTHETIC_ROCHE_B_0053,LC · ROCHE-DEMO-B,2024-07-27T09:00:00+00:00,1578.0299216438073,1514.1304278285772,1048.6835929985439,2.1563605254110003,63.54799931970125,247.0796213391458,121.13086037796523,4.706527693024683,-0.37083931881563925,45,0.03225925083176419,0,90,0.3926922389184523,-2.1525399185756138,6964.328939758118,20845.546995949113,4.882662645399416,2448.7508496972855,1357.4438429343493,95.064544861675,4.444027928570258,0,14134,2.4841631845849514,16.847448013252965,5.011956697394322,15.382262408497024
SYNTHETIC_ROCHE_B_0054,LC · ROCHE-DEMO-B,2024-07-31T09:00:00+00:00,1796.925402740924,1225.5693913569821,1043.8049346874611,2.186178887840612,58.05080319175985,287.09154402140945,114.07684556692978,4.738436976157606,-0.3899506601465543,45,0.032869728986395924,0,90,0.7548955345585648,-2.692277630619162,6472.464246940168,21030.231706225004,4.935087836019378,2471.385943665418,1287.1420784788459,92.39416750346938,4.485189226483482,0,14134,2.472168119182219,16.76553947168041,5.009201312789562,15.360446594528472
SYNTHETIC_ROCHE_B_0055,LC · ROCHE-DEMO-B,2024-08-04T09:00:00+00:00,1908.7451855935385,1378.7649493808963,1050.482895192692,2.5213944082160373,15.010385462268616,266.065884736992,150.80273774931092,4.917847251417349,-0.5468031855698845,45,0.05238358105400815,0,90,0.461437398802332,-3.2936384133239844,6311.299476044414,20670.07919314435,5.768019624457571,2655.7024470722417,1262.2028131983645,102.65033894846256,5.137630847721817,0,14134,2.393875329182468,16.99318801881902,4.824583034002701,15.352529645194053
SYNTHETIC_ROCHE_B_0056,LC · ROCHE-DEMO-B,2024-08-08T09:00:00+00:00,1747.082593428986,1530.4276594692449,1045.6904455885992,2.4441970819850143,40.16984900315996,236.70048685165796,157.88774945182712,4.852389062266552,-0.45836721679196374,45,0.04000082095198534,0,90,0.1548382639673506,-2.693130689816449,7010.978918980371,20574.012665904487,5.4664700474992864,2578.4223854103066,1365.4311958272096,104.28287408773126,4.810835075894184,0,14134,2.422603543915769,17.077257301275935,4.876545701061457,15.383315305637339
SYNTHETIC_ROCHE_B_0057,LC · ROCHE-DEMO-B,2024-08-12T09:00:00+00:00,1542.2343664904472,1202.2397236120432,1054.6300442389593,2.442999594336133,45.55244214066594,217.4281356262554,108.03779944312721,4.875659820108305,-0.4894697049529191,45,0.04108617002464314,0,90,0.4496553422616008,-1.8935789558979361,7377.234683528114,20472.14294414723,5.327225911330988,2304.8717257586254,1177.320763907046,116.04424207224687,4.690468692157757,0,14134,2.417029038548619,16.853049404095596,4.859654190751597,15.392611393644362
SYNTHETIC_ROCHE_B_0058,LC · ROCHE-DEMO-B,2024-08-16T09:00:00+00:00,1875.7759786632516,1379.19736134228,1049.7274999118401,2.5395305253779425,24.768888638897135,244.28661416332565,130.6382309100715,4.959731078511529,-0.5781060539965485,45,0.05250240235912792,0,90,-0.021971000824918614,-2.9260640744181927,7288.334447079887,20735.59898355921,5.729405660543912,2689.3487666522974,1170.8348318706674,96.30166760368687,5.271878043966538,0,14134,2.3666850610899295,16.828724457595953,4.832074386248008,15.305796380239727
SYNTHETIC_ROCHE_B_0059,LC · ROCHE-DEMO-B,2024-08-20T09:00:00+00:00,1971.2673224331554,1508.7315464710316,1046.8454639905904,2.1663201838189567,96.23229171550639,234.2612339603218,113.05151622340678,4.722117002873491,-0.40801891943793833,45,0.033649136721950496,0,90,0.5163848684221513,-3.1996359468552273,6599.940515502002,21038.741921187804,4.908015262361912,2678.691397593083,1403.3242653067573,90.28485443558793,4.590979368025056,0,14134,2.4590518059614466,16.68990906653286,5.009794230507189,15.367679446690431
SYNTHETIC_ROCHE_B_0060,LC · ROCHE-DEMO-B,2024-08-24T09:00:00+00:00,1413.7267654050443,1284.3655552786838,1042.4763388823362,2.3009522740111117,71.18494015604543,183.65971614144553,93.01323661881159,4.826858272971251,-0.3557673663081769,45,0.023638513261368586,0,90,0.8418271427864181,-2.625854463891269,6463.090476339973,20409.59873629868,5.328985958563653,2241.8442776839643,1732.426471211567,98.07757659203449,4.4035660299415715,0,14134,2.454097576580666,17.678046340613996,4.892353664814103,15.552904122322065
SYNTHETIC_ROCHE_B_0061,LC · ROCHE-DEMO-B,2024-08-28T09:00:00+00:00,1705.716561033366,1474.5998878224993,1054.2197030280552,2.3036801173872963,19.257155953585446,282.4856306723201,142.4665261497248,4.826753964988185,-0.5028935412434007,45,0.04616770477756375,0,90,0.4795144882355049,-2.6499594443185144,6536.072543724653,20903.44263872407,5.146391571006371,2893.180836965294,1097.1789515860053,106.11455924657237,4.842083125255647,0,14134,2.4193807159102216,16.666094783473323,4.893465130654366,15.350494115923382
SYNTHETIC_ROCHE_B_0062,LC · ROCHE-DEMO-B,2024-09-01T09:00:00+00:00,1569.2864209728236,1504.8533358385225,1044.8557698819832,2.3923342311018763,34.11853686350355,233.24587355721366,114.1540741780339,4.805183275066335,-0.4142235128169713,45,0.03550116669602831,0,90,0.6275403107555514,-3.318744625021464,7370.8810905834325,20674.882473242495,5.450664523300146,2763.780069722928,1648.6518482547294,90.04510657586948,4.796897109764024,0,14134,2.432721414623443,17.164290762164356,4.902695745720836,15.450331860861251
SYNTHETIC_ROCHE_B_0063,LC · ROCHE-DEMO-B,2024-09-05T09:00:00+00:00,1658.2952478349039,1529.296549320664,1042.4491156514923,2.313028285685312,41.76489432066959,247.0367651544022,137.65691647912968,4.797557269893951,-0.4027366111658007,45,0.03632279413026305,0,90,0.18347329935952061,-3.3730341800118495,7874.602925024516,20691.515602890428,5.343481073785722,2370.2102348365465,1661.7121335508668,99.05297057650162,4.593116663213769,0,14134,2.4404920701630983,17.228712996417386,4.907126019565018,15.433047689295154
SYNTHETIC_ROCHE_B_0064,LC · ROCHE-DEMO-B,2024-09-09T09:00:00+00:00,1830.7966771583751,1295.6685928905142,1045.5680215262903,2.316597811111375,36.195992378415134,221.46100437927103,120.49651736189614,4.832540545717012,-0.4059991119803137,45,0.038960427039380595,0,90,0.11174450053508489,-3.018619332410788,7311.446361792436,20554.4120209295,5.47081710589513,2548.522313346395,1208.7125134681826,105.83351513144531,4.781963691368059,0,14134,2.428160074664963,17.44651757420002,4.890570446220341,15.435108921944174
SYNTHETIC_ROCHE_B_0065,LC · ROCHE-DEMO-B,2024-09-13T09:00:00+00:00,1814.0333453939716,2214.033154337152,1041.8946990759719,2.3341213179363467,58.822643160946804,253.25154804792598,169.49857853101233,4.8194393995699345,-0.5044990448559722,45,0.047153856153119574,0,90,0.43583597879185926,-3.780446420383228,6558.515135613428,21038.07311782671,5.162258417785994,4103.234166564877,2572.470248446073,97.04539053034807,4.792678358388051,0,14134,2.422028673478061,16.699205031231656,4.924715393655114,15.331026854507712
SYNTHETIC_ROCHE_B_0066,LC · ROCHE-DEMO-B,2024-09-17T09:00:00+00:00,1563.659994867715,1722.9943432841608,1044.8372160741162,2.283189798204551,61.77399227702182,272.45645985743926,152.13464548328474,4.79104482704088,-0.5047761208741821,45,0.04449509922859968,0,90,0.40697311023963273,-4.379013608845669,6719.1644901676955,21247.082490913937,5.161283584021455,2558.638890541466,2061.423925155563,90.29864996860353,4.944980877288335,1,14134,2.421423396543733,16.61642885230766,4.974855570303919,15.291408967054725
SYNTHETIC_ROCHE_B_0067,LC · ROCHE-DEMO-B,2024-09-21T09:00:00+00:00,1729.5179677544672,1254.1321584546608,1044.519046928246,2.2888311059588644,60.7660039015834,234.84699350578472,128.96923671211883,4.770109355299269,-0.3738776527301735,45,0.030697309010729305,0,90,0.5511795098535835,-2.7971532704972653,6907.44265973884,20510.853183145733,5.278182705622023,2333.4306833529845,1611.7239299250177,84.90536863109894,4.620600357408085,0,14134,2.4602599691750417,17.30553519069484,4.9252884563959185,15.480400441495267
SYNTHETIC_ROCHE_B_0068,LC · ROCHE-DEMO-B,2024-09-25T09:00:00+00:00,1578.1242506141489,1250.107296279577,1055.0102842347776,2.2022933302418606,49.3816182332922,208.9854626511228,98.5857672916629,4.770965178002378,-0.29707500112476226,45,0.018185808914631993,0,90,1.0560447038639242,-2.3697113837444617,6318.968432072855,20515.26654760934,5.085577663892738,2223.410780655759,1294.633308901679,88.31114921156995,4.321680954374404,0,14134,2.4751979530198076,17.498207555004875,4.958264038969077,15.50873184309932
SYNTHETIC_ROCHE_B_0069,LC · ROCHE-DEMO-B,2024-09-29T09:00:00+00:00,1624.0322311063617,1490.856678250216,1053.9038153036863,2.5159781010570113,11.451589932760285,258.77851630525066,137.4551648919696,4.916532769717482,-0.5367419677887567,45,0.05000708978218672,0,90,0.36996169711546995,-4.249480865118817,6681.1793376920605,20945.640785765292,5.6175269871018,2321.176664079408,1378.2107127082243,95.29893045458859,4.807657428339567,0,14134,2.407855194266139,16.677063391824092,4.834836018522728,15.29273767462444
SYNTHETIC_ROCHE_B_0070,LC · ROCHE-DEMO-B,2024-10-03T09:00:00+00:00,1527.9799648251887,1189.9687920427414,1040.0611086727522,2.3206253427808883,38.48415678767147,234.11652414862633,110.06645619240284,4.769291572665996,-0.47189535539741695,45,0.04297204470151313,0,90,0.26586584712219913,-2.5393660714760395,7512.6967685366135,20708.742791067332,5.203698747819384,1773.692452487542,1366.7574730723125,107.29959371887647,5.007909969918038,0,14134,2.425128667643656,16.78826547624107,4.9949335964038815,15.366561987025634
SYNTHETIC_ROCHE_B_0071,LC · ROCHE-DEMO-B,2024-10-07T09:00:00+00:00,1748.5943345813564,1286.7050019282467,1053.5603522477322,2.517611028603181,20.429375847955935,239.75047620952375,130.73553109066177,4.917898510854491,-0.5225940783221731,45,0.045368047931370795,0,90,0.41657421172547143,-3.6527735701275783,6704.812224979025,20753.353789244535,5.604951722165134,3052.5522497615816,1089.632672982026,101.2525191044116,4.891057572581835,0,14134,2.4128189254970764,16.84822582173933,4.8080129659415345,15.367043789678299
SYNTHETIC_ROCHE_B_0072,LC · ROCHE-DEMO-B,2024-10-11T09:00:00+00:00,1663.033250179647,1643.573560556637,1045.4404138367656,2.4008646108908067,37.406551042813014,245.22950163059056,137.2392322941188,4.868734618820646,-0.5290183525149638,45,0.04980030440545749,0,90,-0.024732447915109205,-3.306679380189918,7478.502487529343,21014.96926959944,5.337167103517243,2476.562490973038,1769.6071077600193,99.10563515186135,4.902462541099862,0,14134,2.399434149974896,16.62057460773527,4.892027638573345,15.33405467928593
SYNTHETIC_ROCHE_B_0073,LC · ROCHE-DEMO-B,2024-10-15T09:00:00+00:00,1773.5446819777187,1434.0277163607072,1049.5385802222181,2.4532470827791646,40.82005804411136,287.57384581655276,153.97167365484896,4.870275693513176,-0.5094595128636348,45,0.04522135816798803,0,90,0.3744425153876274,-3.3259858470809607,7050.127352644961,20820.293777321065,5.504354298437098,2104.970561761466,1429.9370174664941,103.44698671055633,4.945852300988834,0,14134,2.411300512808581,16.58945574143895,4.87120837779224,15.32210511133325
SYNTHETIC_ROCHE_B_0074,LC · ROCHE-DEMO-B,2024-10-19T09:00:00+00:00,2119.9603816866293,1456.7664062864646,1046.1026394157973,2.3109420874255635,33.04648249247173,260.1945100029871,133.2572413114908,4.804937938748554,-0.4170322848339607,45,0.040240057878999175,0,90,0.19135041152661805,-2.049420255909225,6801.27721331592,20321.79946124971,5.470967880724683,2619.2693489162484,1320.8512502377075,106.29264257428665,4.8973144941956335,0,14134,2.4297082438213202,17.318763195828453,4.928160456688071,15.445864542060903
SYNTHETIC_ROCHE_B_0075,LC · ROCHE-DEMO-B,2024-10-23T09:00:00+00:00,1630.1621110791996,1755.5061806882784,1048.6362744037779,2.34803181617265,43.67849149171194,254.13761274794922,153.79459063192914,4.826557391990937,-0.43312427340147075,45,0.03396829667606316,0,90,0.7757306508448769,-3.35976478080549,6848.957877063469,20741.792582723014,5.271924333845164,2038.740949608,1742.8083547621547,92.68553655088115,4.607978960019991,0,14134,2.4380965117210605,17.169909765414374,4.90012214778976,15.397311975401504
SYNTHETIC_ROCHE_B_0076,LC · ROCHE-DEMO-B,2024-10-27T09:00:00+00:00,1716.0351022440866,1234.788245702782,1044.0148158118793,2.3664275071502185,28.389659436017002,231.2177515476765,129.0902166565153,4.82402736466514,-0.4525644676868115,45,0.04130873860236051,0,90,0.08173953397540153,-1.7314652002790005,8081.60008561688,20329.23872972452,5.398900120708785,2605.8149347839653,1604.9772923653359,124.28308168872827,4.722591285156601,0,14134,2.4261027462696827,16.886860135531617,4.886667961454589,15.388931444352277
SYNTHETIC_ROCHE_B_0077,LC · ROCHE-DEMO-B,2024-10-31T09:00:00+00:00,1480.9955269088439,1736.4744693592995,1045.5953921980135,2.5506789689869875,19.640179468018076,267.89953130243225,171.42556279002227,4.931180271323379,-0.5174990307064601,45,0.0421052265413615,0,90,0.5838003167865214,-1.9213195185631458,6866.712732828357,20363.91838551441,5.6638786143493505,2005.1893549320682,2058.3320610166847,95.37726901532778,4.956361563342007,0,14134,2.400541799560785,17.138980034478163,4.803701294316501,15.399646075473939
SYNTHETIC_ROCHE_B_0078,LC · ROCHE-DEMO-B,2024-11-04T09:00:00+00:00,1620.1910552075935,829.7293218784976,1050.8020496532645,2.1880772804092214,44.965423316734594,223.82381359245142,90.18371616066707,4.7056498232602095,-0.39492185330634916,45,0.03188379836824512,0,90,0.3288022133801127,-3.043803671915389,7547.129895307676,20929.52468346654,5.007832779021987,2152.172293259199,807.8961920936412,87.47736871412967,4.833273606316615,0,14134,2.454825556124614,16.972238760284647,5.049210521406404,15.393326316205272
SYNTHETIC_ROCHE_B_0079,LC · ROCHE-DEMO-B,2024-11-08T09:00:00+00:00,1666.841589026758,1517.8295545183596,1044.3093114117705,2.373869168193995,41.437339302613914,248.90846429968298,125.69297300561803,4.88063323017337,-0.4679558518613765,45,0.0338320975621965,0,90,0.6472976010873835,-4.06544263490653,6487.019182064982,20819.505465093185,5.371895710147858,1949.3320806185234,1549.5680326316456,108.10802905433037,4.532432548130808,0,14134,2.4289550087571485,17.022975316240924,4.868519938899997,15.406873463149267
SYNTHETIC_ROCHE_B_0080,LC · ROCHE-DEMO-B,2024-11-12T09:00:00+00:00,1794.7940427931514,1191.3733953693768,1042.101136090898,2.488201502794308,11.903986428352296,261.4465091735151,111.4247967176753,4.92238800432976,-0.577498502014072,45,0.0543243551609022,0,90,0.07091362862619732,-3.4103573926781827,7268.865673723668,20812.909309455285,5.630142777926163,2593.9042074884105,1275.1301219441123,98.51338443863176,5.206528695623692,0,14134,2.3863721332645316,16.836102047931057,4.849094093088317,15.30684483289361
SYNTHETIC_ROCHE_B_0081,LC · ROCHE-DEMO-B,2024-11-16T09:00:00+00:00,1546.3957323690602,1372.6653585320178,1041.8610544153264,2.374301576411209,42.41538025564321,226.7660205108362,125.97704083780043,4.825071199870413,-0.4749289056098533,45,0.04701470233513097,0,90,-0.015548753180249376,-2.9314346418745223,7800.269865816848,20756.54067377031,5.443204523605252,2251.9855375582083,1136.6426827727132,109.47930776754136,4.856297985255966,0,14134,2.4197768213521993,16.692365205808592,4.901361806060519,15.352929698986006
SYNTHETIC_ROCHE_B_0082,LC · ROCHE-DEMO-B,2024-11-20T09:00:00+00:00,1585.8161855194505,1411.573043699262,1040.863276110027,2.2869117804561014,53.502483272060246,232.75404715375694,143.91512980309093,4.7903854897950255,-0.4856832268449563,45,0.04620924567375839,0,90,0.2611378399666811,-3.5244534333455215,7084.513556395706,21057.747469535174,5.206701878707977,2421.4599388086126,1373.8254668769362,94.5524923088181,4.901729651173438,0,14134,2.432683554837796,16.395680369230767,4.965105346544661,15.254687720830105
SYNTHETIC_ROCHE_B_0083,LC · ROCHE-DEMO-B,2024-11-24T09:00:00+00:00,1288.8961170120838,1068.9702274472206,1047.4398777282229,2.2695936047328633,54.98048906341274,224.46466762882875,98.47630553706941,4.768586119286456,-0.47015300534313553,45,0.04100360390568959,0,90,0.45622041815805275,-1.857785996983749,6231.615942301299,20805.06288726609,5.071948314515996,2099.971177325268,937.0399384733595,98.23917493200923,4.676439037006602,0,14134,2.4352663875829994,16.598725670069506,4.958013741217469,15.351315295510727
SYNTHETIC_ROCHE_B_0084,LC · ROCHE-DEMO-B,2024-11-28T09:00:00+00:00,1910.633613248261,2100.4826773325153,1043.464107739547,2.3328194809225,79.07378094963626,251.5406320471326,158.98849681239304,4.827924796325428,-0.4612524127056416,45,0.03651531181303396,0,90,0.3499032774896297,-2.545227892289888,7050.345526255663,20688.88572513121,5.24557956203586,2106.8641338760094,1718.0341902023538,101.71566939106786,4.7575911379826215,0,14134,2.440421589702579,16.879733672696727,4.926617941108811,15.395307035084503
SYNTHETIC_ROCHE_B_0085,LC · ROCHE-DEMO-B,2024-12-02T09:00:00+00:00,1751.1852292938456,1816.3682366644514,1043.5794043799813,2.2959656150540524,50.493137224808166,216.95512852737133,117.85191621551688,4.784369980642406,-0.3565958655192651,45,0.030018253575941452,0,90,0.6224738211454881,-2.017871507721267,7184.011287926995,20435.12749657818,5.256380038485327,3110.235919522106,2020.4138783484975,98.28455146468085,4.315073737447823,0,14134,2.463654902036281,17.141184185727244,4.905514007450154,15.501181120223215
SYNTHETIC_ROCHE_B_0086,LC · ROCHE-DEMO-B,2024-12-06T09:00:00+00:00,1560.4691403869942,1424.8595123396121,1047.879669454938,2.365130027545677,29.65537323330073,240.7261839373551,151.02214552183565,4.843259344363842,-0.4349018638308315,45,0.03903559647449264,0,90,0.5802068209269247,-3.2171388034282353,6649.038565205688,20501.88210390992,5.528008038713204,2191.6514214085473,1678.25874591773,104.23469792953534,4.838075039941006,0,14134,2.422487445354157,17.572517292544607,4.878137509808953,15.460147033048734
SYNTHETIC_ROCHE_B_0087,LC · ROCHE-DEMO-B,2024-12-10T09:00:00+00:00,1996.998084742022,1569.9187492734459,1049.1097596416234,2.461360217345643,27.17116250709442,242.1501135790956,140.7539333475438,4.8872266251905865,-0.4870984673561022,45,0.043379553916591214,0,90,0.11755481679447903,-3.3689795899303157,7879.715778693715,20680.160719341726,5.694062253847113,2761.618891111198,1301.436630906575,84.76340246062396,5.023604563977527,0,14134,2.4204325245878278,16.896478705997765,4.861287540078793,15.336985483821916
SYNTHETIC_ROCHE_B_0088,LC · ROCHE-DEMO-B,2024-12-14T09:00:00+00:00,1676.4669138906052,1606.5324468760066,1040.726843206218,2.243520944009603,56.3668905133663,227.06977003855954,120.81209100358046,4.77681998495633,-0.4591961593605619,45,0.04042613418305495,0,90,0.3529085008716762,-2.1442217544169004,6722.225643508403,20914.471442052323,4.990524515449621,2373.1122450890316,1521.4355532421691,94.74029778957542,4.607435814713505,0,14134,2.442150951190294,16.51082819987363,4.986098163456786,15.34272557324918
SYNTHETIC_ROCHE_B_0089,LC · ROCHE-DEMO-B,2024-12-18T09:00:00+00:00,1678.3525313021585,1552.3988159558037,1047.6395540951237,2.355452661132354,21.608932187178823,222.85659373298287,139.0441329167374,4.838775094533604,-0.5121540156234963,45,0.053499597829563865,0,90,0.42939965105822225,-4.133447213807367,6698.132839541043,20989.440132971962,5.299421693545733,2388.012675732541,1466.4369414641073,98.68766290939442,4.907575878234558,0,14134,2.4181970402008566,16.87175231296971,4.900961090164987,15.3278945798947
SYNTHETIC_ROCHE_B_0090,LC · ROCHE-DEMO-B,2024-12-22T09:00:00+00:00,1636.1956115287217,1591.6207329426059,1044.894780635726,2.3953966480709004,43.612120218274846,236.3955837364318,144.58451399964605,4.853170920978057,-0.45795309222735,45,0.03953795609816139,0,90,0.4501368079066341,-2.9136623913310635,6922.753935091884,20708.338749846163,5.377697187960377,2443.779531709034,1572.101315019121,105.97741466458311,4.47033822172514,0,14134,2.443010906919484,16.73494345666073,4.846585033452413,15.363648813662817
SYNTHETIC_ROCHE_B_0091,LC · ROCHE-DEMO-B,2024-12-26T09:00:00+00:00,1790.0566402904278,1309.8280770218091,1045.8563451042128,2.310124841975409,33.77058286704657,255.86834314352927,129.37371787073187,4.782068364366289,-0.44748496629837586,45,0.04268704684618279,0,90,0.2816816538369958,-2.6308893881244755,6827.346296648149,20843.35095651125,5.219839766339711,2093.404401463591,1351.3914471849846,104.94662766224309,4.814976814237701,0,14134,2.435498218002686,17.02783446956878,4.956993147712839,15.397645648009195
SYNTHETIC_ROCHE_B_0092,LC · ROCHE-DEMO-B,2024-12-30T09:00:00+00:00,1540.7668649902434,1439.3380027328471,1046.966726070488,2.4558042890490013,32.56585294082148,235.6299384217892,135.9925520532732,4.898111051563972,-0.5176656267611727,45,0.046444584201411204,0,90,0.48659729689935494,-1.9521543718050949,6722.687761495356,20470.008432190865,5.482738941323575,2338.1976231718113,1220.0340798827465,109.09873526243985,4.7115740329714715,0,14134,2.4093798217393627,16.976690069577632,4.841115160545365,15.382976178611301
SYNTHETIC_ROCHE_B_0093,LC · ROCHE-DEMO-B,2025-01-03T09:00:00+00:00,1779.4193446868505,1150.0912562542783,1040.1824451415735,2.130824427683749,72.09820226062544,189.1378714787595,75.98612958086328,4.65662916773382,-0.3001174102784606,45,0.024671349344506356,0,90,0.7321855968025719,-3.4398177907116665,6864.007332124512,20932.559493194174,4.889982916347676,2308.3761625470343,1216.526072460555,94.37307926104015,4.444929702680035,0,14134,2.4788638357404267,17.490087846712274,5.030508289369148,15.507536893548473
SYNTHETIC_ROCHE_B_0094,LC · ROCHE-DEMO-B,2025-01-07T09:00:00+00:00,1417.2955841495022,1011.9350900575783,1046.0147300688047,2.3853011313040033,35.54894309674983,216.8859254792804,93.99333076654646,4.819661970697917,-0.4137615084319292,45,0.03599185899559607,0,90,0.056014004159969565,-3.172611828860762,7915.287109635679,20596.803219575755,5.5012618343819755,1968.4494222383628,1216.9956736545462,103.70262289619892,4.792305350729295,0,14134,2.4258164417035215,17.333205208461912,4.912847819635187,15.444841049567465
SYNTHETIC_ROCHE_B_0095,LC · ROCHE-DEMO-B,2025-01-11T09:00:00+00:00,1762.1924430756426,1581.2091672340239,1049.6624508553843,2.3825938569986937,27.73368771176386,239.49126136241503,144.33954896056267,4.843668627035962,-0.4373417136838492,45,0.03452297168296183,0,90,0.5820268115098932,-1.8537488768070256,6449.657257191732,20237.325293468508,5.585010842785795,2671.8944881829066,1634.425850118881,104.57352505653891,4.905068532685451,0,14134,2.4294377514244436,17.264374695301534,4.862852198716871,15.419700206667525
SYNTHETIC_ROCHE_B_0096,LC · ROCHE-DEMO-B,2025-01-15T09:00:00+00:00,1883.3451465504254,1313.1877150778203,1044.3921823609971,2.266457761829155,27.089757264091325,265.9304423584454,118.18354474527146,4.804824732627096,-0.5118419837972268,45,0.04366012343160009,0,90,0.3989725356260142,-3.0980606659880383,7181.991470859656,21245.197555335362,5.085857779406879,2740.9568406090634,1224.2483881304026,102.76016017110383,4.898929961125405,0,14134,2.4202515898102406,16.31747292818614,4.976364090794881,15.250290784809437
SYNTHETIC_ROCHE_B_0097,LC · ROCHE-DEMO-B,2025-01-19T09:00:00+00:00,1757.6883571575313,1475.2806157603918,1043.4957692624068,2.2553079911551954,46.89934487454426,244.82435461524238,125.49749817890297,4.729971700423985,-0.3887712783600658,45,0.032765694018547585,0,90,0.753146354603408,-3.524356397422776,6757.783997712921,20958.07348644348,5.0792749988446,2662.5629424775366,1636.0216586265165,99.80195922570671,4.627624986283538,0,14134,2.4585485645467253,16.86940091433312,4.9577890194624255,15.406937732987146
SYNTHETIC_ROCHE_B_0098,LC · ROCHE-DEMO-B,2025-01-23T09:00:00+00:00,1866.3741079010424,1514.18991457174,1051.9901693645447,2.4507727583345043,11.789387264117174,293.99951369686136,160.8158024935178,4.904890705080189,-0.5863515580515762,45,0.05297869477787706,0,90,0.20054280712281905,-2.27005987085394,7026.269242482135,20933.803201619772,5.424769279393858,2557.884612275381,1428.1391874939086,89.01531137384214,5.076833353692051,0,14134,2.3909553855066195,16.297582038916097,4.873221102478752,15.229495356919738
SYNTHETIC_ROCHE_B_0099,LC · ROCHE-DEMO-B,2025-01-27T09:00:00+00:00,1330.4666256836595,1708.4455235816392,1051.2249904648115,2.4835342963596503,20.107149758040787,200.32660991688172,135.5976004053983,4.8831948189348635,-0.4719722725059173,45,0.04273621444016471,0,90,0.3679142183077799,-2.5112122319991714,7910.591234678821,20508.092371682662,5.5039194562425555,2428.0454667305344,1769.602229463827,112.71192046680228,4.803696520586666,0,14134,2.4112827541461073,16.969409640459514,4.858366495638236,15.408583016521003
SYNTHETIC_ROCHE_B_0100,LC · ROCHE-DEMO-B,2025-01-31T09:00:00+00:00,1554.357384516874,1483.1893307545558,1045.2463434951612,2.2725221374357685,33.80574793817843,225.11098144240378,122.83743797062635,4.772289301700607,-0.36670693523085396,45,0.02979132779748195,0,90,0.5979111459063565,-3.111116586509098,6543.344493830883,20626.949036811162,5.267733742623139,2519.66425693704,1778.7996294948948,109.41212702436799,4.525518552250623,0,14134,2.4648654626735413,17.364638829899224,4.940386529639864,15.480638833204374
SYNTHETIC_ROCHE_B_0101,LC · ROCHE-DEMO-B,2025-02-04T09:00:00+00:00,2064.410261102784,1459.2285376676818,1049.3789620806708,2.348010185611732,33.44911339456578,230.48275017821578,138.7889351552873,4.789382401873059,-0.4018454451147844,45,0.0400151311165772,0,90,0.5060563143129913,-1.8872957598277973,6588.107238259149,20190.77759975751,5.494263143175593,3199.0359220969835,1482.119635819762,84.90639822303706,4.886450774591259,0,14134,2.437424668370237,17.57685950881438,4.9039340970496434,15.499164611357223
SYNTHETIC_ROCHE_B_0102,LC · ROCHE-DEMO-B,2025-02-08T09:00:00+00:00,1810.8421949123924,1051.3776783843084,1049.487801828556,2.2449915735774786,41.647013367366135,258.6266250626327,97.3123881107641,4.712991878988275,-0.3969624858290188,45,0.037261381180567495,0,90,0.2016776594496867,-2.0424665530197292,8019.319943590118,20620.31170839115,5.090647499347791,2602.8476574465267,951.365904973929,96.40185468727647,4.590576423549106,0,14134,2.45169086287809,16.949734436013706,4.989355821213186,15.426539478326703
SYNTHETIC_ROCHE_B_0103,LC · ROCHE-DEMO-B,2025-02-12T09:00:00+00:00,1492.5120959219325,822.8036787583329,1044.7475817583236,2.2244875227152967,37.0370703999813,203.1472084274278,66.48455723189646,4.776130969676816,-0.3929601968831601,45,0.03163684201583208,0,90,0.38554725773636134,-2.196784145901641,6995.772252108362,20703.1171585944,5.163212640142724,1938.8603613338125,730.7683400222975,95.5325267550836,4.664109308987861,0,14134,2.4518717683641316,17.066695475171553,4.965598516555199,15.435213075611902
SYNTHETIC_ROCHE_B_0104,LC · ROCHE-DEMO-B,2025-02-16T09:00:00+00:00,1781.161258206606,1402.886459753359,1050.4076458997567,2.2906846190359578,24.41670821841745,273.97035507514676,147.31123446469743,4.731118009319339,-0.4002073705610926,45,0.03603261995024817,0,90,0.5772301877108242,-1.7599906404861225,6498.594351040583,20626.930963633935,5.136576969060529,2811.5109207675027,1441.0288222152408,100.16788864005423,4.807805239435562,0,14134,2.4558276233645837,16.997434547944195,4.979371768914537,15.432516887817872
SYNTHETIC_ROCHE_B_0105,LC · ROCHE-DEMO-B,2025-02-20T09:00:00+00:00,1614.144919955438,1298.8243133949948,1042.5788748817952,2.371099730270197,51.633251829633764,198.42441665242575,121.9479167596688,4.826661795065463,-0.39343157307630977,45,0.03369766391014026,0,90,0.3327145965945343,-3.3375226490679193,7680.759085195015,20439.98347746404,5.438966142796044,2478.4404447581296,1320.766858926902,104.52234968902567,4.648292488609991,0,14134,2.446368421561872,17.458884839501653,4.902445563058675,15.50275341952031
SYNTHETIC_ROCHE_B_0106,LC · ROCHE-DEMO-B,2025-02-24T09:00:00+00:00,1744.819834890874,1059.375113353485,1051.8360702661566,2.1170953253710048,50.82142751523601,220.03812942634787,94.88221611605755,4.668480504811607,-0.3590796149524182,45,0.03202076998793807,0,90,0.25874638667863553,-1.9441577426189172,6980.889064844381,20754.533689533662,4.996338765688428,2044.6149953040456,996.1088333129821,94.26473502697219,4.788953345313391,0,14134,2.4651872323441344,16.863955732449988,5.053763537204289,15.380553164719572
SYNTHETIC_ROCHE_B_0107,LC · ROCHE-DEMO-B,2025-02-28T09:00:00+00:00,1917.3438447172252,1691.972867883212,1051.4600271768254,2.4255150596115578,38.2180168986419,252.92333287247797,162.22394631176067,4.91417211242827,-0.6048169339707238,45,0.054291438380454624,0,90,0.19377634064770005,-2.6256505149868055,7331.48578810906,20951.37113941467,5.355005165580199,2702.251489269328,1758.9742326268947,112.69658339691286,5.003904721028486,0,14134,2.383071498010818,16.21125878512791,4.878442687075496,15.233998007736492
SYNTHETIC_ROCHE_B_0108,LC · ROCHE-DEMO-B,2025-03-04T09:00:00+00:00,1628.8607045332665,1487.314786481417,1053.0511325750651,2.4856366726001413,31.1965953386026,269.7286408330274,142.7927282077884,4.9334824777286945,-0.5212983473901234,45,0.04012293867628654,0,90,1.0878771749661829,-4.029080543952327,5794.503426002334,20914.556412523703,5.443563069397114,2102.559323781328,1439.0034841968595,99.77823633956461,4.818318204402233,0,14134,2.401376591741582,16.816855328254064,4.835183936820405,15.351279553606108
SYNTHETIC_ROCHE_B_0109,LC · ROCHE-DEMO-B,2025-03-08T09:00:00+00:00,1637.5868557130798,1115.506977577399,1040.6151566206759,2.2698356808961355,40.06458803348674,193.66169554952378,105.67304908789363,4.785161381307631,-0.5134122780227779,45,0.04750085633138002,0,90,0.13458023700576618,-4.969464253385392,7472.011022212873,21272.64447318241,5.092133186871684,2749.510304336908,1118.0751780639634,107.357674046405,4.948985458184644,0,14134,2.408540327260008,16.57876866520895,4.99449306444003,15.29294822865021
SYNTHETIC_ROCHE_B_0110,LC · ROCHE-DEMO-B,2025-03-12T09:00:00+00:00,1673.255456337262,1280.6252988043132,1051.6458203435404,2.236754130096917,54.60018924029122,227.10684284251425,115.0886009588926,4.751047173326166,-0.44720879090643445,45,0.03848681831356447,0,90,0.555653290382486,-3.474963197492769,7134.593847481896,20947.522077413403,5.0139168063002,2622.4419672311665,1221.6187163580673,99.49349171769602,4.819997337458234,0,14134,2.4366137245760036,16.9122827314972,5.011761572210029,15.395883019784716
SYNTHETIC_ROCHE_B_0111,LC · ROCHE-DEMO-B,2025-03-16T09:00:00+00:00,2145.075273409115,1262.110981906789,1043.6408573022813,2.2600965213131317,46.290679617800606,182.61607458624036,87.54751296557825,4.772475840401707,-0.5065517074037198,45,0.048107272670011726,0,90,0.2934747453746396,-4.740840713609646,7257.603639402426,21471.705209732805,5.061970971107382,2508.6569698152275,1400.2404211803805,95.82228468991126,4.840000551937362,0,14134,2.4321095336425675,16.21426902663671,4.995305025447542,15.262556388651095
SYNTHETIC_ROCHE_B_0112,LC · ROCHE-DEMO-B,2025-03-20T09:00:00+00:00,1833.814244794267,1108.1736701428752,1049.0111714298025,2.3794156027242495,40.7760093587615,254.47440459106187,130.9164335888625,4.871904169211894,-0.5806177802112656,45,0.05110074607290691,0,90,0.04034873024884718,-3.6348233453088272,7030.821300636553,21124.80534479241,5.277302276353807,2610.8244798685273,1161.1190036900568,104.82565287269517,5.258581807912506,0,14134,2.394358371065588,16.402780682846277,4.944337970151055,15.253685101723796
SYNTHETIC_ROCHE_B_0113,LC · ROCHE-DEMO-B,2025-03-24T09:00:00+00:00,1697.6325464311753,1114.6928893067488,1048.7861982155553,2.1748857887005766,56.358058434477186,236.93518563420912,88.59586611420252,4.695769352245433,-0.3602038457323119,45,0.027666104845795236,0,90,0.4104549691186274,-3.211626119160778,7036.037816504585,21014.106550158704,4.923826034581783,2474.452130614959,1485.8193462419165,87.75996224308876,4.567133453178822,0,14134,2.47219389033868,16.829460349903396,5.0624193822078825,15.391801529245747
SYNTHETIC_ROCHE_B_0114,LC · ROCHE-DEMO-B,2025-03-28T09:00:00+00:00,1446.990605408758,1427.5897130903975,1049.300514835838,2.5106195066125316,17.44436483784244,230.93124866825465,136.13373374104364,4.894439354095606,-0.5047203101813678,45,0.043706948716870045,0,90,0.44827936322544404,-3.2724223644619324,6499.315878602203,20652.886110968633,5.620406739114385,2123.8848258174826,1559.048226472001,99.72308309391826,4.870068402008445,0,14134,2.405845745885584,17.0607425191968,4.8278898585657615,15.41724527725917
SYNTHETIC_ROCHE_B_0115,LC · ROCHE-DEMO-B,2025-04-01T09:00:00+00:00,1808.0635696331942,1376.7964526691696,1049.4583173199771,2.336788444536076,28.747515027194584,263.55477247934584,137.25328862186927,4.81135693007733,-0.4706587336095333,45,0.04088131255291014,0,90,0.6745386860366783,-3.387165082391053,6864.021180777946,20942.27338975507,5.241028261989331,3150.0820233489417,1393.854195319357,94.84875634285216,4.766976761091224,0,14134,2.433255913274497,16.677503928155783,4.924781732696396,15.312866708481408
SYNTHETIC_ROCHE_B_0116,LC · ROCHE-DEMO-B,2025-04-05T09:00:00+00:00,1682.3416174884303,1599.2768490508288,1047.1861404091935,2.3805456063208537,32.47730544689064,233.57415963042564,144.71374955998036,4.819032667659747,-0.4476345738888639,45,0.038234086341059584,0,90,0.22561249745718442,-2.7430023666585894,7471.604995641312,20567.671579344667,5.437355733270628,2492.309938001631,1590.9782370793578,100.6521345384821,4.7832859098484395,0,14134,2.422939675727184,17.194342475468048,4.890895601652652,15.43410388547074
SYNTHETIC_ROCHE_B_0117,LC · ROCHE-DEMO-B,2025-04-09T09:00:00+00:00,1666.7062411607185,1649.7705407805179,1045.719677342921,2.4366307479197125,26.132297967027203,202.85664064008154,149.78369875047858,4.88028003001161,-0.4612703817066154,45,0.03837934717214681,0,90,0.12401679345674585,-4.4160133480386055,7584.744440733664,20793.239925420134,5.609096124070463,2360.2621991878523,1833.7456763336177,101.19997766993589,4.7228585783126595,0,14134,2.4273900733162934,17.066364222789066,4.854099397778138,15.361262086644679
SYNTHETIC_ROCHE_B_0118,LC · ROCHE-DEMO-B,2025-04-13T09:00:00+00:00,1673.8993821741503,1329.699947748695,1054.0070596564756,2.3042381849196576,26.39748509431544,222.660923040258,132.6198363951691,4.751690534202605,-0.4656524665586575,45,0.03999430887388525,0,90,0.26429619648984737,-4.611705615716761,7997.064569514756,21070.26684066879,5.150631642291745,2601.3903499690596,1667.2592236855335,105.37508724638448,4.925661882639148,0,14134,2.433097303440538,16.628284277548442,5.003485118017326,15.337770218406625
SYNTHETIC_ROCHE_B_0119,LC · ROCHE-DEMO-B,2025-04-17T09:00:00+00:00,1707.2660680942165,1455.6040800648248,1041.0840502567632,2.1726768489282735,53.90185139375924,216.28157283960996,113.55581285823803,4.740069475064824,-0.36995774378911933,45,0.031779625307001604,0,90,0.11827825716245263,-2.9223453147426475,7792.280726760087,20847.08480266115,4.991660118875456,2308.8044874675406,1643.69436189859,102.71698634855883,4.464293273771856,0,14134,2.4728325366611994,17.01121627748275,4.989965102819548,15.444985361915862
SYNTHETIC_ROCHE_B_0120,LC · ROCHE-DEMO-B,2025-04-21T09:00:00+00:00,1808.4112735760466,1332.8716444443194,1048.6298125217415,2.323012259759687,49.53077212097678,213.96061805892052,114.76615399216887,4.829187616555477,-0.4854646554833359,45,0.040021857903843036,0,90,0.2036533421864743,-3.5535483467613833,7289.325275818538,20943.735784691497,5.225017989855355,2474.11832285591,1261.102321228857,94.6597966217963,4.836840219305864,0,14134,2.4216249152683367,16.702520439775345,4.9278766399464144,15.349576166977677
SYNTHETIC_ROCHE_B_0121,LC · ROCHE-DEMO-B,2025-04-25T09:00:00+00:00,1986.6035666957007,1273.9793419171767,1047.3044328286414,2.401316736418451,22.77012532639178,260.294933113197,109.46453617402712,4.864965139131913,-0.48879819504062,45,0.044995037547126915,0,90,0.14823576502718996,-2.722752522458291,7496.192046892022,20729.221735317496,5.358569976941066,2247.200327279963,1566.312444835541,92.72307295803145,4.673975842321953,0,14134,2.413749679533362,16.78459632726119,4.886079781963144,15.349389428232893
SYNTHETIC_ROCHE_B_0122,LC · ROCHE-DEMO-B,2025-04-29T09:00:00+00:00,1735.701836009767,1802.726430362665,1049.827415821717,2.4323761295331288,29.678189513144872,253.50861070732455,182.7393001883826,4.84863765141527,-0.4589112349378155,45,0.03995050698862523,0,90,0.06367281281126154,-2.807670087217138,7996.834815580456,20429.389331163547,5.6041309864470135,2530.3807939660687,1669.047783908864,99.67177605385453,4.951983420954737,0,14134,2.423423102998074,17.16136748728277,4.86397472514231,15.402180561783833
SYNTHETIC_ROCHE_B_0123,LC · ROCHE-DEMO-B,2025-05-03T09:00:00+00:00,1852.4652447080682,1256.7170938140575,1044.2477754902613,2.294620830339059,27.186316735395494,229.6443358982562,106.36764046938299,4.784080926823645,-0.5152270077507688,45,0.04552216828854325,0,90,0.32281425132499375,-1.706172301581757,7060.483657709722,20775.997876879188,5.050961498077272,3218.815157597568,1189.0188774476867,96.85278513413459,4.92755115167601,0,14134,2.426664535215574,16.541431341936306,4.963005094095909,15.311821147968697
SYNTHETIC_ROCHE_B_0124,LC · ROCHE-DEMO-B,2025-05-07T09:00:00+00:00,1995.9556968754705,1678.0825465321357,1054.6709831303863,2.3915542716829434,29.45858057237857,223.07455777159475,148.56436944327308,4.886340442872895,-0.517137320234153,45,0.04768622948734526,0,90,-0.35720441606510395,-3.697776600032535,8022.014559111071,20809.066709833274,5.5091310752461835,2801.579617617011,1534.3998103695792,93.66171944071793,4.938625917745045,0,14134,2.3988603438584915,16.695568950735517,4.874407073136515,15.339787386797934
SYNTHETIC_ROCHE_B_0125,LC · ROCHE-DEMO-B,2025-05-11T09:00:00+00:00,1617.999175973273,1541.1937607049522,1051.0768654204626,2.335214993309596,42.0023385043878,207.59101804352395,124.06011797200983,4.805342528711649,-0.3679077511076967,45,0.02724457471165126,0,90,0.6769316574165933,-2.1145952623233972,6585.158344917899,20232.244024736865,5.43989713724205,3141.247406142245,1804.909475643063,90.87075982082645,4.709481194273089,0,14134,2.4464766292718694,17.657020115838563,4.921534577457231,15.497801923935121
SYNTHETIC_ROCHE_B_0126,LC · ROCHE-DEMO-B,2025-05-15T09:00:00+00:00,1560.62874876326,1508.3131436966873,1048.7566382592645,2.304723552392577,29.364713427980735,262.25535247505707,163.72117528813735,4.76982425577438,-0.46097530542975096,45,0.041767223750960224,0,90,0.38192367273647854,-2.610977956962887,7034.075285408596,20742.256144091825,5.217398526704358,2633.5166147055293,1606.2988258478194,93.71557828419894,4.992997471368932,0,14134,2.427865837935485,16.82953374209931,4.973418328100629,15.333520003369
SYNTHETIC_ROCHE_B_0127,LC · ROCHE-DEMO-B,2025-05-19T09:00:00+00:00,1746.006645703595,1599.274920497956,1048.9993502453042,2.2147831561538758,32.523219538715416,210.78285845409354,134.85239674693335,4.704111087187388,-0.4434218836428051,45,0.04538833021032392,0,90,0.030106440791538968,-1.923674022301388,8227.475239687197,20781.488224598445,4.976698618156467,2816.590582489222,1529.8951395776303,99.43484419026849,4.814710351289927,0,14134,2.444747295317842,16.751211144209613,5.015403210734487,15.357215133775288
SYNTHETIC_ROCHE_B_0128,LC · ROCHE-DEMO-B,2025-05-23T09:00:00+00:00,1670.586368070919,1015.7923833604336,1046.2956114211524,2.2441594004457466,32.317657961746164,194.6549762894347,89.11611935022985,4.77507934361336,-0.36933906546072515,45,0.03093117639895179,0,90,0.22835307055860535,-3.339265733636424,7606.652298030764,20861.707160712693,5.171795675804609,2994.893297020362,832.6655536797753,98.56275789912812,4.5392570035890785,1,14134,2.4600528472844228,17.30436933163842,4.939534853848529,15.456717863905528
SYNTHETIC_ROCHE_B_0129,LC · ROCHE-DEMO-B,2025-05-27T09:00:00+00:00,1641.9702518483164,1278.5662929859811,1055.7423944903878,2.279316690867733,22.11948649334781,266.61559916513454,128.2650707402449,4.787570218283682,-0.39719028128446704,45,0.02923900208928359,0,90,0.6914624578707858,-1.988486433914032,6415.381885356725,20754.736104075433,5.126717483170812,2136.9104967378657,1119.7000281329636,86.77386161427967,4.500295145366787,1,14134,2.4643342715503427,16.940108693841104,4.9299326188231,15.417503616311699
SYNTHETIC_ROCHE_B_0130,LC · ROCHE-DEMO-B,2025-05-31T09:00:00+00:00,1644.2429513403683,1744.708503852442,1048.301053297609,2.5146071488079516,17.034780981850624,267.72334867288964,173.02996639558341,4.896428483257154,-0.5381986860846389,45,0.049125204935735106,0,90,0.38931773116160234,-3.1214880024125913,6702.703446840036,20673.907740100254,5.592564305655271,2552.2775334353614,1687.8870282028374,93.49810475730902,5.056298713603064,0,14134,2.38943603389088,16.98204029194851,4.856726819904176,15.345847313260553
SYNTHETIC_ROCHE_B_0131,LC · ROCHE-DEMO-B,2025-06-04T09:00:00+00:00,1799.5375853270527,1383.9280902061876,1045.8473305417078,2.2618047483394745,16.762842637693996,301.6726005471209,129.7554177031788,4.78519748028176,-0.5002146468205451,45,0.04435372299435854,0,90,1.0168625571302623,-3.748756210802078,5566.325854615961,21191.98122245331,5.1484745203537,2671.6675828346874,1412.6999547809908,88.22185025515675,4.93301175174856,0,14134,2.4160400931071644,16.730826177813398,4.976407095874786,15.31689789768485
SYNTHETIC_ROCHE_B_0132,LC · ROCHE-DEMO-B,2025-06-08T09:00:00+00:00,1236.5932776981672,1102.7851995360795,1051.4728859199724,2.148849827480277,44.678600104553524,200.85383263858054,89.9503955483684,4.719606003961873,-0.39049053031787845,45,0.03342715255884251,0,90,0.49940899306328146,-2.4266234666513733,7168.360590468255,21015.165136332744,4.804297234592442,1929.2622090954824,1337.3244255699083,98.38255540803837,4.50011929703026,0,14134,2.464244638070066,16.776964515292402,5.016780100808008,15.390244282728506
SYNTHETIC_ROCHE_B_0133,LC · ROCHE-DEMO-B,2025-06-12T09:00:00+00:00,1999.7354532233269,1856.2458982092885,1046.3768887817716,2.447410893393338,31.377125000472795,228.78830605142971,171.29422687946936,4.884414931110582,-0.4715358744336792,45,0.042927883392844576,0,90,0.09524136590522875,-2.717065944095274,7831.485171818898,20447.778248541475,5.551342470452698,2932.2555369101656,1834.9072163166963,113.32498643132986,4.902641298857257,0,14134,2.410021710936671,17.351721480413804,4.855974312240141,15.443542369158333
SYNTHETIC_ROCHE_B_0134,LC · ROCHE-DEMO-B,2025-06-16T09:00:00+00:00,1515.8275645744113,1148.2493666565056,1041.3073698622925,2.431836375500049,14.82753202904744,238.5350194790354,117.85458456964012,4.8628017604092655,-0.4610897647385302,45,0.03885323349422728,0,90,0.39037398404961027,-2.698397770872196,6987.175162721799,20353.100387155704,5.614429013275593,2651.351010435439,1285.3530130631152,91.1963852902234,4.959674502076437,0,14134,2.4134415581774484,17.524644665335057,4.889253087794627,15.466043140465974
SYNTHETIC_ROCHE_B_0135,LC · ROCHE-DEMO-B,2025-06-20T09:00:00+00:00,,,1051.4924860569279,2.3158700756195905,51.68784514324496,247.71972873726816,183.492528881204,4.8041622446847745,-0.4458137770739539,45,0.03833573697839328,0,90,0.7706244730612022,-2.1505966778379064,6227.292633992813,20584.446256410367,5.283821109725354,,,104.43687409034246,4.802853166866951,0,14134,2.4382520322402685,,4.937578270993477,15.371985074140579
SYNTHETIC_ROCHE_B_0136,LC · ROCHE-DEMO-B,2025-06-24T09:00:00+00:00,1381.8294559649462,1172.0342798870938,1047.6116887160176,2.387056685619476,31.253318498335524,284.58052902262847,123.19253106137332,4.851476169970505,-0.5923648776760623,45,0.05571849842459879,0,90,0.30530328955317015,-3.3494934780466017,7086.912981926101,21256.37588160638,5.253000360902999,2152.2888118750493,1018.6355427119972,99.79577141065602,5.145576076640407,1,14134,2.3894120063666398,16.24965485346509,4.9468810172647535,15.225812214588313
SYNTHETIC_ROCHE_B_0137,LC · ROCHE-DEMO-B,2025-06-28T09:00:00+00:00,1817.9224269736267,1173.3971689023706,1048.0330525000295,2.3426117177004198,26.703265747978058,208.1440776834189,95.09349332841317,4.871655037077264,-0.4613268935841303,45,0.03966415441553608,0,90,0.39156214473789014,-3.7503381143075,6952.141846024348,20921.519591908032,5.296160491953084,2254.524716617268,1225.2461104867566,105.13201065912446,4.776389556707798,0,14134,2.4276221493954324,16.903109817056407,4.8997768455617905,15.380144465622326
SYNTHETIC_ROCHE_B_0138,LC · ROCHE-DEMO-B,2025-07-02T09:00:00+00:00,1783.0149841247696,896.0577707657009,1050.0662772786452,2.2343465035578483,43.75586706391979,222.04457742526876,73.43241433547831,4.764155748426258,-0.36927253196161763,45,0.03308049457148759,0,90,0.5959210598303798,-2.096828944204031,7013.717426318564,20663.938673217577,5.137263188085388,2427.995171092214,959.4660176819817,84.21928108439852,4.545974405757036,0,14134,2.452347247740751,17.16384772144837,4.978636901495668,15.415978671536763
SYNTHETIC_ROCHE_B_0139,LC · ROCHE-DEMO-B,2025-07-06T09:00:00+00:00,1565.0259985416853,1314.0057847063981,1052.2962907369936,2.3734388712320587,29.158208897767526,277.0353723614153,153.95294441995296,4.849445106218446,-0.5478708389022158,45,0.04736489724522202,0,90,0.2738579528582342,-2.945664884416583,6841.237954500123,20898.408993325535,5.300253455505808,2145.520749001028,1212.9117630850474,99.10169414910239,5.044615683910553,0,14134,2.411116924908549,16.644408337645444,4.926120131810326,15.282264392980494
SYNTHETIC_ROCHE_B_0140,LC · ROCHE-DEMO-B,2025-07-10T09:00:00+00:00,1641.0386375477938,1359.1633309685665,1049.8849208207907,2.3751399929463726,35.67550263289012,249.70430392446463,125.89688568190128,4.824630304178127,-0.45235085096955296,45,0.03621711029703282,0,90,0.5145804565622335,-2.3685279420224727,7220.866288257043,20628.910773062897,5.366401433702503,2271.7535965187203,1095.1039713889804,107.80996118655533,4.83892478453198,0,14134,2.4264791691759147,17.108141747350555,4.923684769727928,15.423905767827183
SYNTHETIC_ROCHE_B_0141,LC · ROCHE-DEMO-B,2025-07-14T09:00:00+00:00,1570.702774178505,1773.6448113965696,1051.3575036085947,2.500184055017037,30.691482933102847,292.7811468681257,165.65271942599688,4.921466132180548,-0.47130418980852523,45,0.03623652657957332,0,90,0.437569304469181,-2.62475495061373,7200.143439839669,20278.64557289451,5.760125779946933,2334.1597803952536,1863.111085962192,103.49306403176463,4.860980030600306,0,14134,2.406792905342372,17.402497810371592,4.80683592305611,15.44867172582488
SYNTHETIC_ROCHE_B_0142,LC · ROCHE-DEMO-B,2025-07-18T09:00:00+00:00,1731.9034234978978,1682.4113981641608,1045.3274515591197,2.3935599991475716,23.870343414107587,186.9720043026151,127.01090163583623,4.866889557284878,-0.45851679055806205,45,0.04125442920102457,0,90,0.11142953937156308,-4.302507467686555,7844.451188862083,20791.39668035536,5.38582931381721,2177.4513204637324,1734.136916760146,96.71238307246317,4.823558463702368,0,14134,2.427781812804144,17.454977355906507,4.891493161462238,15.427657647559517
SYNTHETIC_ROCHE_B_0143,LC · ROCHE-DEMO-B,2025-07-22T09:00:00+00:00,1426.9396097160197,2274.413799798155,1044.524727088216,2.478488728576359,21.07918548945062,274.12732398568596,184.87757957403403,4.8854414445944645,-0.49600976385411266,45,0.04139487980319269,0,90,0.6777240358840658,-3.988436685055209,6510.45323802111,20753.83856088543,5.595718025591861,2369.0480467685525,2396.149960864972,98.15269532894364,4.952331295676441,0,14134,2.4170659339379315,17.10316232951144,4.846641537083271,15.361181320023434
SYNTHETIC_ROCHE_B_0144,LC · ROCHE-DEMO-B,2025-07-26T09:00:00+00:00,1893.0327524644563,1746.4201510575697,1051.4796307968215,2.3506924442899924,23.273589835694693,273.1089239023777,152.75966768004787,4.81006320759514,-0.4474408820486633,45,0.04084633197932942,0,90,0.6716418854796509,-3.0168681183117734,6895.954019516524,20740.437997689747,5.377063902248789,2764.4734401652095,1711.4126798438672,98.61983456484349,4.829644669806191,0,14134,2.4220301907162693,17.143226248490286,4.918356778732051,15.393687524076885
SYNTHETIC_ROCHE_B_0145,LC · ROCHE-DEMO-B,2025-07-30T09:00:00+00:00,2062.7595700143456,1493.155280754118,1051.8728586417947,2.4750591236777426,25.33112841585976,240.073126270758,141.91118753754884,4.886085982256762,-0.43902144584073666,45,0.03508843390311097,0,90,0.1205473007027168,-2.444655707767593,7082.8858760735375,20304.424612379204,5.770551894818758,2237.349581586848,1441.4758878320079,92.9943190219564,4.84087242121308,0,14134,2.427555946997441,17.46083193135105,4.837842232765983,15.438415730169663
SYNTHETIC_ROCHE_B_0146,LC · ROCHE-DEMO-B,2025-08-03T09:00:00+00:00,1578.3071731846385,1166.7175137590868,1051.6461504168815,2.492803753348633,15.630450085933575,304.56697313628376,153.27349831830543,4.921396113333073,-0.6114756565016533,45,0.057481180415120334,0,90,0.11957164382175468,-2.2020654169463096,7247.047327107966,20768.024568862536,5.510004274205999,2189.904241104189,988.875491564006,98.96390522469798,5.3317053058843165,0,14134,2.374535770425831,16.673982874270564,4.8791771828386725,15.249985358459835
SYNTHETIC_ROCHE_B_0147,LC · ROCHE-DEMO-B,2025-08-07T09:00:00+00:00,1599.1836658734987,1719.0816714015557,1055.9885221118593,2.328333332246707,28.03740053475203,280.75864648114486,135.61461002443366,4.851870116016908,-0.4582851274355584,45,0.03582317702811054,0,90,0.5520111587646317,-2.073440524599654,6622.575188270001,20563.668905075043,5.247780234493033,2962.4014813725175,1918.4447096093365,103.40493570410676,4.772094388742653,0,14134,2.421230363344888,17.05225200883465,4.907236533272111,15.394194450445703
SYNTHETIC_ROCHE_B_0148,LC · ROCHE-DEMO-B,2025-08-11T09:00:00+00:00,1665.0160074515013,1707.4888284134558,1045.51675303545,2.3264182305834766,36.24743206894315,244.78481209454344,149.56105337636865,4.821872559219414,-0.4878154835390016,45,0.0414610300480687,0,90,0.5878675863252971,-3.169229024163735,6617.135239592536,20823.99966512757,5.258151767310347,2401.9683693974353,2072.0282575349597,104.4136204571151,4.854597280884813,0,14134,2.415858187177307,16.945283427322316,4.919498124141804,15.392883809735373
SYNTHETIC_ROCHE_B_0149,LC · ROCHE-DEMO-B,2025-08-15T09:00:00+00:00,1487.9876578980743,879.9985127865302,1053.3031233539498,2.2377418551005293,31.92432380351506,178.40712995115032,75.62772608509,4.7842210184511185,-0.5266970825315143,45,0.0480537039207977,0,90,0.26953298088137334,-2.703844509085792,7428.723303397137,21184.75153830274,4.898663257903991,2399.8469442799965,761.6177185123502,76.34949926705274,4.785427447231085,0,14134,2.430939504644414,16.36196508380505,4.999791467233523,15.297601290895102
SYNTHETIC_ROCHE_B_0150,LC · ROCHE-DEMO-B,2025-08-19T09:00:00+00:00,1561.3249798352429,1562.3094672255359,1053.8448519450983,2.269582744280879,37.16343748692578,246.8322193842065,137.28605831518544,4.809647668000705,-0.3330299306352624,45,0.02508516681082909,0,90,0.5507694609059637,-3.01646824741233,6659.580453430699,20637.70011488015,5.2509580109191445,2899.098632518706,1852.6192432468747,106.61717341470516,4.22785562656208,0,14134,2.479510116702437,17.11061558484984,4.873651679047197,15.446192757473732
SYNTHETIC_ROCHE_B_0151,LC · ROCHE-DEMO-B,2025-08-23T09:00:00+00:00,2096.902394522078,1189.6692566389122,1044.0382345411247,2.190744474671091,47.87759131843963,210.16576754069575,96.0740144211778,4.721985669684347,-0.4338772751938566,45,0.040755794481161005,0,90,0.24296451957805165,-3.018399089623439,7221.427880625231,21113.05568329075,4.8907510233429,2605.2100937357354,1427.078860357854,93.33388338701907,4.804330410479848,0,14134,2.446563025233452,16.532731068876704,5.042430339940153,15.35092750732727
SYNTHETIC_ROCHE_B_0152,LC · ROCHE-DEMO-B,2025-08-27T09:00:00+00:00,1797.6214807656756,1046.9772164799872,1046.1956555713666,2.2707166662994323,37.38559631810846,210.22273276973624,85.97698338443625,4.821278269220631,-0.4523537279392134,45,0.04226001827915053,0,90,0.37797584688312624,-3.4405717380985634,6936.223598407738,20961.565062470298,5.190687327348028,2459.6454582112806,1035.3337834529425,92.66178867008621,4.7458480416596,0,14134,2.433109205840373,16.740202555601705,4.950627645468615,15.318148470248545
SYNTHETIC_ROCHE_B_0153,LC · ROCHE-DEMO-B,2025-08-31T09:00:00+00:00,1665.0787131720926,1268.4075284433343,1049.6095251247964,2.088754370328938,44.319356969856315,272.9310606970682,128.29281003421883,4.63369887345921,-0.260539317218748,45,0.020436190679193653,0,90,0.5516458865228554,-2.0213365401833614,7056.1366328896,20574.836228754706,4.8953687217013995,2322.7661474459487,1153.7431825526016,88.26321647419265,4.435233878621972,0,14134,2.5100139686409757,17.47180519349727,5.050853165353577,15.503552508318062
SYNTHETIC_ROCHE_B_0154,LC · ROCHE-DEMO-B,2025-09-04T09:00:00+00:00,1530.169094944336,1519.6692299689005,1045.5755235563245,2.3685591208863532,46.71662840172544,195.80168766203298,123.3248123643136,4.817141908562444,-0.41282547819467685,45,0.03764006428023501,0,90,0.23715403985952152,-3.9684565714855826,7929.175250013573,20754.978502129394,5.313569392832184,3206.6514162116646,1619.4951646169495,107.99858335536814,4.669004665755177,0,14134,2.435137903596024,17.19782518671361,4.898086690955894,15.43771565260754
SYNTHETIC_ROCHE_B_0155,LC · ROCHE-DEMO-B,2025-09-08T09:00:00+00:00,1590.508734031104,1164.9407202678324,1047.0604958187228,2.3009857638195648,26.455911484081113,231.8754302387768,113.1002490544165,4.808494893085074,-0.45471135196674445,45,0.03902919634717508,0,90,0.35425429217115517,-2.49259235110194,7289.313001695154,20733.72945391702,5.22207396315454,2351.8917836758596,1391.9578600086254,96.78406748362514,4.812592994658184,0,14134,2.4387268496532504,16.78203490071058,4.950832817943279,15.38136012643811
SYNTHETIC_ROCHE_B_0156,LC · ROCHE-DEMO-B,2025-09-12T09:00:00+00:00,1497.476618533739,1393.2163172883675,1047.1672456618546,2.3811574543544216,59.74751782781081,201.2180022622378,108.8517983022664,4.88380282419458,-0.4612815234085902,45,0.038498850492822444,0,90,0.4362657290672994,-3.293521082014447,7132.35128816416,20676.43153672767,5.349604436614652,2059.9059423722665,1342.7639388998168,94.79809518791303,4.549061449910715,0,14134,2.4284916071512446,17.088773042227437,4.864678876082013,15.439246831573346
SYNTHETIC_ROCHE_B_0157,LC · ROCHE-DEMO-B,2025-09-16T09:00:00+00:00,1606.8374783462546,1400.976938737489,1045.5058583694367,2.464898369366142,30.94389911958105,254.9175544202764,131.55441208672394,4.90580548805266,-0.5596479024733341,45,0.04991999246457491,0,90,0.3554291891861487,-3.720663314442621,7318.293119858115,20752.87273883388,5.623090894006362,2350.8517778491887,1431.2617999168765,97.31877778292623,5.057413873395609,0,14134,2.3929760333240075,16.696806893719828,4.8453901990015416,15.339993320995
SYNTHETIC_ROCHE_B_0158,LC · ROCHE-DEMO-B,2025-09-20T09:00:00+00:00,1667.7883434056605,1426.8835056284192,1052.1479373960376,2.289027468419859,54.77623199480703,170.68449552089254,103.8888717043538,4.833541193485082,-0.4668557514042963,45,0.03974176306555716,0,90,0.031164882007751617,-2.6347055946239877,7652.319962969577,20684.689008091347,5.181883534682274,2603.379137553978,1447.3490108855676,84.67174877822235,4.873435983435643,0,14134,2.426863345657134,16.9671348605757,4.930198162579196,15.391908593200121
SYNTHETIC_ROCHE_B_0159,LC · ROCHE-DEMO-B,2025-09-24T09:00:00+00:00,1969.2069593868791,1647.7494056623905,1051.9825459278443,2.37125288814599,18.863435545475944,271.818925520725,137.402695869749,4.831955951881756,-0.4253249129760729,45,0.039791243199665524,0,90,0.8823757025402253,-2.784594424596638,5905.993358918345,20560.25441431717,5.520778096483047,3121.5308238195194,2162.505111394721,79.4384489333549,4.806905109328268,0,14134,2.4190456345309834,17.537351059064665,4.889511550000009,15.439496251404421
SYNTHETIC_ROCHE_B_0160,LC · ROCHE-DEMO-B,2025-09-28T09:00:00+00:00,1671.3628951122976,2394.0116386187074,1042.93883070805,2.288097735837394,54.22280908677396,236.46827836841314,179.13780027555126,4.7853311530279345,-0.43870778699372837,45,0.03698334431050329,0,90,0.8664932042358817,-4.3261320159007886,6268.925132865067,20944.914157124356,5.282903641741523,2860.591347888178,2546.225800860353,104.07213445516419,4.764427078293517,0,14134,2.4381100035623757,16.95580620616847,4.933841074198907,15.380685338112201
SYNTHETIC_ROCHE_B_0161,LC · ROCHE-DEMO-B,2025-10-02T09:00:00+00:00,1963.5274373123511,1791.463787108142,1041.7792112124316,2.4005446723156476,45.51873276468947,301.9474890148705,162.3893788010905,4.870972178533901,-0.5293775680842252,45,0.04982386613698014,0,90,0.564934699256785,-2.845608068999793,6689.020801572427,20762.664369429727,5.386316192522092,3043.5755972289835,1445.7275755679464,97.37109384130237,4.851871013753678,0,14134,2.3994045715674086,16.947320690501783,4.855668880410922,15.36624110139946
SYNTHETIC_ROCHE_B_0162,LC · ROCHE-DEMO-B,2025-10-06T09:00:00+00:00,1438.1754110246802,1399.958984811413,1048.3139213888223,2.4371779072371336,25.83932180844188,214.98357753424258,125.92265622410392,4.875934344159302,-0.46471259649878616,45,0.03863739494931166,0,90,0.49060871637048714,-3.401410601306391,7184.214248946997,20572.203692954106,5.451949562435036,2513.3904694329353,1740.6918370146773,109.24296415653417,4.748365730574994,0,14134,2.4178493207110914,17.30499126452658,4.872097778835005,15.40495525703022
SYNTHETIC_ROCHE_B_0163,LC · ROCHE-DEMO-B,2025-10-10T09:00:00+00:00,1499.330037929753,1645.707874002636,1040.8364895302923,2.2282308170780754,60.003915535095274,250.30610058809958,146.27108355835765,4.726894073674354,-0.34004737695352155,45,0.02860218824540408,0,90,0.3829392978305638,-3.011179184099523,7682.094405600453,20637.105529935376,5.100877079451973,2821.1831306472104,1791.2939327115307,84.92040640138332,4.5331489359880575,0,14134,2.4750058553345085,17.264133705623617,5.012336243944409,15.477799838970984
SYNTHETIC_ROCHE_B_0164,LC · ROCHE-DEMO-B,2025-10-14T09:00:00+00:00,1229.2519935746218,1411.3834167363402,1049.1190097186604,2.218199638098915,43.899458509049936,221.50006746912297,133.7416834343806,4.691891691897759,-0.3675609343336281,45,0.03131409533907907,0,90,0.6003446067747659,-2.0073040806037126,7185.450460235559,20732.03141153549,4.940535977671038,2359.065281301548,1711.674574348613,88.72494613499038,4.419355834536194,0,14134,2.493977481394334,16.509542899121794,5.0225759577093365,15.395952146565186
SYNTHETIC_ROCHE_B_0165,LC · ROCHE-DEMO-B,2025-10-18T09:00:00+00:00,1792.9621568036841,1584.6364001337754,1045.0214387658757,2.3758723674470676,43.23831741900484,231.35721127006278,140.94518274950204,4.81224207429301,-0.416861922692159,45,0.03676670534324907,0,90,0.2384961431133419,-3.3887490982269055,7626.89867566278,20707.16098179583,5.436502829230028,2234.5642031574685,1725.756066643188,98.36388418896811,4.686692653407185,0,14134,2.4275475001657942,17.04039121372282,4.904292057486376,15.401621058539583
SYNTHETIC_ROCHE_B_0166,LC · ROCHE-DEMO-B,2025-10-22T09:00:00+00:00,1758.6133807148958,1388.7592380991625,1046.8503285741565,2.2756796429706663,43.62184098590497,205.03608543222916,133.26981825125796,4.741165551736493,-0.42658014308272524,45,0.0413967741496432,0,90,0.15942851190630014,-1.4984716810473169,7347.3391774135025,20357.925493502087,5.213108830939676,3037.790479432465,1736.0293334399898,93.91831355497453,5.009429982088734,0,14134,2.433258613753538,17.243721485522258,4.975436306334991,15.425665546402318
SYNTHETIC_ROCHE_B_0167,LC · ROCHE-DEMO-B,2025-10-26T09:00:00+00:00,1803.2922258241572,1439.6289402062139,1049.5289490704201,2.3277779759778254,43.970051455686836,234.75924001519454,129.27267033935286,4.865949383707227,-0.5045831109617349,45,0.04205099223044185,0,90,0.34568074976839286,-2.8838029982219493,7315.014329093405,20902.22637379983,5.206671951350456,2137.81377967294,1374.9317124811148,101.40513273950661,5.003736216425201,0,14134,2.409976300022548,16.557901336889348,4.9265585002364105,15.299808700376289
SYNTHETIC_ROCHE_B_0168,LC · ROCHE-DEMO-B,2025-10-30T09:00:00+00:00,1835.0336375882546,1558.6792371967408,1045.1286768283164,2.2501734499051964,67.67193557951242,241.99807298191294,134.1866794591741,4.768984205396084,-0.4554957904440319,45,0.040347112771734465,0,90,0.5403865279424946,-2.548687380771137,6507.554335615473,21069.60113116518,4.929237119988453,2363.4293706937015,1566.8068958508943,97.68088076020906,4.671024545576536,0,14134,2.442531578418756,16.583237720607837,4.975789203229122,15.350972742544723
SYNTHETIC_ROCHE_B_0169,LC · ROCHE-DEMO-B,2025-11-03T09:00:00+00:00,1599.0455809338107,1270.7314237884875,1047.7725783117762,2.215830651594332,46.32033030705957,199.21876194020345,88.26899735658083,4.760974151244502,-0.35754057732124445,45,0.029523637618245415,0,90,0.613964487630768,-2.7720229324862924,6658.793380158009,20698.871906834152,5.064857640012401,1968.8386665380274,1226.7726942372658,95.21971896444359,4.47212290025096,0,14134,2.4559471848240713,17.27603332618814,4.965121767590597,15.475528494852124
SYNTHETIC_ROCHE_B_0170,LC · ROCHE-DEMO-B,2025-11-07T09:00:00+00:00,1532.0307287367946,1600.7735138438975,1049.3094915563513,2.41540507556297,40.222966748773814,243.2086498068616,157.16723692965172,4.904225587928873,-0.5867155088236725,45,0.05557612687656968,0,90,0.4786379143689838,-4.895324158175705,6395.988476670086,21255.49045311909,5.356311171354264,1910.8716966302259,1341.1728292826506,107.75226716484212,5.120823129878738,0,14134,2.378298233376432,16.658478899774114,4.90366837491383,15.276039383624013
SYNTHETIC_ROCHE_B_0171,LC · ROCHE-DEMO-B,2025-11-11T09:00:00+00:00,1800.913657955545,1459.5287556854507,1044.25781592171,2.219316124732274,34.94745009287221,265.0825878948108,130.55835078070896,4.740197546316956,-0.3709545440250558,45,0.02772194279518803,0,90,0.6529112898302263,-2.9569892828867026,6792.183997707041,20832.373873019413,5.117514310075027,2364.4883031003487,1735.528876867854,103.43126487273388,4.577239320628889,0,14134,2.4742723246952387,16.881554761312522,4.9727395121486,15.388978915912734
SYNTHETIC_ROCHE_B_0172,LC · ROCHE-DEMO-B,2025-11-15T09:00:00+00:00,1643.6535011793958,1421.5702464786957,1050.4296730800506,2.3729162015572247,34.62373137803111,204.60539849899635,117.41877709564139,4.822890525316913,-0.4585471784592171,45,0.0365945466168164,0,90,0.7114953282986283,-3.404317992545674,6865.095010438482,20911.85196668806,5.3154666869709715,2327.33242391639,1620.0074398785569,86.59910557444066,4.548589151196382,0,14134,2.4509779814348183,16.598618155961507,4.89343348167699,15.341528087220922
SYNTHETIC_ROCHE_B_0173,LC · ROCHE-DEMO-B,2025-11-19T09:00:00+00:00,1547.8355369756694,1052.191438559164,1050.5959112175874,2.3706724900862226,21.42556870611126,204.062049759811,94.42098880041571,4.852465680107027,-0.4746259598799078,45,0.04225812495330784,0,90,0.16929955788690185,-4.53210100665406,7632.897332831139,21063.6064397971,5.299029463719791,2684.1879261014474,1055.0272055501746,98.99842089382936,4.785759306979612,0,14134,2.4322205769933523,16.58868284868365,4.91221627317666,15.330149457339648
SYNTHETIC_ROCHE_B_0174,LC · ROCHE-DEMO-B,2025-11-23T09:00:00+00:00,1472.1792239930114,1128.8489334328094,1044.2605556737929,2.42138761430106,15.427562033194352,287.6954337366255,127.2346110609628,4.8307088852260724,-0.5705764704257098,45,0.05448074053711354,0,90,0.5187818894290263,-2.3194503557874935,7090.60056868155,20796.22700838215,5.3804135038373735,2249.0220889010293,1192.4006343852307,98.91698231010517,5.157531154055095,0,14134,2.4103032041832932,16.508300228462584,4.927916358643003,15.260018891193361
SYNTHETIC_ROCHE_B_0175,LC · ROCHE-DEMO-B,2025-11-27T09:00:00+00:00,1677.9467614647915,1882.3225683424494,1042.2855700146708,2.2951881221734163,58.03126689609209,247.60217618148036,179.07103405576058,4.778958710102459,-0.39866262711504236,45,0.033390317156346855,0,90,0.19572554606474002,-2.832390163354798,7140.189097548461,20534.163312310324,5.284566612795415,2778.2705050091845,2026.9246114485575,105.17903993753183,4.78514554670088,0,14134,2.4392294109039647,17.35002042481352,4.9339349366444525,15.439761102487811
SYNTHETIC_ROCHE_B_0176,LC · ROCHE-DEMO-B,2025-12-01T09:00:00+00:00,1556.4765466572655,1671.1919075438418,1045.4384683490932,2.3439930067450074,34.05515428348999,222.04973868073412,154.2339751526907,4.834259487554093,-0.48317932833191807,45,0.039221434027919624,0,90,0.4691206493748393,-5.131043693671646,7085.294818490979,21231.644992290992,5.312762127030979,2531.326112220242,1794.3694439647802,111.96021401054361,4.675912113888211,0,14134,2.428095441556996,16.516286211707783,4.905930366298717,15.296741301677947
SYNTHETIC_ROCHE_B_0177,LC · ROCHE-DEMO-B,2025-12-05T09:00:00+00:00,1685.4899908697205,1845.5906945274319,1049.6845146976343,2.485744656729852,31.39558058057228,232.91320314738397,162.6214209230803,4.942929370903278,-0.5955067681661304,45,0.05195955394300096,0,90,0.32598078042578943,-3.439141270549383,7150.794646439582,20815.61983368748,5.493973012942427,2494.6025745939164,1903.5613405339648,107.88696701895464,5.018223110564319,0,14134,2.3736312035367617,16.98477880442791,4.836695595331757,15.337443171350138
SYNTHETIC_ROCHE_B_0178,LC · ROCHE-DEMO-B,2025-12-09T09:00:00+00:00,1890.0853365354094,1839.3870695869973,1032.8268747135194,2.3649679640373527,55.24899576378469,215.8553021858185,169.03260312377168,4.759467483629465,-0.4262811728132318,45,0.04044272832070018,0,90,0.20691410169901456,-2.2463135051781946,7665.690056061904,20622.16621067035,5.3627732116073235,2094.0930250725746,1933.7810713824354,97.30089789530767,4.7939547509717055,0,14134,2.4515765759744967,16.59585764292771,4.938694194770499,15.3466427922097
SYNTHETIC_ROCHE_B_0179,LC · ROCHE-DEMO-B,2025-12-13T09:00:00+00:00,1416.134243916036,952.5251100886204,1044.9342937472259,2.366314857317063,26.51737333188104,191.21697373315286,89.0792098189807,4.861714341278883,-0.3659929080885189,45,0.026468342994034402,0,90,0.33073996093840535,-1.6241421837311867,6961.264982724433,20137.117224054196,5.521939308680505,2075.3070231165175,1060.6529574719998,93.65109025531916,4.710518501087088,0,14134,2.442317192309587,17.512075870174513,4.886296751672881,15.490331627986532
SYNTHETIC_ROCHE_B_0180,LC · ROCHE-DEMO-B,2025-12-17T09:00:00+00:00,1893.210761825631,1519.3646430014803,1044.3136867483706,2.3519433179378195,20.696638724469526,262.82324551322165,133.29357322404158,4.840121972271048,-0.5375071019717038,45,0.05144131026480521,0,90,0.2970689610754759,-3.987811699345386,6171.863248284249,21242.53909631864,5.306798662389099,2893.9690142778795,1760.423438048981,84.42620126754686,4.874685913386447,1,14134,2.4277804763834756,16.331672096179496,4.940013675606815,15.246913241545549
SYNTHETIC_ROCHE_B_0181,LC · ROCHE-DEMO-B,2025-12-21T09:00:00+00:00,1589.9311736604377,962.1202830423464,1047.7961623997949,2.267129859258983,38.420885676058134,219.97937255079125,82.50991716027117,4.764257688038885,-0.3900037780464032,45,0.031465466859451674,0,90,0.7961841068826838,-2.6094918816409356,6238.121706289172,20681.42285959371,5.252527569947691,2229.7200403449942,994.7904738467475,96.5833044917569,4.699742364237669,0,14134,2.449964865338945,17.056260491986677,4.956166157723055,15.414416686403797
SYNTHETIC_ROCHE_B_0182,LC · ROCHE-DEMO-B,2025-12-25T09:00:00+00:00,1622.9263270113272,1079.2631634113156,1046.7534467298083,2.394850531628114,23.4486456823408,228.45052890796165,101.30480209708867,4.87490295823485,-0.4765819553628371,45,0.04481651595347803,0,90,0.3264980938137601,-2.0807130588083247,7005.977954633515,20517.351024838063,5.425209608053532,2299.2799730384427,971.0689844890978,104.85346710388895,4.951301480232843,0,14134,2.4075248182705873,17.185976732950934,4.907563717132817,15.412554260693579
SYNTHETIC_ROCHE_B_0183,LC · ROCHE-DEMO-B,2025-12-29T09:00:00+00:00,1717.2667845550184,1650.0952081554715,1054.7657953160503,2.596301857398175,18.680713719987153,281.2901905876864,157.88527314616633,4.982249806277378,-0.5900121838037693,45,0.05615823915988226,0,90,0.2025404014247319,-3.113724928154995,6796.980166891488,20631.12734100381,5.838749841081865,2586.7460373542135,1799.0146474254607,116.42343449471666,5.173732559914984,0,14134,2.370052964664253,16.7247689270465,4.787509149873378,15.303090903502142
SYNTHETIC_ROCHE_B_0184,LC · ROCHE-DEMO-B,2026-01-02T09:00:00+00:00,1861.336417534114,2317.655999737388,1043.6368403260635,2.4052893357049943,47.91498053986884,243.00404900098428,180.6183106620002,4.83498803246396,-0.4043157324558827,45,0.030479607792590915,0,90,0.5029300325941496,-3.1045523341052492,7537.723188089433,20486.721145930383,5.46967094884546,2311.5309667498595,2601.0521206540507,115.47657061775189,4.5777006402573015,0,14134,2.446389745153888,17.167275463571418,4.866935667064572,15.444797978354838
SYNTHETIC_ROCHE_B_0185,LC · ROCHE-DEMO-B,2026-01-06T09:00:00+00:00,1920.761427481432,1424.744638901526,1045.7495971793537,2.251268023419342,63.36209227939263,226.43813301481046,123.09625525140342,4.741631033810823,-0.3820426352534761,45,0.02995667368573577,0,90,0.3232225867194356,-2.0368284496742435,7571.417501886745,20424.004235552788,5.129131586691955,2945.6642278380946,1873.312184617545,99.50864207205257,4.539101276086598,0,14134,2.466206292986257,16.9318817152633,4.97101911440049,15.443957766452542
SYNTHETIC_ROCHE_B_0186,LC · ROCHE-DEMO-B,2026-01-10T09:00:00+00:00,1565.7679454923625,1291.4480440698035,1050.6360679623754,2.393099115491961,24.076520337622817,249.07859127451835,124.95334346404417,4.888885522156633,-0.48569390575797144,45,0.04207005224583259,0,90,0.703434732231905,-5.600855984375625,6124.782388795484,21165.732642767434,5.449960526505259,2340.401086259379,1689.4745607237178,94.47162966191006,4.633797398682353,0,14134,2.430734201018492,16.680234448321382,4.862791085429092,15.338366298292524
SYNTHETIC_ROCHE_B_0187,LC · ROCHE-DEMO-B,2026-01-14T09:00:00+00:00,1662.5277128683467,1400.4736391623912,1047.8056563155958,2.305085301098973,41.81546482800133,233.47553917314207,143.92645765514905,4.767311647972633,-0.48516367698313523,45,0.04976002552221268,0,90,0.11054890664785287,-2.4239322925107887,6932.1850230853,20789.796507934687,5.152294162342664,2154.787900226346,1253.0857046602662,95.86208271708516,4.916431119149927,0,14134,2.4302605580652004,16.876849067699766,4.964523459599533,15.368920363292954
SYNTHETIC_ROCHE_B_0188,LC · ROCHE-DEMO-B,2026-01-18T09:00:00+00:00,1971.631723865978,1724.9580614355252,1048.3084440282614,2.2772762818530006,43.184679322499775,271.5995761445065,164.3708757000884,4.7472792084883,-0.43504290251729777,45,0.039615778730393146,0,90,0.05174936228656477,-2.6543367087141876,7790.785420171964,20759.81258397136,5.133697216059917,3343.738066237376,1737.6449821277238,108.69292483682132,4.8140909450709195,0,14134,2.434908833804978,16.994362093056036,4.973381961366608,15.398779365298768
SYNTHETIC_ROCHE_B_0189,LC · ROCHE-DEMO-B,2026-01-22T09:00:00+00:00,1672.3184043877336,1139.4940773864619,1050.275627326341,2.0882888425567168,110.36953735864081,239.15070030067818,102.46791482685205,4.67893557969892,-0.41294739407995457,45,0.03509411372636584,0,90,0.7090802217056117,-3.0483466439334372,6661.888258251891,21316.075437743817,4.5996374692537305,2458.204948569868,1024.0305046961594,103.8623352924696,4.5419801399612165,0,14134,2.4700817768363494,16.173533434093265,5.097465756830679,15.314704355971983
SYNTHETIC_ROCHE_B_0190,LC · ROCHE-DEMO-B,2026-01-26T09:00:00+00:00,1572.9594155588168,1114.1661595128448,1043.4302703968124,2.4397490947573877,21.71172156594678,210.76859640936544,114.98006876659265,4.886529401349317,-0.5064643456872799,45,0.042159603217189014,0,90,0.1378479640916546,-2.0804057923749593,7624.50793604851,20578.71759610572,5.443457009319074,2228.451561674203,1461.7941145084656,99.26682541696778,5.006256721752545,0,14134,2.4106207284013728,16.636790002987603,4.895890322357567,15.33588661329322
SYNTHETIC_ROCHE_B_0191,LC · ROCHE-DEMO-B,2026-01-30T09:00:00+00:00,1933.0941297325953,1060.4234136384746,1041.2015893330945,2.3372679922016046,50.58327650804003,244.93038682265504,103.73887503813505,4.837632157760571,-0.4525083960620265,45,0.035898775467178255,0,90,0.2906603948786769,-2.9939491340591373,6711.281969956986,20798.60293165979,5.279157697680026,2259.0234565929327,1164.0116417969875,103.04561848718936,4.820956236458907,0,14134,2.4200557220522025,16.817186440859075,4.913080509609764,15.341106154878922
SYNTHETIC_ROCHE_B_0192,LC · ROCHE-DEMO-B,2026-02-03T09:00:00+00:00,1890.0711689649547,1256.336722275692,1048.3829672707038,2.378228144631381,29.843778198047325,234.03902303536964,114.19677127164314,4.829630926912527,-0.46612889227814286,45,0.044499525554475075,0,90,0.11813936888209162,-2.8019405447735135,7627.292596555813,20644.461894841752,5.357423990816983,2774.658687803502,981.7470597951099,97.04407031537973,4.745571417160897,0,14134,2.427278607706792,17.07337795596713,4.892334416766341,15.389875436431538
SYNTHETIC_ROCHE_B_0193,LC · ROCHE-DEMO-B,2026-02-07T09:00:00+00:00,1757.3489085214471,1293.7935139379103,1050.4640787118194,2.3379291239344213,67.03448199009935,223.09731358497842,114.85628169849012,4.809745787265736,-0.4715167255722783,45,0.04562384020310953,0,90,0.4335985854315699,-5.092937487611485,6896.696916687228,21267.419043801892,5.121429637899472,1804.0463705237828,1322.23701984514,98.7281797086237,4.530603349449793,0,14134,2.4389488982461116,16.32714925914748,4.948229633609162,15.306400153410568
SYNTHETIC_ROCHE_B_0194,LC · ROCHE-DEMO-B,2026-02-11T09:00:00+00:00,1619.6288263621543,1914.291912667676,1046.6073380263126,2.343791927238849,46.548080276215856,225.82935859455935,156.12866314029029,4.828818775596913,-0.4348830200921704,45,0.03667072040652737,0,90,0.5413697931785756,-3.034295384950812,6849.767880731591,20732.754341940894,5.300465470736059,2962.802290380336,1522.893283153996,98.16458527722996,4.622511022696842,0,14134,2.439806283944129,16.925140175138615,4.903509535186071,15.383688204934387
SYNTHETIC_ROCHE_B_0195,LC · ROCHE-DEMO-B,2026-02-15T09:00:00+00:00,1756.5183755539113,1483.5130650033293,1049.2181264009685,2.23234415705925,54.608602153248796,211.64421969899095,98.68614497875498,4.748223540800669,-0.3968149666387861,45,0.033661682946022085,0,90,0.46930072398637496,-4.99110795527296,7590.690594111636,21189.87946185184,4.9705196014082125,2598.330836941385,1399.4633507573726,115.07110511339475,4.35997031907819,0,14134,2.464662561791508,16.59521405986792,4.959588024759376,15.377027128671752
SYNTHETIC_ROCHE_B_0196,LC · ROCHE-DEMO-B,2026-02-19T09:00:00+00:00,1906.3414188148029,1118.964594364715,1043.0123424458088,2.268101203209859,45.94737402886882,208.76826689073147,88.97494055132356,4.804102974678474,-0.45534708472143826,45,0.04276916332759,0,90,0.27207342965345094,-3.584191959528438,6916.465395128201,21167.73808317626,5.094323275905515,1826.9057548317803,902.9057344417139,117.61887985163268,4.599110838168108,0,14134,2.438724020809365,16.5172084021719,4.970263962005096,15.320098096444358
SYNTHETIC_ROCHE_B_0197,LC · ROCHE-DEMO-B,2026-02-23T09:00:00+00:00,1701.709545208859,1052.9095593137465,1050.6899248240152,2.2942453980395863,27.894943833737855,213.63889452512058,105.5340709820809,4.785687232851741,-0.5453353654484208,45,0.05421321266957575,0,90,-0.002763552790098064,-2.9123818878971317,7823.01400162874,21018.928362831208,5.2118834299205075,1779.2865434354492,1087.956573806283,108.65765873415715,5.172655898028078,0,14134,2.4039740243453864,16.4501356663246,4.97941539561032,15.260205763430516
SYNTHETIC_ROCHE_B_0198,LC · ROCHE-DEMO-B,2026-02-27T09:00:00+00:00,1687.7846792320418,1438.8172570363226,1051.8135430235839,2.4101974474903565,33.27291592524436,232.76662207509634,115.88003561230627,4.896280308514145,-0.49314808015255035,45,0.03988800296496066,0,90,0.8322300775423223,-3.336715615962,6284.5487563963125,20826.46168759332,5.449166159780696,2607.5538293691675,1574.3805505148932,103.10036261575274,4.659264162390538,0,14134,2.4222718528960154,16.695407278103385,4.865252959830118,15.346396608247233
SYNTHETIC_ROCHE_B_0199,LC · ROCHE-DEMO-B,2026-03-03T09:00:00+00:00,1757.0281610832944,1189.5271060052355,1051.5055993177587,2.2245216657178988,39.70354747330291,185.92532943430447,90.41258956754741,4.822140283984694,-0.5167159211424424,45,0.04794820435088329,0,90,0.4294840108271015,-3.7030863020167764,7264.454502089147,21509.157019810707,4.901496427906725,2396.3025182685687,1226.7068533565043,106.10417793600003,4.6847873018082735,0,14134,2.4266109189473766,16.050465561894693,4.987299757422302,15.240388509969044
SYNTHETIC_ROCHE_B_0200,LC · ROCHE-DEMO-B,2026-03-07T09:00:00+00:00,1722.2007061537277,1321.3606099540916,1051.8652261216537,2.205746591930909,90.00218175585103,214.9164011776691,100.51314920326016,4.77685103104248,-0.4583630695976819,45,0.03899958569424054,0,90,0.5049509371064504,-3.2147807542547358,6742.558438426599,21094.002784880562,4.935775688864329,2721.8008944688327,1353.372073713233,100.59114166126919,4.50399587778305,0,14134,2.44091811707135,16.497051904626897,4.990385782136297,15.337594411576692
SYNTHETIC_ROCHE_B_0201,LC · ROCHE-DEMO-B,2026-03-11T09:00:00+00:00,1716.7114259211955,1400.0445587674358,1049.2251158290965,2.361246580280984,26.839946584197,277.6847371222779,152.02067786804386,4.800911146387276,-0.442583763394536,45,0.03811895809499932,0,90,0.6242119665233447,-2.372628200148018,6974.757738508727,20555.70622784665,5.345172023854573,2275.8653759088547,1513.8866695058098,83.57978162564179,4.876072271734985,0,14134,2.43367809528997,16.95914122298084,4.931457687995243,15.40850578783606
SYNTHETIC_ROCHE_B_0202,LC · ROCHE-DEMO-B,2026-03-15T09:00:00+00:00,2000.8233881045917,1462.1730229380423,1048.2888114088064,2.2822262664565165,52.90606525339471,215.72460006330704,124.47496644386445,4.736397850913623,-0.39796520401250485,45,0.036268609933955864,0,90,0.1806317224664019,-2.6003621114831637,7160.717820579448,20585.707092883888,5.151717771836912,2617.971527330944,1723.526641034568,82.48475679133739,4.734897994078503,0,14134,2.4529245572228797,17.12796795400657,4.95065650686428,15.441428127252394
SYNTHETIC_ROCHE_B_0203,LC · ROCHE-DEMO-B,2026-03-19T09:00:00+00:00,1724.3986572039062,1900.0074982947397,1044.9096918885823,2.4132096795817564,25.9278863647418,238.1429386273289,157.17211834101977,4.865469004165646,-0.4477949294107814,45,0.035346161699320686,0,90,0.13970497458476197,-3.309159309302111,6922.981386143416,20818.228734101114,5.462710775490008,2384.79614236191,1909.6743340844146,83.40867151691013,4.678612955278206,0,14134,2.442796640460981,16.9603353859546,4.879324489553611,15.359299355092688
SYNTHETIC_ROCHE_B_0204,LC · ROCHE-DEMO-B,2026-03-23T09:00:00+00:00,1464.9964339703777,1244.9626318459166,1045.5748594648271,2.284500590574037,26.159227523307287,181.58927924284475,112.84751064343004,4.820390906363308,-0.4225631614558142,45,0.036663150140811306,0,90,0.5421579231690926,-2.510588191975896,6970.576928935021,20675.897672710402,5.287041497048285,2577.0228364028017,1181.9069356831544,110.63517571416513,4.656910434392773,0,14134,2.441372695139554,17.170319744901885,4.917658011972973,15.417933355319814
SYNTHETIC_ROCHE_B_0205,LC · ROCHE-DEMO-B,2026-03-27T09:00:00+00:00,1804.6150656464831,2725.949888360403,1042.7130704966135,2.278025634416647,64.08856773428364,247.91627026165847,226.99879609886693,4.788704721097328,-0.4331854535299045,45,0.041366941451431494,0,90,0.2994870119505897,-2.4835132877236674,7548.2730426014205,20775.565664453337,5.13324315947135,3513.9322157144047,2451.3095833121324,112.58861129930024,4.655846127216693,0,14134,2.4471589217927883,16.72927862342689,4.934888835738413,15.345164170846552
SYNTHETIC_ROCHE_B_0206,LC · ROCHE-DEMO-B,2026-03-31T09:00:00+00:00,1826.1812826662524,1356.1651350242205,1048.2051301248916,2.4240893281075713,21.52607311108934,243.75153290743765,114.96828003363322,4.840777791742481,-0.449802397508544,45,0.038022632037858516,0,90,0.59673716228211,-4.74606855182533,6675.060032556721,20827.874140599837,5.444646286097388,2460.171276943666,1385.9508483338286,120.13359866038167,4.789304608773443,0,14134,2.4205743232691423,17.197961441510984,4.877461020882292,15.445016911840813
SYNTHETIC_ROCHE_B_0207,LC · ROCHE-DEMO-B,2026-04-04T09:00:00+00:00,1743.653413263465,883.9554782712969,1044.4007005013489,2.1958273576764755,40.37875928181306,234.6680864920699,74.02003521300504,4.753295885512732,-0.4162377656957607,45,0.035843021828533904,0,90,0.44447684013351696,-3.492863813185826,7180.330251637358,21100.780676895454,4.972287358774813,2390.1533308980206,1134.9252358569238,94.39396381390506,4.637977995409477,0,14134,2.450171722493788,16.691413315862615,4.997337707420256,15.347579624417861
SYNTHETIC_ROCHE_B_0208,LC · ROCHE-DEMO-B,2026-04-08T09:00:00+00:00,1498.2023114975304,1096.6755963244118,1053.3568592755262,2.3265942517509623,80.23336440861839,165.18827126176348,104.38785908437217,4.792856496993473,-0.37213098201200895,45,0.029990597418673267,0,90,0.22894075403793482,-2.336667891843979,7902.452064120219,20349.61564373552,5.340793372432091,2725.1000286554745,1321.4396303614265,97.58209489910371,4.554849386912862,0,14134,2.4603746563320605,17.253868819625378,4.92192632646529,15.486492061014825
SYNTHETIC_ROCHE_B_0209,LC · ROCHE-DEMO-B,2026-04-12T09:00:00+00:00,2033.155127849359,1117.2556132000227,1054.343261160035,2.1444588548126067,61.07067470836067,223.23319897774934,93.49830898575607,4.713727150824433,-0.3635554967864679,45,0.03312778814532827,0,90,0.5484190147349085,-3.584608325934758,7295.9476783037235,21009.138827910614,5.008665507270507,2617.5164696098745,870.3656858405617,95.2333763810526,4.520011764214476,0,14134,2.471938736507697,16.816914888253848,5.027587153595749,15.432130763011621
SYNTHETIC_ROCHE_B_0210,LC · ROCHE-DEMO-B,2026-04-16T09:00:00+00:00,1671.1401063848912,1493.8143567429534,1051.6406884253847,2.4052309797496934,25.20334596151181,232.54838229552945,128.916538808308,4.864139522021756,-0.47444758378109037,45,0.037699544982269725,0,90,0.3022730120425136,-4.395045617021314,7798.27096622387,20904.683417725144,5.386826135751938,3050.911270721299,1402.4683740278304,106.46697284225029,4.923948403362785,0,14134,2.4217615622526814,17.009449760440294,4.90820256111207,15.361070386167754
SYNTHETIC_ROCHE_B_0211,LC · ROCHE-DEMO-B,2026-04-20T09:00:00+00:00,1858.626642937595,912.2127077232594,1056.6873152749024,2.2464368570366586,34.0695140727155,228.36938625467693,78.80187172938467,4.797867245420824,-0.44158701911374254,45,0.038223715878772054,0,90,0.31811771976475767,-1.99159589162073,7286.217833015863,20777.986954914457,5.01371271868932,2182.8348946626656,1095.6680093350496,89.49928903279013,4.553895036114353,0,14134,2.4467311260527325,16.693682891079487,4.9502459270563195,15.331959689458586
SYNTHETIC_ROCHE_B_0212,LC · ROCHE-DEMO-B,2026-04-24T09:00:00+00:00,1511.6320370405529,1515.9483215771986,1051.6061959149722,2.399303154967598,13.425707887566734,270.67759403582966,164.029234652546,4.892867691696241,-0.5195109603587144,45,0.04408594962645241,0,90,0.20869247952910455,-1.8015581078795648,7621.777747822266,20446.623388597,5.445507978989668,2260.9572617279596,1482.6753328008786,96.44359216113394,5.170885641911919,0,14134,2.391408463474351,17.28731584537716,4.880583303690825,15.392940851893766
SYNTHETIC_ROCHE_B_0213,LC · ROCHE-DEMO-B,2026-04-28T09:00:00+00:00,1674.177707615087,1352.654165846423,1046.0165991137683,2.3569244999799057,31.331187397382173,246.90105291781333,115.55618513974983,4.850162134412897,-0.5113445035779977,45,0.04808417052140838,0,90,0.1853069162299776,-3.2074488096820777,7163.041192259817,20966.755878634274,5.210113743636518,2554.767069269165,1530.7719307205705,94.0454232433228,4.821193384835912,0,14134,2.415065980873129,16.57060274184795,4.927485311680724,15.316593413753125
SYNTHETIC_ROCHE_B_0214,LC · ROCHE-DEMO-B,2026-05-02T09:00:00+00:00,1794.6798273797888,1137.1877173738133,1053.0568029865622,2.236145870874615,48.65363916516549,292.06279844940264,129.00575795553877,4.783801397444396,-0.46368601869927334,45,0.03568953790520291,0,90,0.5586776627453585,-2.4225657396616675,7231.562507251297,20975.067488450208,4.962084012734185,1965.9838075536325,925.3614921589011,119.33948983198604,4.6166886404813665,0,14134,2.442139763667159,16.428949490071048,4.981192596887826,15.32235070461553
SYNTHETIC_ROCHE_B_0215,LC · ROCHE-DEMO-B,2026-05-06T09:00:00+00:00,1535.867576229781,1073.0658455054643,1045.9891969264752,2.2394032425071035,38.377756796344954,232.04413730395999,108.39991173482841,4.77684426556306,-0.4418213456097088,45,0.03658222907204034,0,90,0.5914275013472726,-2.8647817455883477,7307.278820282682,21151.231124895163,4.897826109157198,2939.735798109595,946.7384571572867,99.26169599238219,4.669321735223374,0,14134,2.449840695507099,16.536153910410857,4.9787529009399645,15.33896648838724
SYNTHETIC_ROCHE_B_0216,LC · ROCHE-DEMO-B,2026-05-10T09:00:00+00:00,1806.691346995646,1216.4313629093565,1044.304371255492,2.244179519208964,40.24847309395897,200.6683087711157,114.52538342205403,4.779310889941188,-0.4032756143940606,45,0.035422123916228204,0,90,0.246771326091403,-2.634304300130908,7859.770996182395,20696.908734582557,5.129057181710814,1856.7617983991308,1384.9804500460057,102.68244533188954,4.578410584844341,0,14134,2.459293621612966,16.8615725309119,4.975364200871243,15.375650831856774
SYNTHETIC_ROCHE_B_0217,LC · ROCHE-DEMO-B,2026-05-14T09:00:00+00:00,1647.3604279360914,1368.7135180227936,1043.3340421183034,2.264253859009598,46.01245567230425,215.89399471820107,115.328143367859,4.757087863369262,-0.3905878323462675,45,0.03603460208064153,0,90,0.27230131080876646,-3.919317727804361,7673.392484525446,20856.585557798957,5.21959425951407,2491.1123552619397,1215.2625588871836,94.70702032832621,4.739344889413574,0,14134,2.443061684264691,17.34997634743733,4.967388711448099,15.433630225194385
SYNTHETIC_ROCHE_B_0218,LC · ROCHE-DEMO-B,2026-05-18T09:00:00+00:00,1676.7527346235483,1532.062037483684,1055.9902186891388,2.3316867172335694,71.53467353236134,200.39827846842098,147.1578895208357,4.831302712198817,-0.42565503888737083,45,0.03448683565445384,0,90,-0.06182171176869089,-2.382252840270377,8700.68093379927,20501.271514492386,5.355214464169539,2365.6153422264174,963.7540416433264,103.97274679421234,4.81809919877581,0,14134,2.423231963299753,17.141018831894556,4.892035809622689,15.41992122129254
SYNTHETIC_ROCHE_B_0219,LC · ROCHE-DEMO-B,2026-05-22T09:00:00+00:00,1521.579877823522,1272.515077787977,1041.9949792515888,2.3567856002979197,24.623943506237893,223.22554840582086,134.1583255671409,4.823316411688706,-0.5285604395355061,45,0.047021185391205186,0,90,0.15884471933789215,-2.085773036233554,7193.7974347042455,20929.11696976302,5.215134685858442,2628.5684815392638,1335.1232186984776,92.90936797660397,4.99150426825525,0,14134,2.413016628515608,16.426082724685546,4.951850305105712,15.292678570684245
SYNTHETIC_ROCHE_B_0220,LC · ROCHE-DEMO-B,2026-05-26T09:00:00+00:00,1770.4408706472725,1314.0735710432732,1050.0043819788723,2.3096763366418784,45.6850616162072,243.942332493938,123.48855101452429,4.7957686901678755,-0.5082029263159623,45,0.04452787850749591,0,90,0.6222569531876151,-2.966914259929613,6204.805346423509,21074.871904594474,5.186418015087747,2362.6626296716745,1358.8215504658976,83.45795939959731,4.868605048119683,0,14134,2.4273070863232515,16.29682280583122,4.949648165479201,15.248012854169314
SYNTHETIC_ROCHE_B_0221,LC · ROCHE-DEMO-B,2026-05-30T09:00:00+00:00,1667.5848665790645,1550.4880072384094,1050.8329685695405,2.2779492291828114,49.46107806733393,271.8291662989695,125.29404071773159,4.796549212621247,-0.4194422632516099,45,0.034313711415371546,0,90,0.7801670999562524,-2.3191127497061688,6298.445994687664,20724.423356130763,5.158377970981665,2216.743765972659,1413.5599639116194,95.06757751120466,4.572497913492338,0,14134,2.445870019578737,16.980044622850816,4.933008665256178,15.414038377810336
